Date,Time,Global_active_power,Global_reactive_power,Voltage,Global_intensity,Sub_metering_1,Sub_metering_2,Sub_metering_3,Sub_metering_4
01/01/2026,0:00:00,2.148,0.143,238.33,8.9,0,5.7,9.38,20.72
01/01/2026,0:01:00,1.228,0.219,238.6,5.16,0,0,21.24,0
01/01/2026,0:02:00,1.118,0.21,240.05,4.44,0,0,2.67,15.97
01/01/2026,0:03:00,1.118,0.139,235.19,4.8,0,0,0.12,18.51
01/01/2026,0:04:00,4.607,1.037,237.91,19.34,4.77,0,5.75,66.25
01/01/2026,0:05:00,2.649,0.579,239.83,10.96,0,0,7.44,36.7
01/01/2026,0:06:00,0.875,0.074,237.32,3.52,0,0,3.04,11.55
01/01/2026,0:07:00,2.228,0.514,243.59,9.2,0,0,1.22,35.91
01/01/2026,0:08:00,1.738,0.24,236.12,7.21,1.23,0,2.19,25.54
01/01/2026,0:09:00,0.096,0.019,242.7,0.2,5.32,0,6.4,0
01/01/2026,0:10:00,0.455,0.097,244.41,1.87,0.22,0,4.09,3.28
01/01/2026,0:11:00,1.848,0.279,241.15,7.42,0,0,8.16,22.64
01/01/2026,0:12:00,4.288,0.557,239.59,17.57,5.6,4.63,1.48,59.76
01/01/2026,0:13:00,1.127,0.263,240.74,4.71,0,0,11.07,7.72
01/01/2026,0:14:00,0.806,0.078,238.68,3.35,0,0,1.02,12.42
01/01/2026,0:15:00,1.549,0.157,233.89,6.45,0,0,2.4,23.41
01/01/2026,0:16:00,0.757,0.093,237.06,3.24,0,0,5.37,7.25
01/01/2026,0:17:00,1.055,0.234,239.97,4.48,0,0,8.01,9.57
01/01/2026,0:18:00,1.383,0.329,237.18,5.88,0,0.67,1.86,20.52
01/01/2026,0:19:00,0.428,0.04,238.76,1.83,2.09,0,17.75,0
01/01/2026,0:20:00,2.76,0.615,241.44,11.11,4.27,7.87,7.35,26.51
01/01/2026,0:21:00,0.339,0.034,240.44,1.67,0,0,1.47,4.18
01/01/2026,0:22:00,1.671,0.408,243.18,6.98,0,0,7.76,20.09
01/01/2026,0:23:00,2.592,0.439,240.88,10.57,2.63,2.99,7.15,30.43
01/01/2026,0:24:00,1.634,0.084,241.06,6.78,3.24,0,8.38,15.61
01/01/2026,0:25:00,1.255,0.071,237.86,5.31,0,0,14.85,6.07
01/01/2026,0:26:00,1.045,0.083,236.01,4.42,0,0.77,7.46,9.18
01/01/2026,0:27:00,0.884,0.077,238.76,4.06,0,0,2.6,12.13
01/01/2026,0:28:00,3.266,0.665,237.82,13.34,0,0,9.38,45.05
01/01/2026,0:29:00,1.863,0.176,239.5,7.49,0,0,7.14,23.92
01/01/2026,0:30:00,0.958,0.234,236.8,3.59,0,0,5.12,10.84
01/01/2026,0:31:00,0.693,0.123,242.53,2.87,0,0,2.62,8.93
01/01/2026,0:32:00,2.352,0.443,237.81,10,0,0.89,15.23,23.08
01/01/2026,0:33:00,3.207,0.3,238.91,13.49,1.76,0,4.31,47.37
01/01/2026,0:34:00,2.987,0.683,239.94,12.39,0,0,5.93,43.85
01/01/2026,0:35:00,0.57,0.105,243.37,2.42,0,0,3.22,6.27
01/01/2026,0:36:00,1.036,0.231,245.28,4.17,4.34,0,9.11,3.83
01/01/2026,0:37:00,0.866,0.209,245.48,3.68,0,0,2.5,11.93
01/01/2026,0:38:00,1.173,0.088,236.15,5.19,0,5.59,9.98,3.97
01/01/2026,0:39:00,2.739,0.19,238.88,11.28,0,0,0.69,44.97
01/01/2026,0:40:00,3.996,0.842,238.31,16.71,11.09,0,7.41,48.11
01/01/2026,0:41:00,1.923,0.429,241.11,7.95,8.08,0,3.89,20.08
01/01/2026,0:42:00,0.719,0.12,240.93,3.27,0,0,7.2,4.79
01/01/2026,0:43:00,1.354,0.167,238.25,5.52,1.21,0,4.55,16.81
01/01/2026,0:44:00,4.565,0.824,238.01,19.4,0,0,0.87,75.22
01/01/2026,0:45:00,1.516,0.168,237.01,6.1,5.85,0,3.89,15.53
01/01/2026,0:46:00,1.047,0.102,232.04,4.76,2.44,0,20.04,0
01/01/2026,0:47:00,1.134,0.167,236.11,4.97,0,0,8.44,10.47
01/01/2026,0:48:00,1.916,0.179,242.6,7.87,16.17,0,2.14,13.62
01/01/2026,0:49:00,0.592,0.087,244.39,2.6,0,0,17.31,0
01/01/2026,0:50:00,0.845,0.204,244.04,3.36,0,4.29,9.06,0.73
01/01/2026,0:51:00,2.953,0.644,242.73,11.98,9.25,4.46,2.72,32.79
01/01/2026,0:52:00,1.871,0.446,236.96,8.24,0,0.74,5.55,24.89
01/01/2026,0:53:00,1.53,0.323,236.46,6.36,0,3.63,3.34,18.53
01/01/2026,0:54:00,3.068,0.371,234.57,13.22,0,0,0.61,50.53
01/01/2026,0:55:00,0.673,0.143,238.25,3.05,6.58,2.6,9.84,0
01/01/2026,0:56:00,1.017,0.239,240.26,4.39,2.69,0,1.27,12.98
01/01/2026,0:57:00,1.82,0.436,236.98,7.8,0,0.46,3.68,26.2
01/01/2026,0:58:00,1.766,0.33,241.29,7.46,0,0,7.28,22.16
01/01/2026,0:59:00,0.25,0.023,241.96,1.25,5.02,8.58,16.15,0
01/01/2026,1:00:00,0.922,0.053,238.58,3.93,0,0,0.39,14.99
01/01/2026,1:01:00,1.201,0.095,235.98,5.08,1.02,0,3,16
01/01/2026,1:02:00,1.992,0.484,244.14,7.88,1.68,0,5.72,25.8
01/01/2026,1:03:00,1.761,0.251,240.11,7.4,0,4.38,9.07,15.9
01/01/2026,1:04:00,1.306,0.289,245.82,5.52,0,0,15.22,6.54
01/01/2026,1:05:00,0.095,0.014,240.28,0.2,0,2.43,0,0
01/01/2026,1:06:00,1.366,0.249,240.49,5.63,0,0,5.93,16.84
01/01/2026,1:07:00,1.48,0.081,237.11,6.33,0,0,0.04,24.62
01/01/2026,1:08:00,7.635,0.763,238.73,32.28,11.25,0,9.29,106.71
01/01/2026,1:09:00,1.165,0.16,235.32,4.72,0.53,0,0.97,17.92
01/01/2026,1:10:00,1.828,0.322,235.97,7.91,0,0,13.5,16.97
01/01/2026,1:11:00,3.465,0.292,242.22,14.23,2.08,0,1.01,54.66
01/01/2026,1:12:00,2.618,0.531,239.15,10.81,0,0,8.67,34.97
01/01/2026,1:13:00,4.119,0.506,238.73,17.07,0,0,2.05,66.6
01/01/2026,1:14:00,0.256,0.055,237.78,0.94,0,0,4.89,0
01/01/2026,1:15:00,0.469,0.033,238.84,2.06,20.64,4.59,5.63,0
01/01/2026,1:16:00,0.787,0.146,243.4,3.19,0,0,1.39,11.72
01/01/2026,1:17:00,0.199,0.022,240.43,0.97,0,0,2.13,1.18
01/01/2026,1:18:00,1.491,0.312,236.46,6.08,0,0,0.68,24.16
01/01/2026,1:19:00,0.514,0.067,243.09,2.26,0,2.47,0.03,6.07
01/01/2026,1:20:00,4.523,0.828,245.18,18.54,0,0,1.64,73.74
01/01/2026,1:21:00,0.61,0.145,241.48,2.23,0,0,4.35,5.82
01/01/2026,1:22:00,1.023,0.055,242.67,4.52,0.11,0,7.5,9.43
01/01/2026,1:23:00,2.741,0.143,243.66,11.32,0,1.65,9.47,34.57
01/01/2026,1:24:00,0.334,0.068,235.03,1.57,0,0,0.43,5.13
01/01/2026,1:25:00,0.179,0.032,245.59,0.96,0,0,1.91,1.08
01/01/2026,1:26:00,1.653,0.18,243.3,6.99,2.04,0,8.82,16.69
01/01/2026,1:27:00,1.765,0.263,241.47,7.28,0,0.43,3.93,25.05
01/01/2026,1:28:00,2.678,0.156,239.62,11.32,0.79,0,1.21,42.63
01/01/2026,1:29:00,2.191,0.194,235.99,8.92,2,0,2.99,31.54
01/01/2026,1:30:00,1.821,0.246,239.01,7.7,2.31,0,1.89,26.15
01/01/2026,1:31:00,0.691,0.15,241.35,3.21,6.9,0.58,0.31,3.72
01/01/2026,1:32:00,1.723,0.251,236.69,7.14,0,0,8.65,20.06
01/01/2026,1:33:00,1.815,0.304,239.79,7.75,0,0,2.07,28.19
01/01/2026,1:34:00,0.663,0.149,236.45,3.16,0,0,17.42,0
01/01/2026,1:35:00,5.478,0.612,238.85,23.07,7.26,0,13.14,70.9
01/01/2026,1:36:00,2.108,0.401,235.94,9.14,6.71,0,7.56,20.87
01/01/2026,1:37:00,0.479,0.106,235.63,1.72,3.23,0,2.37,2.37
01/01/2026,1:38:00,2.688,0.243,241.02,10.97,0,2.36,1.97,40.47
01/01/2026,1:39:00,3.057,0.371,238.26,13.12,0,0,3.87,47.08
01/01/2026,1:40:00,2.006,0.493,238.54,8.6,0,0,2.63,30.81
01/01/2026,1:41:00,1.105,0.273,238.1,4.74,0,6.89,13.89,0
01/01/2026,1:42:00,0.633,0.06,248.17,2.5,0,0,0.79,9.75
01/01/2026,1:43:00,1.302,0.082,241.82,5.44,0,0,7.73,13.97
01/01/2026,1:44:00,1.89,0.197,242.14,8.15,0.07,0,5.66,25.77
01/01/2026,1:45:00,1.417,0.184,237.67,5.94,0,2.02,9.85,11.74
01/01/2026,1:46:00,4.255,0.588,241.51,17.76,0,6.64,4.69,59.6
01/01/2026,1:47:00,2.378,0.413,239.32,10.07,0,0,5.96,33.67
01/01/2026,1:48:00,0.557,0.128,237.65,2.21,0,0,19.74,0
01/01/2026,1:49:00,0.42,0.049,245.79,1.59,4.46,0,0.58,1.97
01/01/2026,1:50:00,2.123,0.467,241.72,9.09,0,1.94,0.66,32.78
01/01/2026,1:51:00,1.13,0.078,241.57,4.79,0,0,3,15.83
01/01/2026,1:52:00,2.544,0.149,237.08,10.6,0,0,3.84,38.57
01/01/2026,1:53:00,2.107,0.318,236.19,8.86,11.85,0,1.34,21.94
01/01/2026,1:54:00,1.308,0.081,239.83,5.26,0,0,0.52,21.28
01/01/2026,1:55:00,0.564,0.073,238.28,2.58,0,0,0.13,9.27
01/01/2026,1:56:00,0.211,0.048,241.84,0.82,0,0,8.68,0
01/01/2026,1:57:00,1.696,0.167,242.04,6.96,0,1.3,3.98,22.99
01/01/2026,1:58:00,0.327,0.062,240.2,1.53,0.62,0.4,11.12,0
01/01/2026,1:59:00,0.538,0.059,242.48,1.88,0,0,2.69,6.29
01/01/2026,2:00:00,1.609,0.095,240.58,6.68,0,0,7.29,19.52
01/01/2026,2:01:00,1.477,0.238,237.38,6.22,0,0,4.02,20.59
01/01/2026,2:02:00,0.38,0.082,239.41,1.53,1.11,1.57,5.68,0
01/01/2026,2:03:00,3.325,0.439,180,13.72,0,0.89,2.77,51.75
01/01/2026,2:04:00,3.258,0.565,242.79,13.28,4.72,0,0.51,49.08
01/01/2026,2:05:00,2.179,0.501,240.67,9.11,0,0,17.67,18.65
01/01/2026,2:06:00,2.177,0.453,238.29,8.93,6.07,0,10.85,19.37
01/01/2026,2:07:00,2.179,0.193,242.9,9,3.8,9.92,2.24,20.36
01/01/2026,2:08:00,3.036,0.597,241.14,12.48,0,0,19.12,31.48
01/01/2026,2:09:00,2.425,0.365,244.64,9.82,0,0.12,2.14,38.16
01/01/2026,2:10:00,0.618,0.123,240.26,2.61,0,0.79,3.51,6.01
01/01/2026,2:11:00,1.115,0.166,236.89,4.61,2.46,0,8.44,7.68
01/01/2026,2:12:00,7.053,0.533,243.53,29.22,0,3.57,2.22,111.77
01/01/2026,2:13:00,0.107,0.017,238.27,0.42,0,0,2.35,0
01/01/2026,2:14:00,0.873,0.13,240.89,3.83,0,0,3.17,11.38
01/01/2026,2:15:00,3.339,0.513,240.56,13.73,0,0,3.79,51.86
01/01/2026,2:16:00,0.662,0.15,240.14,2.6,0,0,0.79,10.25
01/01/2026,2:17:00,2.479,0.567,239.49,10.02,0.73,0,0.11,40.47
01/01/2026,2:18:00,1.46,0.205,235.04,6.11,1.74,0,15.09,7.5
01/01/2026,2:19:00,0.714,0.101,236.99,2.97,0,0,2.61,9.28
01/01/2026,2:20:00,1.656,0.253,243.37,6.82,0,3.68,0.64,23.27
01/01/2026,2:21:00,0.604,0.093,241.29,2.64,0,8.01,8.54,0
01/01/2026,2:22:00,1.256,0.302,245.73,5.24,4.5,0,2.1,14.35
01/01/2026,2:23:00,2.162,0.389,236.89,9.35,0,0,1.2,34.83
01/01/2026,2:24:00,2.849,0.301,239.91,11.7,0,0,19.72,27.76
01/01/2026,2:25:00,0.87,0.136,243.49,3.58,0,0,15.2,0
01/01/2026,2:26:00,0.712,0.125,238.3,2.79,2.88,0,0.67,8.32
01/01/2026,2:27:00,0.319,0.057,238.54,1.42,0,0,13.77,0
01/01/2026,2:28:00,2.958,0.494,239.12,12.73,0,0,13.29,36.02
01/01/2026,2:29:00,6.345,0.543,238.66,26.35,0,0,6.04,99.72
01/01/2026,2:30:00,3.21,0.182,241.6,13.42,0,1,4.53,47.97
01/01/2026,2:31:00,3.768,0.443,234.66,16.27,0,0,1.47,61.33
01/01/2026,2:32:00,0.668,0.091,244.93,2.55,0,0,0.78,10.37
01/01/2026,2:33:00,2.058,0.128,237.12,8.76,0,0,5.59,28.7
01/01/2026,2:34:00,2.663,0.567,233.65,11.33,3.22,0,10.35,30.81
01/01/2026,2:35:00,0.448,0.053,239.97,1.84,0,0,7,0.46
01/01/2026,2:36:00,0.079,0.018,238.87,0.25,0,2.18,1.2,0
01/01/2026,2:37:00,0.301,0.024,239.47,1.21,0,9.95,2.06,0
01/01/2026,2:38:00,1.24,0.076,240.94,5.38,0,0,4.74,15.92
01/01/2026,2:39:00,0.879,0.129,241.93,3.62,0,0.22,5.88,8.55
01/01/2026,2:40:00,1.993,0.175,245.06,8.01,4,0,0.45,28.77
01/01/2026,2:41:00,2.941,0.698,237.93,12.38,0,0,5.71,43.31
01/01/2026,2:42:00,1.154,0.06,242.32,4.34,1.03,0,8,10.2
01/01/2026,2:43:00,1.48,0.196,242.13,5.95,0.19,0,1.2,23.28
01/01/2026,2:44:00,0.1,0.023,232.08,0.68,0,0,1.7,0
01/01/2026,2:45:00,3.802,0.482,237.5,15.98,24.62,8.4,1.8,28.55
01/01/2026,2:46:00,2.492,0.171,236.14,10.46,0,0,16.86,24.68
01/01/2026,2:47:00,1.494,0.165,241.34,6.23,0,0,3.14,21.76
01/01/2026,2:48:00,0.859,0.129,241.01,3.71,9.21,0,4.54,0.58
01/01/2026,2:49:00,1.687,0.147,241.07,7.26,0,0,7.73,20.38
01/01/2026,2:50:00,0.738,0.106,239.08,3,0,0,2.79,9.52
01/01/2026,2:51:00,0.988,0.215,239.39,4.04,0,0,0.67,15.8
01/01/2026,2:52:00,1.924,0.432,239.91,7.97,0,0,6.37,25.69
01/01/2026,2:53:00,2.297,0.137,238.8,9.82,0,0,6.6,31.68
01/01/2026,2:54:00,2.244,0.184,242.33,9.27,9.86,0,1.81,25.73
01/01/2026,2:55:00,0.667,0.07,236.79,3.25,0,0,0.22,10.89
01/01/2026,2:56:00,0.126,0.021,237.65,0.5,7.77,0,6.57,0
01/01/2026,2:57:00,0.339,0.041,240.36,1.76,0,0,7.29,0
01/01/2026,2:58:00,4.531,0.991,238.9,18.79,0,0,0.16,75.36
01/01/2026,2:59:00,0.904,0.175,236.67,3.54,0,0,7.09,7.98
01/01/2026,3:00:00,1.416,0.099,241.6,5.84,0,0,16.77,6.82
01/01/2026,3:01:00,2.986,0.522,238.28,12.76,0,0,1.18,48.59
01/01/2026,3:02:00,1.112,0.081,237.47,4.59,0.52,0,4.42,13.6
01/01/2026,3:03:00,2.824,0.285,239.48,11.67,0,7.7,7.16,32.21
01/01/2026,3:04:00,1.077,0.092,237.32,4.74,0,5.02,1.57,11.37
01/01/2026,3:05:00,0.746,0.063,239.9,3.25,0,0,8.36,4.08
01/01/2026,3:06:00,5.629,0.975,238.92,23.4,0,0,12.15,81.67
01/01/2026,3:07:00,3.284,0.534,238.46,13.6,0,0,10.11,44.63
01/01/2026,3:08:00,3.614,0.308,238.48,15.32,0,0,1.8,58.44
01/01/2026,3:09:00,0.351,0.087,242.99,1.12,1.56,0,9.78,0
01/01/2026,3:10:00,0.675,0.091,241.11,3.02,9.2,0,3.2,0
01/01/2026,3:11:00,1.389,0.096,234.87,6.05,0,0,1.86,21.28
01/01/2026,3:12:00,1.036,0.077,242.65,3.81,0,0,1.1,16.17
01/01/2026,3:13:00,2.722,0.454,241.55,11.27,0,0.65,14.38,30.33
01/01/2026,3:14:00,2.356,0.579,241.37,9.36,0.21,0,3.34,35.72
01/01/2026,3:15:00,4.001,0.658,242.66,16.25,2.29,0,12.05,52.34
01/01/2026,3:16:00,0.91,0.218,240.05,3.69,1.53,3.06,1.04,9.53
01/01/2026,3:17:00,1.681,0.233,241.86,6.7,0,0,8.74,19.28
01/01/2026,3:18:00,3.493,0.479,238.61,15.08,0,0.68,0.7,56.83
01/01/2026,3:19:00,0.868,0.13,242.54,3.75,0,0,0.11,14.36
01/01/2026,3:20:00,0.703,0.133,240.65,3.2,6.53,0.71,31.85,0
01/01/2026,3:21:00,4.006,0.495,235.87,16.96,4.56,8.35,0.46,53.41
01/01/2026,3:22:00,4.58,1.02,243.11,18.85,0,0,3.71,72.62
01/01/2026,3:23:00,1.044,0.058,239.61,4.67,0.79,2.04,12.64,1.92
01/01/2026,3:24:00,1.394,0.192,239.2,5.92,0.31,0,10.27,12.66
01/01/2026,3:25:00,3.778,0.575,238.67,15.95,0,0,3.82,59.15
01/01/2026,3:26:00,2.656,0.455,238.89,10.93,0.01,0,5.66,38.59
01/01/2026,3:27:00,0.238,0.025,240.69,0.81,0,0,5.96,0
01/01/2026,3:28:00,0.566,0.077,237.04,2.44,0,0,0.7,8.74
01/01/2026,3:29:00,1.492,0.219,235.29,6.42,0,0,2.01,22.86
01/01/2026,3:30:00,3.101,0.581,236.81,12.89,0,0,2.15,49.53
01/01/2026,3:31:00,2.108,0.432,241.15,8.81,2.35,0,2.85,29.93
01/01/2026,3:32:00,1.472,0.291,239.51,5.9,0,9.1,1.92,13.51
01/01/2026,3:33:00,0.911,0.108,243.34,3.75,0,0,1.74,13.45
01/01/2026,3:34:00,5.459,1.364,239.81,22.48,0,0,2.63,88.36
01/01/2026,3:35:00,1.261,0.277,242.53,5.47,0,0,2.86,18.16
01/01/2026,3:36:00,3.085,0.315,237.92,12.9,0,0.19,4.01,47.21
01/01/2026,3:37:00,1.205,0.107,238.69,4.91,0,0,1.14,18.95
01/01/2026,3:38:00,0.276,0.031,240.03,0.92,0,0,9.32,0
01/01/2026,3:39:00,1.924,0.27,239.56,7.78,0.52,0,11.83,19.73
01/01/2026,3:40:00,2.599,0.572,239.28,10.95,1.34,0,1.71,40.26
01/01/2026,3:41:00,4.319,0.888,237.38,18.39,0,0,0.79,71.19
01/01/2026,3:42:00,1.307,0.288,235.24,5.74,0.18,0,7.69,13.91
01/01/2026,3:43:00,1.065,0.111,241.89,4.68,0.76,0,15.48,1.51
01/01/2026,3:44:00,1.819,0.307,241.56,7.88,0,0,0.21,30.1
01/01/2026,3:45:00,0.405,0.043,238.16,1.89,0,0,0.09,6.66
01/01/2026,3:46:00,1.789,0.128,241.14,7.32,8.06,0,1.22,20.54
01/01/2026,3:47:00,1.793,0.335,239.5,7.52,0,0,6.93,22.96
01/01/2026,3:48:00,1.264,0.099,243.32,4.74,0,0,20.08,0.99
01/01/2026,3:49:00,1.329,0.244,236.06,5.76,0.66,0,8.33,13.17
01/01/2026,3:50:00,4.428,0.795,239.62,18.51,0,0,5.11,68.7
01/01/2026,3:51:00,1.845,0.391,239.38,8.03,8.16,0,7.23,15.36
01/01/2026,3:52:00,1.032,0.08,240.48,4.14,0,0,1.57,15.63
01/01/2026,3:53:00,0.27,0.056,244.61,1.21,0,0,7,0
01/01/2026,3:54:00,2.215,0.553,239.63,9.04,0,0,2.33,34.59
01/01/2026,3:55:00,0.578,0.127,242.23,2.36,0,4.6,1.51,3.52
01/01/2026,3:56:00,1.042,0.209,239.56,4.02,8.82,0,1.62,6.93
01/01/2026,3:57:00,1.554,0.284,243.21,6.66,0,0.97,6.61,18.32
01/01/2026,3:58:00,4.527,0.608,242.26,18.9,5.71,0,8.75,60.99
01/01/2026,3:59:00,3.197,0.627,239,13.28,0,0,5.23,48.05
01/01/2026,4:00:00,1.626,0.317,238.78,6.86,0,0,0.4,26.71
01/01/2026,4:01:00,4.353,0.767,241.46,18.03,3.36,0,0.23,68.96
01/01/2026,4:02:00,2.874,0.601,238.03,11.95,0,0,1.47,46.43
01/01/2026,4:03:00,0.142,0.02,240.57,0.61,6.68,0.81,2.03,0
01/01/2026,4:04:00,4.231,0.314,238.93,17.62,0,0,3.11,67.4
01/01/2026,4:05:00,1.676,0.271,241.1,7.15,9.23,0,0.47,18.23
01/01/2026,4:06:00,0.05,0.005,239.52,0.2,0,0.38,7.75,0
01/01/2026,4:07:00,3.097,0.393,237.92,13.49,0.07,0,7.46,44.08
01/01/2026,4:08:00,1.874,0.1,243.32,7.69,1.5,0,2.55,27.17
01/01/2026,4:09:00,1.381,0.175,240.72,5.76,0,2.38,4.97,15.67
01/01/2026,4:10:00,2.707,0.573,239.84,11.39,0,0,0.64,44.47
01/01/2026,4:11:00,1.392,0.221,241.26,5.94,0,0,3.22,19.98
01/01/2026,4:12:00,1.99,0.103,234.99,8.49,0,0,11.69,21.48
01/01/2026,4:13:00,1.247,0.179,246.27,5.16,0,0,6.48,14.29
01/01/2026,4:14:00,1.305,0.141,240.07,5.47,0,0,0.66,21.09
01/01/2026,4:15:00,0.403,0.059,234.11,1.56,0,0,11.29,0
01/01/2026,4:16:00,2.132,0.279,243.59,8.54,0,0,6.85,28.68
01/01/2026,4:17:00,6.11,1.444,237.75,25.84,8.25,0,3.62,89.97
01/01/2026,4:18:00,1.026,0.06,243.13,4.52,5.87,0.32,7.07,3.84
01/01/2026,4:19:00,0.587,0.11,240.36,2.11,0.59,2.81,1.14,5.23
01/01/2026,4:20:00,0.793,0.175,235.29,3.08,0,0,4.8,8.42
01/01/2026,4:21:00,0.242,0.059,240.78,0.72,0,0,5.77,0
01/01/2026,4:22:00,1.166,0.1,240.56,5,0,0,15.77,3.67
01/01/2026,4:23:00,1.272,0.199,243.46,5.4,7.86,0,0.42,12.92
01/01/2026,4:24:00,1.455,0.085,241.57,5.83,0,1.15,2.82,20.29
01/01/2026,4:25:00,2.819,0.422,236.28,12.37,0,0.81,16.57,29.6
01/01/2026,4:26:00,0.74,0.056,243.01,2.97,0,0,1.47,10.86
01/01/2026,4:27:00,0.804,0.175,238.76,3.65,0,0,10.07,3.33
01/01/2026,4:28:00,0.335,0.024,245.16,1.53,0,0,0.01,5.58
01/01/2026,4:29:00,0.735,0.112,238.94,2.88,0,0,0.16,12.09
01/01/2026,4:30:00,0.047,0.007,239.37,0.2,0,0,2.38,0
01/01/2026,4:31:00,2.819,0.689,237.53,11.69,0,0,8.78,38.2
01/01/2026,4:32:00,0.47,0.085,238.5,1.7,0,8.94,0.66,0
01/01/2026,4:33:00,0.48,0.052,237.71,1.97,0,0,2.9,5.11
01/01/2026,4:34:00,1.506,0.148,243.53,5.94,12.83,0,0.85,11.41
01/01/2026,4:35:00,0.59,0.045,236.01,2.47,0,0,1.52,8.32
01/01/2026,4:36:00,0.524,0.106,242.41,2.55,0,6.93,4.19,0
01/01/2026,4:37:00,0.426,0.08,242.49,1.9,4.2,0,2.31,0.58
01/01/2026,4:38:00,0.712,0.122,244.13,2.8,3.75,0,1.43,6.68
01/01/2026,4:39:00,1.702,0.099,240.13,6.96,0,1.39,3,23.98
01/01/2026,4:40:00,2.943,0.596,236.92,12.34,0,0,7.24,41.8
01/01/2026,4:41:00,0.545,0.097,239.48,2.69,11.97,0,0.76,0
01/01/2026,4:42:00,1.396,0.339,241.78,5.55,0,0,3.92,19.34
01/01/2026,4:43:00,0.903,0.151,240.25,3.76,3.76,0,1.93,9.37
01/01/2026,4:44:00,4.615,0.511,241.1,19.23,0,0,2.85,74.06
01/01/2026,4:45:00,4.1,0.518,244.1,17.04,0.35,0,10.34,57.65
01/01/2026,4:46:00,0.296,0.025,241.75,1.16,0,0,15.93,0
01/01/2026,4:47:00,1.436,0.279,240.6,5.78,3.59,0,1.67,18.67
01/01/2026,4:48:00,1.572,0.301,234.47,6.76,0,0,5.97,20.23
01/01/2026,4:49:00,0.886,0.08,237.65,3.99,7.39,0.26,6.77,0.34
01/01/2026,4:50:00,0.735,0.06,238.79,3.02,0,0,11.09,1.17
01/01/2026,4:51:00,0.577,0.038,234.07,2.3,0,0,13.76,0
01/01/2026,4:52:00,0.806,0.187,236.67,3.43,0,0,3.79,9.64
01/01/2026,4:53:00,2.488,0.24,239.19,10.08,1.5,0,24.3,15.67
01/01/2026,4:54:00,1.969,0.234,239.68,8.17,0,0,21.21,11.61
01/01/2026,4:55:00,1.293,0.137,241.52,5.59,0,0,4.24,17.31
01/01/2026,4:56:00,0.656,0.087,239.38,2.91,0,0,4.69,6.24
01/01/2026,4:57:00,0.817,0.158,240.74,3.36,0.5,4.52,6.61,1.98
01/01/2026,4:58:00,6.07,1.36,238.75,25.75,0,0,2.81,98.35
01/01/2026,4:59:00,4.723,0.409,240.13,20.05,0,0.53,6.51,71.68
01/01/2026,5:00:00,0.788,0.148,241.35,3.4,4.98,0,4.33,3.83
01/01/2026,5:01:00,0.461,0.056,244.42,1.59,1.9,0,0.22,5.57
01/01/2026,5:02:00,0.886,0.218,238.46,3.34,0,0,11.49,3.27
01/01/2026,5:03:00,1.039,0.114,240.43,4.6,0,0,16.93,0.39
01/01/2026,5:04:00,0.382,0.02,242.61,1.62,0,0,0.16,6.2
01/01/2026,5:05:00,1.776,0.272,235.68,7.86,0,0,9.34,20.27
01/01/2026,5:06:00,1.216,0.097,245.99,4.68,0,0,2.92,17.34
01/01/2026,5:07:00,0.935,0.055,243.54,3.81,0,0,5.29,10.31
01/01/2026,5:08:00,0.756,0.143,234.87,3.42,25.7,0,4.16,0
01/01/2026,5:09:00,2.635,0.518,241.11,10.78,0,0,4.81,39.1
01/01/2026,5:10:00,0.656,0.093,238.31,2.96,6.38,0,4.1,0.45
01/01/2026,5:11:00,7.517,1.394,238.81,31.45,0,0,11.52,113.77
01/01/2026,5:12:00,1.632,0.257,241.05,6.77,0,1.78,6.9,18.51
01/01/2026,5:13:00,1.519,0.267,243.15,6.01,0,0,3.19,22.13
01/01/2026,5:14:00,2.133,0.361,238.6,8.99,11.56,0,7,16.99
01/01/2026,5:15:00,4.609,0.844,238.64,19.75,0,0,20.12,56.7
01/01/2026,5:16:00,0.762,0.069,241.12,3.24,0,0,0.5,12.2
01/01/2026,5:17:00,2.309,0.24,241.72,9.4,0,0,2.95,35.54
01/01/2026,5:18:00,2.229,0.308,236.98,9.69,0,0,12.26,24.89
01/01/2026,5:19:00,3.215,0.448,245.17,12.96,0,0,8.06,45.53
01/01/2026,5:20:00,1.078,0.221,238.07,4.87,1.34,0,16.39,0.24
01/01/2026,5:21:00,3.022,0.373,242.89,12.19,7.65,0,0.24,42.48
01/01/2026,5:22:00,0.694,0.057,241.36,2.93,0,0,11.92,0
01/01/2026,5:23:00,0.188,0.019,241.82,1.08,3.36,0,9.42,0
01/01/2026,5:24:00,1.421,0.132,238.13,5.79,0,0,10.13,13.56
01/01/2026,5:25:00,2.904,0.57,234.83,12.39,5.84,0,5.46,37.12
01/01/2026,5:26:00,1.528,0.22,239.94,6.6,0,0,0.32,25.14
01/01/2026,5:27:00,1.625,0.312,239.95,6.32,4.41,0,4.65,18.03
01/01/2026,5:28:00,2.274,0.303,237.13,9.78,0.02,0,3.14,34.75
01/01/2026,5:29:00,2.169,0.495,242.75,8.92,1.54,0,4.49,30.12
01/01/2026,5:30:00,3.719,0.917,239.85,15.79,0,0,8.09,53.89
01/01/2026,5:31:00,0.859,0.158,237.57,3.45,0,2.79,5.44,6.08
01/01/2026,5:32:00,1.991,0.444,241.76,7.96,0.68,0,2.08,30.44
01/01/2026,5:33:00,4.41,0.669,241.83,18.13,0.93,0,5.49,67.09
01/01/2026,5:34:00,1.988,0.471,237.85,8.25,0,0,0.52,32.62
01/01/2026,5:35:00,3.818,0.826,243.7,15.63,0,12.22,0.03,51.39
01/01/2026,5:36:00,0.899,0.223,246.73,3.55,0,0,3.08,11.91
01/01/2026,5:37:00,3.058,0.534,236.73,12.51,0,0,8.49,42.47
01/01/2026,5:38:00,3.079,0.634,239.45,12.84,21.66,0,10.38,19.27
01/01/2026,5:39:00,0.171,0.027,241.01,0.76,2.18,0,4.79,0
01/01/2026,5:40:00,1.797,0.183,246.84,7.24,0,0,12.15,17.79
01/01/2026,5:41:00,1.633,0.198,237.8,6.92,11.75,0,0.81,14.66
01/01/2026,5:42:00,2.786,0.638,237.18,11.76,0,0,19.96,26.48
01/01/2026,5:43:00,1.647,0.101,237.16,6.67,0,4.86,15.29,7.31
01/01/2026,5:44:00,8.382,1.411,243.66,34.34,0,1.39,5.49,132.82
01/01/2026,5:45:00,5.213,0.649,237.88,21.94,1.75,0,0.36,84.78
01/01/2026,5:46:00,2.313,0.295,237.45,9.69,25.75,0,3.63,9.16
01/01/2026,5:47:00,1.75,0.397,240.69,6.97,0,2.64,1.19,25.34
01/01/2026,5:48:00,0.381,0.084,240.92,1.83,0,4.42,5.94,0
01/01/2026,5:49:00,1.652,0.28,243.21,6.6,0,0.47,1.26,25.8
01/01/2026,5:50:00,1.534,0.16,240.28,6.14,0,0,3.94,21.62
01/01/2026,5:51:00,7.942,1.152,240.75,33,0,0,1.38,130.98
01/01/2026,5:52:00,2.195,0.289,239.68,9.09,0,0,1.2,35.38
01/01/2026,5:53:00,3.298,0.398,236.09,14.09,1.27,3.86,1.71,48.12
01/01/2026,5:54:00,0.772,0.054,239.4,3.4,0,0,0.18,12.69
01/01/2026,5:55:00,2.821,0.447,240.19,11.89,0,0,7.56,39.46
01/01/2026,5:56:00,0.032,0.004,238.67,0.2,0,0,2.2,0
01/01/2026,5:57:00,3.776,0.688,235.31,16.16,0,0,7.19,55.75
01/01/2026,5:58:00,0.585,0.067,236.6,2.16,0,10.09,6.36,0
01/01/2026,5:59:00,0.389,0.053,239.88,1.84,0,0,0.41,6.08
01/01/2026,6:00:00,1.216,0.074,242.8,4.93,0,0,2.24,18.02
01/01/2026,6:01:00,2.723,0.677,245.05,11.51,11.11,9.58,5.02,19.67
01/01/2026,6:02:00,1.206,0.183,239.45,5.26,0,0,15.04,5.06
01/01/2026,6:03:00,0.452,0.025,237.85,1.86,0,2.19,3.08,2.27
01/01/2026,6:04:00,2.182,0.345,238.88,9.14,3.66,0,4.22,28.5
01/01/2026,6:05:00,1.197,0.268,236.86,5.29,0,0,8.32,11.63
01/01/2026,6:06:00,0.693,0.142,242.36,2.41,0,0,9.76,1.79
01/01/2026,6:07:00,1.603,0.305,246.41,6.47,0,0,15.41,11.3
01/01/2026,6:08:00,1.256,0.098,237.92,5.62,0,0,4.13,16.81
01/01/2026,6:09:00,1.611,0.292,236.42,6.98,0,0.13,1.29,25.42
01/01/2026,6:10:00,8.071,1.641,243.02,33.04,0,0,8.67,125.85
01/01/2026,6:11:00,0.399,0.066,240.95,1.72,5.38,0,0.81,0.47
01/01/2026,6:12:00,4.081,0.933,241,16.74,10.41,5.69,3.25,48.67
01/01/2026,6:13:00,0.361,0.038,244.76,1.41,0,0,5.94,0.08
01/01/2026,6:14:00,1.681,0.165,235.9,7.19,0,0,7.06,20.95
01/01/2026,6:15:00,1.215,0.272,235.82,5.25,0,0,7.92,12.32
01/01/2026,6:16:00,2.202,0.385,239.51,9.34,0,0,1.29,35.4
01/01/2026,6:17:00,0.981,0.049,240.19,4.33,0,0,23.99,0
01/01/2026,6:18:00,1.312,0.158,238.94,5.25,0,18.49,1.18,2.2
01/01/2026,6:19:00,1.288,0.285,247.38,5.21,0,0,0.61,20.85
01/01/2026,6:20:00,1.439,0.08,239.07,5.85,0,0,6.54,17.44
01/01/2026,6:21:00,1.532,0.078,238.35,6.35,0,0,14.45,11.08
01/01/2026,6:22:00,1.238,0.132,240.37,5,0,0,4.92,15.71
01/01/2026,6:23:00,0.993,0.231,242.91,4.19,0,0,5.43,11.12
01/01/2026,6:24:00,1.123,0.259,237.82,4.93,0,0,4.64,14.08
01/01/2026,6:25:00,1.727,0.265,239.56,7.43,0,13.32,0.26,15.19
01/01/2026,6:26:00,1.754,0.282,243,7,0,0,6.86,22.37
01/01/2026,6:27:00,0.709,0.083,243.16,2.89,0,0,2.66,9.16
01/01/2026,6:28:00,0.503,0.05,240.65,1.86,0,14.7,16.46,0
01/01/2026,6:29:00,0.159,0.034,247.26,0.41,0,0,1.24,1.42
01/01/2026,6:30:00,5.159,0.368,245.94,20.84,0,0,2.16,83.83
01/01/2026,6:31:00,0.329,0.048,235.78,1.46,3.98,0,4.22,0
01/01/2026,6:32:00,0.586,0.104,234.92,2.6,0,0,3.89,5.88
01/01/2026,6:33:00,2.627,0.186,242.39,10.97,0,0,3.07,40.71
01/01/2026,6:34:00,0.251,0.039,244.1,1.15,0,0,2.26,1.92
01/01/2026,6:35:00,0.806,0.133,239.33,3.2,0,0,0.96,12.48
01/01/2026,6:36:00,3.075,0.61,238.49,13.13,0,0,10.32,40.93
01/01/2026,6:37:00,1.36,0.132,237.54,5.89,4.05,4.08,3.57,10.97
01/01/2026,6:38:00,6.463,0.702,236.5,27.25,0.5,0,5.11,102.12
01/01/2026,6:39:00,2.465,0.404,243.41,10.05,0,1.45,4.75,34.88
01/01/2026,6:40:00,0.306,0.075,238.86,1.15,0,0,5.14,0
01/01/2026,6:41:00,1.535,0.144,240.91,6.11,0,0,7.32,18.26
01/01/2026,6:42:00,0.172,0.043,234.52,0.87,0,0,5.96,0
01/01/2026,6:43:00,2.244,0.433,243.01,9.4,2.43,0,1.92,33.05
01/01/2026,6:44:00,0.876,0.188,241.76,3.44,0,0,4.84,9.75
01/01/2026,6:45:00,2.2,0.149,235.97,9.08,0,0,1.68,34.99
01/01/2026,6:46:00,4.726,0.52,240.78,19.44,0,3.05,5.33,70.38
01/01/2026,6:47:00,4.582,0.282,240.01,19.11,0,0,3.39,72.97
01/01/2026,6:48:00,1.205,0.15,238.65,4.77,2.48,2.72,0.24,14.65
01/01/2026,6:49:00,2.727,0.672,231.29,12.02,0.29,0,7.95,37.22
01/01/2026,6:50:00,0.996,0.071,238.02,4.4,0.56,0,1.93,14.1
01/01/2026,6:51:00,1.673,0.272,240.91,7.03,0,0.52,15.17,12.2
01/01/2026,6:52:00,0.208,0.011,238.35,1.03,0,0.17,1.98,1.33
01/01/2026,6:53:00,0.599,0.115,239.33,2.52,10.36,0,34.14,0
01/01/2026,6:54:00,2.284,0.204,244.49,9.43,21.47,0,3.73,12.86
01/01/2026,6:55:00,0.135,0.01,239.77,0.3,0,0,0.16,2.09
01/01/2026,6:56:00,1.527,0.179,233.71,6.81,6.54,0,0.48,18.43
01/01/2026,6:57:00,1.645,0.336,239.45,6.77,0,0,0.51,26.9
01/01/2026,6:58:00,2.344,0.167,240.3,9.73,0,0,0.35,38.73
01/01/2026,6:59:00,0.21,0.02,237.52,1.38,0,0,1.87,1.63
01/01/2026,7:00:00,0.153,0.008,242.2,0.59,0,0,2.35,0.2
01/01/2026,7:01:00,3.109,0.758,235.61,13.34,0.84,0,0.71,50.27
01/01/2026,7:02:00,1.646,0.277,239.59,6.97,0,0,3.46,23.98
01/01/2026,7:03:00,1.009,0.196,235.58,4.02,4.38,3.64,2.73,6.07
01/01/2026,7:04:00,0.196,0.035,239.11,0.62,0,0,6.07,0
01/01/2026,7:05:00,0.943,0.074,242.12,4.3,0,0,1.31,14.4
01/01/2026,7:06:00,0.41,0.069,239.51,1.83,4.73,0,14.72,0
01/01/2026,7:07:00,2.983,0.228,239.34,12.46,0,0,4.35,45.37
01/01/2026,7:08:00,0.292,0.038,240.08,1.11,0.03,0,5.86,0
01/01/2026,7:09:00,1.127,0.185,240.23,4.75,0,0,0.24,18.54
01/01/2026,7:10:00,2.748,0.445,242.08,11.43,0,0,4.91,40.88
01/01/2026,7:11:00,2.365,0.175,242.1,9.81,0,0,2.75,36.66
01/01/2026,7:12:00,0.89,0.051,244.27,3.86,2.41,14.19,15.48,0
01/01/2026,7:13:00,2.391,0.501,240.5,9.77,0,1.04,13.01,25.8
01/01/2026,7:14:00,2.751,0.537,235.02,11.51,0,0,6.09,39.77
01/01/2026,7:15:00,1.581,0.105,242.57,6.73,5.39,0,8.76,12.19
01/01/2026,7:16:00,2.062,0.156,244.05,8.87,0,0,6.21,28.17
01/01/2026,7:17:00,1.141,0.261,247.39,4.78,26.7,0,0.1,0
01/01/2026,7:18:00,3.433,0.7,244.36,14.31,0,0,7.29,49.92
01/01/2026,7:19:00,1.298,0.324,238.53,5.43,0,0,1.17,20.47
01/01/2026,7:20:00,0.254,0.026,240.56,1.11,0,0,6.89,0
01/01/2026,7:21:00,2.155,0.318,239.19,9.06,0,0,0.06,35.85
01/01/2026,7:22:00,0.437,0.043,238.78,1.82,0,0,2.23,5.05
01/01/2026,7:23:00,3.795,0.663,239.66,16.12,0,0,4.37,58.89
01/01/2026,7:24:00,2.006,0.147,243.86,8.45,0,0,2.43,31
01/01/2026,7:25:00,0.093,0.007,235.23,0.31,0,0,7.1,0
01/01/2026,7:26:00,2.853,0.184,236.99,11.71,0,0,4.44,43.11
01/01/2026,7:27:00,1.8,0.34,243.66,7.37,0,0,19.26,10.73
01/01/2026,7:28:00,2.543,0.378,244.36,10.18,0,0,2.66,39.73
01/01/2026,7:29:00,1.462,0.254,238.02,6.15,9.07,0.69,7.68,6.93
01/01/2026,7:30:00,3.659,0.826,244.95,14.72,0,0,10.84,50.14
01/01/2026,7:31:00,0.688,0.136,242.93,3.08,0,0,1.76,9.71
01/01/2026,7:32:00,2.963,0.422,239.2,12.52,0,0,8.42,40.96
01/01/2026,7:33:00,1.847,0.456,232.69,8.07,0,0,3,27.79
01/01/2026,7:34:00,0.156,0.022,235,0.88,0,0,0.83,1.77
01/01/2026,7:35:00,0.134,0.01,238.03,0.64,5.73,0,0.02,0
01/01/2026,7:36:00,12.5,0.26,242.28,4.43,0.67,0,8.17,8.59
01/01/2026,7:37:00,0.595,0.032,242.29,2.74,2.19,0,1.24,6.49
01/01/2026,7:38:00,0.092,0.015,238.6,0.36,0,0,0.32,1.21
01/01/2026,7:39:00,0.346,0.039,239.31,1.57,0,0,4.13,1.64
01/01/2026,7:40:00,1.196,0.18,239.9,4.77,3.4,0,2.55,13.98
01/01/2026,7:41:00,0.579,0.094,239.34,2.44,0,0,7.06,2.59
01/01/2026,7:42:00,7.035,0.69,240.49,29.7,5.56,0,0.68,111
01/01/2026,7:43:00,0.704,0.114,239.91,3.1,0,0,0.85,10.88
01/01/2026,7:44:00,3.523,0.709,234.98,14.98,10.05,3.08,3.11,42.48
01/01/2026,7:45:00,4.728,0.488,239.38,19.8,2.49,3.4,4.41,68.49
01/01/2026,7:46:00,0.831,0.105,239.93,3.46,0,0,10.43,3.41
01/01/2026,7:47:00,0.758,0.079,242.97,3.17,0,0.66,5.29,6.69
01/01/2026,7:48:00,0.851,0.182,237.51,3.5,0,0,13.97,0.2
01/01/2026,7:49:00,1.193,0.233,240.61,5.06,17.23,0,1.47,1.18
01/01/2026,7:50:00,0.97,0.217,241.69,4.12,10.02,0,5.44,0.7
01/01/2026,7:51:00,0.363,0.031,239.55,1.52,0,0,6.39,0
01/01/2026,7:52:00,1.894,0.123,234.74,8.1,0,4.41,7.76,19.39
01/01/2026,7:53:00,0.966,0.071,243.03,4.04,6.33,7.77,26.87,0
01/01/2026,7:54:00,7.217,0.593,242.24,29.69,0,0,3.79,116.5
01/01/2026,7:55:00,3.001,0.47,240.69,12.57,9.97,3.3,2.77,33.99
01/01/2026,7:56:00,0.981,0.239,240.12,4.24,5.86,0,11.47,0
01/01/2026,7:57:00,2.301,0.279,234.66,10.1,5.37,0,1.17,31.82
01/01/2026,7:58:00,2.229,0.539,242.32,9.26,0,0,0.23,36.93
01/01/2026,7:59:00,3.327,0.192,244.46,13.5,0,0,3.52,51.93
01/01/2026,8:00:00,0.137,0.032,236.66,0.56,0,0,1.7,0.57
01/01/2026,8:01:00,0.321,0.028,244.04,1.09,6.61,4.29,3.03,0
01/01/2026,8:02:00,0.568,0.132,243.39,2.48,0,0,25.65,0
01/01/2026,8:03:00,1.389,0.085,236.57,5.46,0,0,2.57,20.58
01/01/2026,8:04:00,0.548,0.131,238.82,2.5,0,0,7.39,1.75
01/01/2026,8:05:00,0.857,0.077,235.81,3.86,0,0,1.73,12.55
01/01/2026,8:06:00,3.236,0.358,239.8,12.91,6.67,0,2.17,45.1
01/01/2026,8:07:00,2.301,0.341,241.34,9.79,6.8,0,1.67,29.88
01/01/2026,8:08:00,0.984,0.124,236.04,4.37,0,0,5.09,11.31
01/01/2026,8:09:00,2.755,0.506,241.16,11.37,0,1.5,1.54,42.89
01/01/2026,8:10:00,2.166,0.531,241.92,8.71,1.73,0,7.6,26.76
01/01/2026,8:11:00,4.064,0.696,241.96,16.63,0,0,6.84,60.9
01/01/2026,8:12:00,2.42,0.47,241.36,9.88,0,0,3.28,37.06
01/01/2026,8:13:00,1.194,0.081,236.31,5.32,0,0,0.16,19.75
01/01/2026,8:14:00,1.599,0.281,239.64,6.58,0,0,0.14,26.51
01/01/2026,8:15:00,1.934,0.272,241.06,8.21,0,0,4.57,27.67
01/01/2026,8:16:00,0.95,0.216,244.38,3.86,0,0,10.97,4.86
01/01/2026,8:17:00,1.663,0.212,240.01,6.94,0,0,5.48,22.23
01/01/2026,8:18:00,1.461,0.272,241.28,5.74,0,0,3.43,20.92
01/01/2026,8:19:00,2.414,0.231,237.2,9.95,0,2.61,12.83,24.8
01/01/2026,8:20:00,6.492,0.661,236.54,27.71,6.86,0,1.32,100.03
01/01/2026,8:21:00,1.749,0.219,236.15,7.37,0,0,2.67,26.47
01/01/2026,8:22:00,4.601,0.51,238.74,19.33,0,0,5,71.69
01/01/2026,8:23:00,2.345,0.236,246.19,9.89,0,6.74,2.07,30.27
01/01/2026,8:24:00,1.656,0.099,238.79,6.91,2.95,0,36.48,0
01/01/2026,8:25:00,0.897,0.195,241.09,3.69,0,0,3.61,11.34
01/01/2026,8:26:00,1.667,0.105,241.67,7.14,3.09,0,0.32,24.38
01/01/2026,8:27:00,1.58,0.359,236.73,6.67,0,0,1.16,25.16
01/01/2026,8:28:00,0.674,0.051,238.69,2.89,0,0,4.56,6.68
01/01/2026,8:29:00,0.793,0.05,241.87,3.48,0,0,4.79,8.43
01/01/2026,8:30:00,1.948,0.317,241.28,8.07,0,4.14,24.87,3.46
01/01/2026,8:31:00,4.567,0.687,234.02,19.67,0,2.93,5.5,67.7
01/01/2026,8:32:00,1.316,0.195,241.78,5.42,0,0,6.59,15.35
01/01/2026,8:33:00,0.237,0.039,238.35,1.19,0,0,1.44,2.51
01/01/2026,8:34:00,0.45,0.048,238.43,1.97,0,0,0.68,6.82
01/01/2026,8:35:00,2.533,0.463,241.21,10.46,6.28,0,5.53,30.41
01/01/2026,8:36:00,0.31,0.047,244.57,1.28,0.99,0,12.01,0
01/01/2026,8:37:00,2.863,0.335,239.4,11.47,0,0,5.31,42.4
01/01/2026,8:38:00,2.423,0.522,243.54,10.19,0,0,3.51,36.88
01/01/2026,8:39:00,1.275,0.249,235.68,5.16,0,0,5.18,16.08
01/01/2026,8:40:00,0.681,0.088,240.39,2.62,0,0,3.8,7.56
01/01/2026,8:41:00,1.11,0.244,238.38,4.57,0,0.7,0.92,16.88
01/01/2026,8:42:00,1.908,0.446,240.85,7.56,0,2.94,8.11,20.74
01/01/2026,8:43:00,0.324,0.051,239.11,1.45,0,0,4.57,0.83
01/01/2026,8:44:00,4.229,0.393,235.98,17.99,7.3,0,3.06,60.12
01/01/2026,8:45:00,1.893,0.441,237.34,7.88,0,0,4.92,26.63
01/01/2026,8:46:00,2.079,0.183,235.07,8.71,0,0,1.66,33
01/01/2026,8:47:00,2.409,0.144,236.08,10.07,0,9.58,3.35,27.23
01/01/2026,8:48:00,3.926,0.453,241.44,16.38,2.85,0,5.84,56.74
01/01/2026,8:49:00,1.67,0.326,239.25,6.66,3.11,0,1.54,23.19
01/01/2026,8:50:00,2.535,0.595,240.69,10.45,0,0,8.29,33.95
01/01/2026,8:51:00,0.694,0.123,245.45,2.52,0,0,4.42,7.14
01/01/2026,8:52:00,5.272,1.267,239.11,22.2,0,0,11.87,76
01/01/2026,8:53:00,1.573,0.108,241.9,6.43,0,0,11.27,14.94
01/01/2026,8:54:00,0.69,0.043,240.08,2.98,0,0,4.09,7.4
01/01/2026,8:55:00,0.898,0.153,248.29,3.87,4.74,0,1.3,8.92
01/01/2026,8:56:00,0.101,0.025,230.95,0.69,0,0,8.01,0
01/01/2026,8:57:00,0.892,0.134,237.85,3.54,0,0,3.25,11.61
01/01/2026,8:58:00,0.022,0.001,241.96,0.2,2.47,0,5.42,0
01/01/2026,8:59:00,2.685,0.253,237.74,11.52,9.09,0,0.68,34.99
01/01/2026,9:00:00,2.027,0.201,241.7,8.53,0,0,5.99,27.79
01/01/2026,9:01:00,0.483,0.057,239.82,2.18,0,0,2.81,5.25
01/01/2026,9:02:00,1.339,0.079,242.59,5.16,0,0,2.44,19.88
01/01/2026,9:03:00,1.395,0.322,236.6,6.03,0,5.94,23.45,0
01/01/2026,9:04:00,0.371,0.057,240.52,1.39,1.1,0,3.4,1.69
01/01/2026,9:05:00,1.133,0.209,241.4,4.83,13.11,0,6.8,0
01/01/2026,9:06:00,1.435,0.091,240.4,6.1,2.84,0.24,5.93,14.91
01/01/2026,9:07:00,1.103,0.067,240.45,4.71,0,0,0.66,17.73
01/01/2026,9:08:00,0.689,0.115,243.61,2.81,7.19,0,8.27,0
01/01/2026,9:09:00,0.462,0.105,234.96,2.23,0,0,2.34,5.35
01/01/2026,9:10:00,1.066,0.166,240.37,4.54,0,0,9.62,8.15
01/01/2026,9:11:00,0.782,0.177,236.37,3.37,0,0,5.61,7.43
01/01/2026,9:12:00,2.281,0.484,242.27,9.23,0,6.71,2.29,29.02
01/01/2026,9:13:00,4.11,0.268,237.49,17.38,4.21,0,2.64,61.64
01/01/2026,9:14:00,2.973,0.269,232.58,13.18,0,0.34,7.89,41.32
01/01/2026,9:15:00,1.479,0.268,242.34,5.82,0,0,4.79,19.85
01/01/2026,9:16:00,0.718,0.1,239.19,3.15,0,0,6.62,5.34
01/01/2026,9:17:00,2.91,0.315,241.07,12.24,2.21,0,1.03,45.26
01/01/2026,9:18:00,2.395,0.32,244.28,10.15,0,0,9.28,30.64
01/01/2026,9:19:00,3.896,0.542,241.11,16.3,0,0,2.32,62.61
01/01/2026,9:20:00,1.672,0.388,240.51,6.95,1.77,0,5.8,20.29
01/01/2026,9:21:00,5.071,0.358,239.86,21.23,0,0.65,0.73,83.13
01/01/2026,9:22:00,1.673,0.177,236.56,7.02,0,0,2.33,25.55
01/01/2026,9:23:00,0.714,0.112,239.35,3.23,0,0,6.28,5.62
01/01/2026,9:24:00,0.862,0.163,245.92,3.19,0,11.95,1.92,0.49
01/01/2026,9:25:00,2.193,0.386,238.87,9.08,4.12,0,12.74,19.69
01/01/2026,9:26:00,0.78,0.186,239.53,3.35,0,0,6.49,6.51
01/01/2026,9:27:00,5.045,1.055,243.77,20.93,8.21,0,12.25,63.62
01/01/2026,9:28:00,2.045,0.33,235.38,8.69,0,0,3.02,31.07
01/01/2026,9:29:00,1.45,0.135,241.86,5.84,1.1,1.06,0.21,21.8
01/01/2026,9:30:00,1.561,0.219,235.23,6.6,0,5.89,5.15,14.98
01/01/2026,9:31:00,1.092,0.206,241.2,4.45,0,0,2.49,15.72
01/01/2026,9:32:00,0.16,0.035,239.93,0.6,0,0,3.57,0
01/01/2026,9:33:00,0.862,0.209,241.84,3.48,0,0,6.86,7.52
01/01/2026,9:34:00,4.592,0.786,236.96,19.29,0,0,7.24,69.29
01/01/2026,9:35:00,1.712,0.266,238.39,6.84,0,0,0.17,28.36
01/01/2026,9:36:00,3.243,0.174,241.99,13.46,0,0,8.8,45.25
01/01/2026,9:37:00,3.315,0.214,238.47,14.04,0,0,4.08,51.17
01/01/2026,9:38:00,1.351,0.11,242.27,5.87,0,3.68,4.88,13.95
01/01/2026,9:39:00,2.427,0.148,240.63,10.26,0,0,2.12,38.33
01/01/2026,9:40:00,0.19,0.025,238.66,0.96,0.32,0,3.28,0
01/01/2026,9:41:00,4.318,0.507,239.05,18.12,0,2.9,7.44,61.64
01/01/2026,9:42:00,4.059,0.72,240.01,16.56,2.53,0,9,56.12
01/01/2026,9:43:00,2.143,0.337,239.34,9.01,0,0,2.94,32.78
01/01/2026,9:44:00,1.766,0.299,242.19,7.31,11.95,0,7.05,10.43
01/01/2026,9:45:00,1.367,0.197,238.89,5.93,0,0.96,1.79,20.04
01/01/2026,9:46:00,3.537,0.373,238.28,14.96,0.77,0,10.7,47.47
01/01/2026,9:47:00,2.657,0.639,242.73,10.92,0,0,5.65,38.64
01/01/2026,9:48:00,0.981,0.066,238.73,4.5,2.37,0,8.95,5.02
01/01/2026,9:49:00,0.392,0.093,238.38,1.82,1.18,0,3.89,1.47
01/01/2026,9:50:00,0.303,0.034,232.54,1.37,0,0,1.56,3.49
01/01/2026,9:51:00,3.508,0.535,236.88,14.9,0,0,3.36,55.1
01/01/2026,9:52:00,1.34,0.096,237.48,5.65,4.35,0,2.88,15.1
01/01/2026,9:53:00,2.114,0.136,238.38,8.87,0,0,2.43,32.8
01/01/2026,9:54:00,1.502,0.204,237.83,5.88,0,0,1.43,23.6
01/01/2026,9:55:00,0.309,0.061,242.95,1.09,0,0,8.54,0
01/01/2026,9:56:00,0.196,0.02,237.67,0.72,0,0,0.54,2.73
01/01/2026,9:57:00,0.915,0.149,237.9,3.94,0.51,9.06,13.11,0
01/01/2026,9:58:00,0.995,0.105,240.47,3.81,0,7.26,1.15,8.17
01/01/2026,9:59:00,0.994,0.127,236.69,4.1,0,0,23.43,0
01/01/2026,10:00:00,1.023,0.237,244.69,4.05,0,0,26.78,0
01/01/2026,10:01:00,6.185,1.368,242.41,25.54,0,0,3.05,100.04
01/01/2026,10:02:00,3.205,0.491,236.5,13.64,2.6,0.46,26.45,23.92
01/01/2026,10:03:00,1.733,0.169,243.04,7,0,3.72,12.2,12.96
01/01/2026,10:04:00,1.309,0.116,243.67,5.26,0,0,0.52,21.3
01/01/2026,10:05:00,1.352,0.326,236.57,5.58,0,9.21,17.66,0
01/01/2026,10:06:00,2.58,0.234,236.5,10.83,6.66,1.36,0.26,34.73
01/01/2026,10:07:00,1.298,0.275,238.17,5.44,0,1.55,1.2,18.88
01/01/2026,10:08:00,2.955,0.366,235.75,12.8,0,0,5.27,43.98
01/01/2026,10:09:00,1.899,0.469,237.66,7.79,0,5.96,0.51,25.19
01/01/2026,10:10:00,6.226,0.77,238.8,26.42,0,1.29,1.06,101.42
01/01/2026,10:11:00,1.227,0.148,241.51,4.83,0,0,18.41,2.04
01/01/2026,10:12:00,3.384,0.601,240.24,14.27,0,10.57,31.43,14.39
01/01/2026,10:13:00,0.438,0.106,239.56,1.73,5.27,0,9.6,0
01/01/2026,10:14:00,0.737,0.181,238.55,2.91,1.09,0,4.34,6.86
01/01/2026,10:15:00,5.635,1.079,236.08,24.13,6.09,0,13.83,73.99
01/01/2026,10:16:00,2.858,0.574,241.78,11.84,0,0,0.71,46.92
01/01/2026,10:17:00,2.146,0.349,241.71,8.89,0,3.22,17.18,15.37
01/01/2026,10:18:00,1.327,0.267,238.15,5.52,0,0,2.6,19.51
01/01/2026,10:19:00,3.377,0.75,236.7,14.15,16.28,0,11.86,28.15
01/01/2026,10:20:00,3.571,0.526,244.67,14.56,0,0,6.62,52.89
01/01/2026,10:21:00,4.764,0.829,240.74,19.14,12,0,19.35,48.04
01/01/2026,10:22:00,0.378,0.059,241.19,1.2,0,0,12,0
01/01/2026,10:23:00,1.319,0.214,241.32,5.54,4.47,0,13.13,4.38
01/01/2026,10:24:00,1.871,0.427,236.39,8.15,0,0,5.99,25.19
01/01/2026,10:25:00,4.706,0.57,244.5,19.52,0,0,10.74,67.69
01/01/2026,10:26:00,2.074,0.19,238.79,8.49,0,0,8.49,26.07
01/01/2026,10:27:00,3.577,0.505,242.47,14.79,6.39,0,1.06,52.17
01/01/2026,10:28:00,0.336,0.031,244.38,0.93,8.28,0,6.27,0
01/01/2026,10:29:00,1.049,0.157,240.24,4.29,3.71,0,0.96,12.81
01/01/2026,10:30:00,4.047,0.934,236.46,17.28,0,0,12.22,55.24
01/01/2026,10:31:00,1.187,0.206,232.52,5.1,0.76,8.81,0.41,9.81
01/01/2026,10:32:00,1.42,0.314,239.88,5.85,0,0,26.08,0
01/01/2026,10:33:00,4.651,0.387,240.75,19.31,0,0,3.07,74.44
01/01/2026,10:34:00,0.564,0.13,238.26,2.62,0,0,1.12,8.28
01/01/2026,10:35:00,0.724,0.123,240.41,2.96,0,0,16.46,0
01/01/2026,10:36:00,0.29,0.016,241.29,1.22,0,0,0.28,4.55
01/01/2026,10:37:00,4.789,0.846,242.98,20.01,10.03,0,3.81,65.98
01/01/2026,10:38:00,3.159,0.759,239.31,13.16,0,0,8.82,43.83
01/01/2026,10:39:00,3.097,0.204,239.86,12.58,0,0,2.29,49.33
01/01/2026,10:40:00,1.02,0.17,239.46,4.53,0,0,4.52,12.48
01/01/2026,10:41:00,0.261,0.061,240.1,1.29,0,1.52,7.23,0
01/01/2026,10:42:00,0.167,0.009,238.46,0.26,0,0.77,18.22,0
01/01/2026,10:43:00,4.07,0.717,238.45,17.04,0,0,0.65,67.18
01/01/2026,10:44:00,2.265,0.328,238.63,9.49,0,0,1.03,36.73
01/01/2026,10:45:00,2.632,0.314,240.47,11.22,0,0,4.27,39.6
01/01/2026,10:46:00,1.797,0.315,237.46,7.56,0,0,3.25,26.7
01/01/2026,10:47:00,0.632,0.038,238.65,2.68,0,0,3.17,7.37
01/01/2026,10:48:00,1.067,0.214,245.43,4.39,0,0,2.11,15.67
01/01/2026,10:49:00,0.47,0.024,242.69,1.84,0,4.56,4.94,0
01/01/2026,10:50:00,0.401,0.045,237.13,1.95,0,5.9,12.89,0
01/01/2026,10:51:00,2.959,0.446,242.59,12.04,0,0,1.05,48.27
01/01/2026,10:52:00,0.192,0.024,241.88,0.7,0,4.3,1.45,0
01/01/2026,10:53:00,0.474,0.053,239.69,1.97,0,0,6.67,1.23
01/01/2026,10:54:00,1.129,0.244,237.88,4.48,0,0,0.35,18.46
01/01/2026,10:55:00,1.541,0.365,237.54,6.84,5.21,0,6.72,13.75
01/01/2026,10:56:00,0.285,0.064,240.67,1.18,0,0,2.27,2.49
01/01/2026,10:57:00,2.052,0.317,237.46,8.81,1.63,4.76,2.66,25.15
01/01/2026,10:58:00,1.711,0.388,243.29,6.84,8.08,0,3.12,17.31
01/01/2026,10:59:00,4.017,0.941,244.14,16.6,6.34,0,2.58,58.03
01/01/2026,11:00:00,1.565,0.206,239.87,6.68,0,0,11.04,15.04
01/01/2026,11:01:00,2.229,0.238,243.42,9.34,4.95,5.22,17.52,9.46
01/01/2026,11:02:00,0.673,0.047,238.77,3.2,0,2.87,4.76,3.58
01/01/2026,11:03:00,0.705,0.103,237.86,2.85,0,0,5.23,6.51
01/01/2026,11:04:00,0.327,0.078,243.3,1.31,0,0,0.44,5.02
01/01/2026,11:05:00,0.68,0.11,244.74,2.61,4.46,3.74,7.49,0
01/01/2026,11:06:00,1.051,0.193,245.89,4.26,0,0,5.26,12.26
01/01/2026,11:07:00,3.72,0.27,241,15.57,0.92,9.26,0.31,51.51
01/01/2026,11:08:00,0.572,0.045,242.59,2.48,0,0.12,1.33,8.09
01/01/2026,11:09:00,6.427,0.918,240.93,27,16.48,0,1.35,89.29
01/01/2026,11:10:00,2.393,0.575,244.21,9.9,1.86,0,1.12,36.9
01/01/2026,11:11:00,2.008,0.245,241.3,8.32,0.08,0,6.45,26.94
01/01/2026,11:12:00,1.458,0.329,242.42,5.79,0,3.73,15.82,4.74
01/01/2026,11:13:00,1.218,0.09,236.59,5.32,0.04,0,8.64,11.63
01/01/2026,11:14:00,0.795,0.138,239.31,3.29,10.3,6.09,3.89,0
01/01/2026,11:15:00,0.269,0.046,242.44,1.29,0,2.58,3.11,0
01/01/2026,11:16:00,0.595,0.132,242.17,2.37,0,0,2.93,6.99
01/01/2026,11:17:00,4.78,0.242,242.7,19.94,2.37,0,5.52,71.79
01/01/2026,11:18:00,2.275,0.2,240.36,9.54,0,0,2.67,35.24
01/01/2026,11:19:00,4.749,0.446,238.04,20.15,11.43,4.68,1.54,61.51
01/01/2026,11:20:00,0.773,0.186,239.82,3.3,0,4.75,5.54,2.6
01/01/2026,11:21:00,0.454,0.037,240.14,1.7,0,3.49,2.97,1.1
01/01/2026,11:22:00,1.445,0.083,240.73,5.93,0,0,0.09,23.99
01/01/2026,11:23:00,0.62,0.097,237.1,2.36,0,0,0.13,10.2
01/01/2026,11:24:00,1.725,0.269,239.2,7.25,0,0,1.92,26.83
01/01/2026,11:25:00,0.197,0.043,239.73,0.53,6.29,0,4.31,0
01/01/2026,11:26:00,0.08,0.019,233.27,0.4,0,0,2.62,0
01/01/2026,11:27:00,1.943,0.306,242.5,7.29,1.29,1.75,0.15,29.2
01/01/2026,11:28:00,4.879,1.152,240.49,20.45,9.58,0,1.52,70.23
01/01/2026,11:29:00,2.016,0.393,240.8,8.15,0,3.87,0.61,29.13
01/01/2026,11:30:00,2.256,0.232,238.45,9.27,0,0,17.81,19.78
01/01/2026,11:31:00,1.501,0.354,241.76,6.48,0,0,2.25,22.76
01/01/2026,11:32:00,1.631,0.299,237.5,6.93,0,0,0.09,27.1
01/01/2026,11:33:00,0.251,0.033,237.98,1.22,0,0,6.48,0
01/01/2026,11:34:00,0.647,0.12,241.88,2.47,0,11.43,1.59,0
01/01/2026,11:35:00,3.691,0.481,241.07,15.5,9.7,0,5.02,46.8
01/01/2026,11:36:00,1.029,0.075,236.17,4.33,0,0,0.98,16.16
01/01/2026,11:37:00,3.634,0.704,244.73,14.87,0,4.17,24.82,31.59
01/01/2026,11:38:00,1.592,0.342,237.72,6.99,9.64,5.15,21.09,0
01/01/2026,11:39:00,1.664,0.326,239.6,6.71,1.32,0,6.4,20.01
01/01/2026,11:40:00,1.036,0.099,245.24,4.41,2.94,0,7.37,6.97
01/01/2026,11:41:00,2.533,0.611,233.82,10.91,4.85,0,3.33,34.04
01/01/2026,11:42:00,3.042,0.167,234.88,12.91,0,0,19.65,31.05
01/01/2026,11:43:00,0.608,0.071,241.33,2.3,0.08,0,3.31,6.75
01/01/2026,11:44:00,0.286,0.029,232.56,1.19,1.19,6.65,1.64,0
01/01/2026,11:45:00,0.114,0.007,233.87,0.32,0,0,0.74,1.16
01/01/2026,11:46:00,2.167,0.284,243.53,9.14,0,0,1.4,34.72
01/01/2026,11:47:00,1.966,0.343,238.77,8.25,0,0,5.09,27.68
01/01/2026,11:48:00,7.755,1.757,246.59,31.31,0,9.21,1.69,118.35
01/01/2026,11:49:00,1.509,0.374,236.9,6.08,0,0,6.37,18.77
01/01/2026,11:50:00,1.276,0.27,239.04,5.24,0,0,2.89,18.37
01/01/2026,11:51:00,1.776,0.255,241.62,7.6,0,0,13.08,16.52
01/01/2026,11:52:00,1.86,0.362,241.41,7.73,0,0,4.91,26.09
01/01/2026,11:53:00,1.185,0.259,239.24,4.92,0,0,5.85,13.91
01/01/2026,11:54:00,0.631,0.09,238.05,2.99,1.24,0,4.88,4.4
01/01/2026,11:55:00,1.437,0.297,240.69,5.89,0,0,13.01,10.94
01/01/2026,11:56:00,1.388,0.203,244.13,5.52,0,0,0.39,22.74
01/01/2026,11:57:00,1.368,0.174,242.29,5.73,0,0,0.42,22.38
01/01/2026,11:58:00,2.75,0.427,238.1,11.63,0,1.34,7.26,37.23
01/01/2026,11:59:00,1.413,0.262,237.02,5.85,0,0,8.77,14.79
01/01/2026,12:00:00,0.295,0.058,237.92,1.08,0,5.97,3.41,0
01/01/2026,12:01:00,0.749,0.091,236.18,3.46,1.84,0,2.61,8.04
01/01/2026,12:02:00,1.171,0.192,240.44,4.79,0,6.93,1.95,10.64
01/01/2026,12:03:00,1.475,0.342,242.44,5.79,0,0,1.6,22.98
01/01/2026,12:04:00,2.205,0.541,239.79,9.23,0,0,14.58,22.17
01/01/2026,12:05:00,1.485,0.142,245.16,6.24,0,0,2.1,22.66
01/01/2026,12:06:00,0.083,0.007,245.33,0.3,0.7,0,6.27,0
01/01/2026,12:07:00,0.345,0.064,240.92,1.54,0,6.54,9.28,0
01/01/2026,12:08:00,2.33,0.31,242.11,9.42,0.86,0,0.13,37.85
01/01/2026,12:09:00,1.141,0.063,237.3,4.93,0,0,0.21,18.81
01/01/2026,12:10:00,1.602,0.191,238.92,6.51,4.57,0,2.43,19.7
01/01/2026,12:11:00,1.007,0.213,243.82,4.19,4.41,0,7.14,5.23
01/01/2026,12:12:00,0.746,0.156,238.26,3.28,5.13,0,1.81,5.48
01/01/2026,12:13:00,1.043,0.155,244.46,4.29,8.43,0,0.01,8.95
01/01/2026,12:14:00,1.619,0.234,243.34,6.4,0,0,2.04,24.94
01/01/2026,12:15:00,1.404,0.233,242.25,5.56,1.31,8.56,0.57,12.97
01/01/2026,12:16:00,3.027,0.284,236.48,13.12,0,0,1.49,48.96
01/01/2026,12:17:00,0.223,0.035,239.06,0.78,0.41,0,2.43,0.87
01/01/2026,12:18:00,0.271,0.014,241.93,1.27,0,0,0.82,3.69
01/01/2026,12:19:00,1.128,0.164,237.04,4.78,0,0,7.35,11.45
01/01/2026,12:20:00,2.226,0.261,239.43,9.09,3.33,1.09,1.77,30.9
01/01/2026,12:21:00,2.633,0.487,242.26,10.76,0,1.85,6.49,35.53
01/01/2026,12:22:00,0.778,0.138,238.3,3.6,0,0,5.48,7.48
01/01/2026,12:23:00,0.011,0.001,237.46,0.75,0.68,0.39,13.7,0
01/01/2026,12:24:00,0.805,0.041,234.6,3.37,0,0,0.55,12.86
01/01/2026,12:25:00,1.972,0.198,238.84,8.18,0,2.83,1.45,28.59
01/01/2026,12:26:00,1.38,0.244,242.32,5.37,0,0,12.02,10.98
01/01/2026,12:27:00,2.293,0.148,237.38,9.33,0,0,10.36,27.86
01/01/2026,12:28:00,3.594,0.257,240.05,14.8,0,0,1.28,58.62
01/01/2026,12:29:00,1.204,0.216,239.33,4.94,0,0,0.68,19.39
01/01/2026,12:30:00,0.9,0.181,238,3.78,0,0,11.64,3.37
01/01/2026,12:31:00,0.538,0.061,242.51,2.36,0,0,1.18,7.79
01/01/2026,12:32:00,0.268,0.04,244.93,1.14,0,0,12.29,0
01/01/2026,12:33:00,0.177,0.042,243.01,0.87,9.21,0,19.48,0
01/01/2026,12:34:00,0.7,0.167,237.91,2.82,0,0,1.5,10.16
01/01/2026,12:35:00,3.227,0.36,245.98,13.1,17.91,0,11.01,24.86
01/01/2026,12:36:00,2.475,0.525,243,10.11,0,3.71,3.31,34.24
01/01/2026,12:37:00,0.858,0.145,238.63,3.34,0,0,9.33,4.97
01/01/2026,12:38:00,6.471,1.586,237.67,26.83,0,0,3.14,104.71
01/01/2026,12:39:00,0.753,0.11,243.36,2.96,13.26,0,0.44,0
01/01/2026,12:40:00,3.856,0.79,240.52,15.53,5.77,0,7.48,51.01
01/01/2026,12:41:00,4.556,0.928,237.45,18.96,4.86,0,0.98,70.1
01/01/2026,12:42:00,2.085,0.312,239.56,8.81,0,0,15.71,19.04
01/01/2026,12:43:00,0.692,0.145,238.78,2.94,4.11,0,3.25,4.18
01/01/2026,12:44:00,0.978,0.1,237.53,4.12,0,0,0.51,15.78
01/01/2026,12:45:00,1.653,0.123,243.04,7.04,1.92,0,1.56,24.08
01/01/2026,12:46:00,0.279,0.038,242.35,1.01,0,1.78,11.91,0
01/01/2026,12:47:00,0.481,0.115,242.52,2.12,0,0.65,2.32,5.04
01/01/2026,12:48:00,0.434,0.065,242.47,1.63,0,0,11.64,0
01/01/2026,12:49:00,2.217,0.393,237.25,9.4,0,0,1.13,35.82
01/01/2026,12:50:00,3.568,0.624,238.19,15.01,0,2.56,3.79,53.12
01/01/2026,12:51:00,2.554,0.195,244.38,10.49,0,1.08,12.64,28.85
01/01/2026,12:52:00,3.129,0.401,240.32,12.94,0,22.43,0.3,29.42
01/01/2026,12:53:00,0.63,0.121,235.59,2.74,4.8,0,2.18,3.53
01/01/2026,12:54:00,1.022,0.25,240.65,4.33,0,0,14.44,2.6
01/01/2026,12:55:00,1.099,0.092,241.96,4.26,8.21,0,5.45,4.67
01/01/2026,12:56:00,2.078,0.274,241.57,8.77,5.37,19.12,7.56,2.59
01/01/2026,12:57:00,0.721,0.05,237.19,2.79,2.03,3.72,11.08,0
01/01/2026,12:58:00,2.98,0.293,245.66,11.95,2.36,0,4.45,42.86
01/01/2026,12:59:00,4.463,0.559,235.5,19,0.85,0,11.2,62.33
01/01/2026,13:00:00,2.167,0.343,240.33,9.14,0,0,6.11,30
01/01/2026,13:01:00,0.978,0.094,245.21,4.03,0,1.04,6.94,8.32
01/01/2026,13:02:00,0.57,0.054,241.77,2.42,0,0,1,8.5
01/01/2026,13:03:00,0.435,0.09,242.51,1.57,0,0,16.78,0
01/01/2026,13:04:00,0.085,0.021,236.84,0.25,0,0,9.54,0
01/01/2026,13:05:00,1.132,0.13,241.04,4.29,0,0,1.76,17.11
01/01/2026,13:06:00,1.071,0.201,239.89,4.28,0,0,5.2,12.64
01/01/2026,13:07:00,2.838,0.288,236.61,11.72,0.15,5.94,2.83,38.37
01/01/2026,13:08:00,0.772,0.182,242.6,3.19,0,0,6.48,6.39
01/01/2026,13:09:00,1.194,0.22,237.54,5.5,45,0,30.45,0
01/01/2026,13:10:00,1.799,0.379,237.9,7.71,0,0,0.28,29.7
01/01/2026,13:11:00,2.138,0.128,241.3,8.41,0,0,18.29,17.34
01/01/2026,13:12:00,2.585,0.439,239.57,10.49,0.79,0,0.45,41.84
01/01/2026,13:13:00,1.648,0.256,240.51,6.59,0,0,3.71,23.76
01/01/2026,13:14:00,0.302,0.033,239.39,0.91,0,0,3.95,1.09
01/01/2026,13:15:00,1.985,0.203,244.24,8.07,0,3.15,1.88,28.04
01/01/2026,13:16:00,0.714,0.119,237.22,3.06,0,0,5.02,6.88
01/01/2026,13:17:00,3.696,0.707,238.61,15.23,0,0,10.77,50.83
01/01/2026,13:18:00,1.428,0.081,241.44,5.87,0,0,2.09,21.71
01/01/2026,13:19:00,1.736,0.284,237.04,7.37,0,15.61,0.44,12.89
01/01/2026,13:20:00,8.204,0.69,236.9,34.77,0,9.17,6,121.57
01/01/2026,13:21:00,2.621,0.205,240.41,10.93,4.86,0,8.36,30.47
01/01/2026,13:22:00,1.954,0.341,242.6,8.12,0,0,18.54,14.03
01/01/2026,13:23:00,1.228,0.138,242.99,5.05,0,0,1.04,19.43
01/01/2026,13:24:00,0.337,0.047,240.28,1.2,0,0,13.9,0
01/01/2026,13:25:00,1.146,0.14,237.98,4.66,0,0,3.95,15.15
01/01/2026,13:26:00,0.562,0.101,240.83,2.07,3.99,0,1.61,3.76
01/01/2026,13:27:00,4.871,0.702,241.7,20.45,0,0,19.74,61.45
01/01/2026,13:28:00,1.976,0.48,240.79,7.91,0.39,0,1.63,30.92
01/01/2026,13:29:00,3.594,0.433,243.7,14.94,0,3.11,7.93,48.87
01/01/2026,13:30:00,0.749,0.148,236.96,2.87,12.62,0,9.22,0
01/01/2026,13:31:00,0.609,0.062,237.91,2.71,0,2.99,3.38,3.78
01/01/2026,13:32:00,2.42,0.367,243.29,10.14,0,0,7.03,33.3
01/01/2026,13:33:00,0.536,0.086,235.58,2.51,0,0,5.1,3.83
01/01/2026,13:34:00,0.906,0.105,238.38,3.59,0,0,1.28,13.82
01/01/2026,13:35:00,5.043,0.728,237.81,21.24,0,0,8.56,75.49
01/01/2026,13:36:00,0.943,0.1,235.31,3.89,0,0,15.79,0
01/01/2026,13:37:00,0.249,0.013,239.44,0.86,9.85,0,4.02,0
01/01/2026,13:38:00,0.133,0.012,242.24,0.56,0,0,31.01,0
01/01/2026,13:39:00,0.207,0.039,240.47,1.03,0,6.68,3.35,0
01/01/2026,13:40:00,3.757,0.767,242.4,15.38,0.38,0,3.92,58.32
01/01/2026,13:41:00,0.8,0.085,243.58,3.35,0,0,6.72,6.6
01/01/2026,13:42:00,8.022,1.056,238.84,33.41,4.73,7.95,1.23,119.79
01/01/2026,13:43:00,4.501,0.259,247.94,17.94,0,0,13.93,61.08
01/01/2026,13:44:00,5.942,0.579,238.96,24.8,0,0,9.69,89.34
01/01/2026,13:45:00,3.191,0.657,239.36,13.28,0,0,12.35,40.83
01/01/2026,13:46:00,2.317,0.397,237.88,9.87,0.41,0,5.64,32.56
01/01/2026,13:47:00,0.585,0.053,241.64,2.17,11.86,0,12.91,0
01/01/2026,13:48:00,1.396,0.142,239.13,6.27,3.69,0,6.84,12.73
01/01/2026,13:49:00,2.51,0.536,239.76,10.11,0,0,4.3,37.54
01/01/2026,13:50:00,3.039,0.279,239.38,12.74,11.59,0,16.11,22.95
01/01/2026,13:51:00,0.38,0.044,239.32,1.53,0,0,3.48,2.86
01/01/2026,13:52:00,1.164,0.213,240.47,4.71,0,0,4.17,15.23
01/01/2026,13:53:00,1.296,0.21,238.65,5.39,0.72,0,1.11,19.75
01/01/2026,13:54:00,1.248,0.177,238.79,5.36,0,0,17.7,3.1
01/01/2026,13:55:00,0.448,0.103,243.22,2.01,0,0,1.5,5.97
01/01/2026,13:56:00,5.441,0.511,239.12,22.71,0,0,1.35,89.33
01/01/2026,13:57:00,1.126,0.223,241.15,4.74,1.17,0,0.64,16.97
01/01/2026,13:58:00,0.488,0.04,237.33,1.79,0,1.77,3.62,2.74
01/01/2026,13:59:00,5.539,0.959,238.67,23.17,0,0,1.92,90.4
01/01/2026,14:00:00,4.504,1.009,236.3,19.14,5.47,0,8.1,61.49
01/01/2026,14:01:00,1.591,0.225,245.56,6.02,0,3.16,2.2,21.14
01/01/2026,14:02:00,0.879,0.171,244.13,3.62,0,0.57,7.65,6.42
01/01/2026,14:03:00,0.183,0.039,241.79,0.72,0,0,1.31,1.75
01/01/2026,14:04:00,2.177,0.168,246.45,9.09,0.15,0.55,1.57,34.01
01/01/2026,14:05:00,0.817,0.156,242.31,3.4,0,0,9.84,3.77
01/01/2026,14:06:00,1.365,0.319,239.48,5.79,0,0,2.78,19.96
01/01/2026,14:07:00,5.182,0.857,241.12,21.44,0,0,0.71,85.66
01/01/2026,14:08:00,0.756,0.066,244.08,3.22,0,0,19.53,0
01/01/2026,14:09:00,2.1,0.158,237.36,8.96,0,0,1.17,33.82
01/01/2026,14:10:00,2.646,0.27,236.48,10.93,0,0,0.98,43.13
01/01/2026,14:11:00,3.668,0.259,241.22,15.27,0,9.1,2.66,49.38
01/01/2026,14:12:00,1.274,0.195,238.24,5.58,0.15,0,0.6,20.48
01/01/2026,14:13:00,1.152,0.074,233.22,5.14,1.24,0,1.01,16.95
01/01/2026,14:14:00,1.126,0.107,236.27,4.77,2.34,0,11.24,5.19
01/01/2026,14:15:00,1.932,0.267,239.07,8.15,0,0.43,1.13,30.65
01/01/2026,14:16:00,4.363,0.632,240.14,18.35,0,2.47,0.71,69.53
01/01/2026,14:17:00,1.077,0.176,240.23,4.26,0,0,12.72,5.23
01/01/2026,14:18:00,0.022,0.004,246.02,0.2,0.29,3.5,3.52,0
01/01/2026,14:19:00,2.887,0.172,239.38,11.67,0,0.82,1.03,46.27
01/01/2026,14:20:00,1.489,0.098,240.83,6.35,11.41,4.19,5.23,3.99
01/01/2026,14:21:00,2.181,0.136,235.12,9.2,0,0,0.25,36.09
01/01/2026,14:22:00,0.194,0.026,239.91,0.79,0,0,3.35,0
01/01/2026,14:23:00,0.82,0.048,241,3.29,0,0,5.35,8.31
01/01/2026,14:24:00,2.702,0.538,235.87,11.45,0,4.98,18.9,21.17
01/01/2026,14:25:00,0.322,0.03,237.2,1.41,0,4.58,2.37,0
01/01/2026,14:26:00,2.096,0.498,241.47,8.83,0,0,8.69,26.24
01/01/2026,14:27:00,1.354,0.199,238.36,5.94,0,0,0.85,21.72
01/01/2026,14:28:00,0.647,0.09,239.69,2.71,0,0,3.41,7.38
01/01/2026,14:29:00,0.591,0.122,241.62,2.11,0,0,1.51,8.33
01/01/2026,14:30:00,0.453,0.087,246.11,2.1,3.93,0,4.07,0
01/01/2026,14:31:00,1.481,0.254,239.33,5.9,0,0,3.24,21.45
01/01/2026,14:32:00,1.641,0.389,245.31,6.61,0,0,23.41,3.95
01/01/2026,14:33:00,0.976,0.131,234.12,4.07,0,2.38,14.97,0
01/01/2026,14:34:00,0.419,0.089,240.45,1.75,25.16,0,5.24,0
01/01/2026,14:35:00,2.046,0.258,239,8.31,0,3.56,1.17,29.37
01/01/2026,14:36:00,2.929,0.638,238.4,12.02,0.26,0,4.88,43.67
01/01/2026,14:37:00,2.366,0.241,241.97,9.77,0,0,9.42,30
01/01/2026,14:38:00,6.119,0.66,239.36,25.4,0,0,0.23,101.74
01/01/2026,14:39:00,1.176,0.218,233.93,5.3,0,10.47,3.42,5.72
01/01/2026,14:40:00,4.045,0.374,235.23,17.09,0,0,0.26,67.16
01/01/2026,14:41:00,0.719,0.069,242.17,2.76,0,0,1.68,10.3
01/01/2026,14:42:00,0.599,0.066,235.09,2.88,0,0,0.58,9.4
01/01/2026,14:43:00,1.565,0.291,242.25,6.55,0,0,19.4,6.68
01/01/2026,14:44:00,4.738,1.08,240.37,20.25,0,0,1.11,77.86
01/01/2026,14:45:00,1.055,0.195,239.49,4.02,5.93,0,0.98,10.68
01/01/2026,14:46:00,0.194,0.042,239.76,0.85,0,0,21.47,0
01/01/2026,14:47:00,2.885,0.458,241.54,12.04,0,0,4.35,43.73
01/01/2026,14:48:00,1.302,0.083,236.47,5.51,0.72,0,8.51,12.46
01/01/2026,14:49:00,1.824,0.128,240.13,7.52,0,0.1,2.38,27.93
01/01/2026,14:50:00,0.634,0.102,236.58,2.93,0,0,4.57,6
01/01/2026,14:51:00,1.552,0.179,240.49,6.55,7.39,3.57,0.04,14.87
01/01/2026,14:52:00,0.241,0.023,241.94,0.66,0,0,3.15,0.86
01/01/2026,14:53:00,5.502,0.788,240.5,22.7,3.49,0,4.86,83.35
01/01/2026,14:54:00,3.318,0.608,241.83,13.49,0,0,4.33,50.97
01/01/2026,14:55:00,1.49,0.189,237.9,6.24,0,0,3.12,21.71
01/01/2026,14:56:00,2.822,0.594,239.81,11.96,0,2.43,9.3,35.29
01/01/2026,14:57:00,0.721,0.142,239.29,2.94,0,9.35,4.18,0
01/01/2026,14:58:00,3.204,0.631,239.09,13.35,0,0,6.07,47.34
01/01/2026,14:59:00,1.009,0.249,237.6,4.05,0,0,1.22,15.6
01/01/2026,15:00:00,0.939,0.102,238.7,4.09,0.24,0,11.86,3.55
01/01/2026,15:01:00,0.491,0.088,236.66,2.32,1.09,0,2.7,4.39
01/01/2026,15:02:00,2.024,0.447,234.92,8.61,11.2,0,3.95,18.58
01/01/2026,15:03:00,1.432,0.238,237.9,6.33,5.25,0,2.6,16
01/01/2026,15:04:00,4.144,0.862,241.88,17.02,0,0,13.35,55.72
01/01/2026,15:05:00,0.425,0.056,240.7,1.49,4.86,0,13.86,0
01/01/2026,15:06:00,2.032,0.342,236.23,8.76,0,0,1.52,32.34
01/01/2026,15:07:00,3.572,0.218,238.78,14.94,0,0,8.38,51.15
01/01/2026,15:08:00,1.667,0.412,242.08,6.77,12.99,0,0.65,14.15
01/01/2026,15:09:00,0.99,0.208,238.65,4.16,0,0,0.18,16.32
01/01/2026,15:10:00,1.63,0.365,235.75,6.6,3.28,0,10.87,13.02
01/01/2026,15:11:00,3.896,0.736,246.77,15.44,0,0,0.84,64.1
01/01/2026,15:12:00,3.895,0.34,239.5,16.28,0,0,1.01,63.91
01/01/2026,15:13:00,1.252,0.07,236.51,5.38,0,0.6,5.6,14.68
01/01/2026,15:14:00,3.844,0.857,240.51,16.26,0,0,10.18,53.88
01/01/2026,15:15:00,1.371,0.177,239.74,5.89,1.32,0,1.26,20.26
01/01/2026,15:16:00,2.797,0.287,235.38,12.01,0.5,0.09,0.73,45.3
01/01/2026,15:17:00,2.235,0.363,240.28,9.56,0,0,0.48,36.77
01/01/2026,15:18:00,0.951,0.128,242.95,4.01,0,1.13,0.15,14.57
01/01/2026,15:19:00,0.512,0.092,239.3,2.07,0,0,0.74,7.8
01/01/2026,15:20:00,3.644,0.535,233.82,15.77,3.46,0,17.16,40.13
01/01/2026,15:21:00,4.442,0.842,241.03,18.61,0,0,0.6,73.44
01/01/2026,15:22:00,1.991,0.439,241.81,8.23,7.48,0,5.46,20.24
01/01/2026,15:23:00,1.369,0.122,238.24,5.51,0,0,15.23,7.59
01/01/2026,15:24:00,0.36,0.042,238.26,1.16,12.34,0,5.93,0
01/01/2026,15:25:00,3.573,0.491,246.77,14.65,0,0,0.2,59.34
01/01/2026,15:26:00,1.8,0.436,238.03,7.66,0,0,5.44,24.56
01/01/2026,15:27:00,1.091,0.134,236.63,4.73,0,0.02,14,4.15
01/01/2026,15:28:00,2.86,0.361,240.08,12.09,1.28,0.97,2.34,43.08
01/01/2026,15:29:00,0.28,0.051,241.72,0.98,1.04,0,2.26,1.37
01/01/2026,15:30:00,0.462,0.062,241.6,1.54,0,0,1.72,5.99
01/01/2026,15:31:00,0.692,0.166,232.6,3.08,0,0,4.23,7.32
01/01/2026,15:32:00,2.177,0.498,238.02,9.39,12.42,0,1.63,22.24
01/01/2026,15:33:00,1.646,0.251,243.46,6.83,0.22,0.08,7.72,19.41
01/01/2026,15:34:00,2.394,0.428,240.98,9.64,0,0,6.21,33.69
01/01/2026,15:35:00,3.387,0.209,236.29,14.38,0,1.36,3.07,52.02
01/01/2026,15:36:00,2.465,0.466,243.73,9.89,0,1.31,7.69,32.08
01/01/2026,15:37:00,5.589,1.07,242.89,22.7,3.24,0,0.62,89.28
01/01/2026,15:38:00,3.381,0.412,239.11,14.14,0,0,8.31,48.04
01/01/2026,15:39:00,1.25,0.117,242.64,5.18,0,0,5.54,15.29
01/01/2026,15:40:00,0.814,0.19,246,3.29,0,0.28,5.97,7.33
01/01/2026,15:41:00,1.286,0.174,236.84,5.52,0,0,0.4,21.03
01/01/2026,15:42:00,2.536,0.458,241.67,10.33,0,0,5.78,36.48
01/01/2026,15:43:00,0.908,0.051,245.96,3.71,0,0,4.09,11.04
01/01/2026,15:44:00,2.593,0.344,241.96,10.62,0,0,3.99,39.22
01/01/2026,15:45:00,2.359,0.503,237.74,9.87,3,9.91,2.33,24.07
01/01/2026,15:46:00,0.504,0.064,240.72,2.15,4.6,6.8,0.05,0
01/01/2026,15:47:00,3.332,0.569,244.11,13.86,0,0,3.3,52.24
01/01/2026,15:48:00,1.932,0.178,236.95,8.21,0,0,3.07,29.13
01/01/2026,15:49:00,5.39,0.718,239.91,22.59,0,1.27,3.3,85.26
01/01/2026,15:50:00,1.375,0.324,239.27,5.75,4.11,0,5.68,13.13
01/01/2026,15:51:00,1.043,0.17,238.11,4.48,4.88,0,2.14,10.35
01/01/2026,15:52:00,0.43,0.099,240.72,1.99,1.16,0,1.88,4.13
01/01/2026,15:53:00,0.422,0.097,239.7,2.14,8.74,0,4.13,0
01/01/2026,15:54:00,3.028,0.723,241.93,12.76,0,0,5.38,45.09
01/01/2026,15:55:00,4.994,1.144,243.42,20.5,0,0,5.03,78.2
01/01/2026,15:56:00,1.269,0.064,236.18,5.6,0,0,12.8,8.34
01/01/2026,15:57:00,1.192,0.282,240.2,5.07,12.02,0,8.8,0
01/01/2026,15:58:00,1.493,0.116,239.84,6.1,0,0,0.32,24.56
01/01/2026,15:59:00,3.51,0.204,240.61,14.7,2.41,0,4.97,51.13
01/01/2026,16:00:00,0.509,0.031,239.95,1.9,1.36,0,3.25,3.88
01/01/2026,16:01:00,1.732,0.207,237.06,7.42,0.37,0,2.69,25.81
01/01/2026,16:02:00,3.083,0.537,244.36,12.96,0,0,19.01,32.37
01/01/2026,16:03:00,2.155,0.281,245.64,8.94,0,0,3.66,32.26
01/01/2026,16:04:00,2.475,0.136,241.64,10.48,2.61,0,7.63,31.02
01/01/2026,16:05:00,2.173,0.316,241.79,8.91,0,0,20.48,15.73
01/01/2026,16:06:00,4.042,0.56,240.39,16.91,0,0,0.98,66.38
01/01/2026,16:07:00,4.702,0.947,242.91,19.5,2.77,0,0.34,75.26
01/01/2026,16:08:00,3.889,0.412,232.67,16.66,16.16,0,2.26,46.41
01/01/2026,16:09:00,1.5,0.14,239.99,6.39,0,0,0.27,24.73
01/01/2026,16:10:00,0.181,0.018,238.28,0.85,4.51,0,0.74,0
01/01/2026,16:11:00,1.184,0.131,240.44,5.06,0,4.02,28.76,0
01/01/2026,16:12:00,1.457,0.247,243.28,5.78,0,0,19.34,4.95
01/01/2026,16:13:00,4.947,0.714,240.06,20.86,0,0,7.05,75.39
01/01/2026,16:14:00,0.641,0.075,238.92,2.77,9.69,0,8.39,0
01/01/2026,16:15:00,0.291,0.036,235.79,1.21,0,0.66,0.91,3.29
01/01/2026,16:16:00,0.914,0.114,239.67,3.79,0,13.91,5.43,0
01/01/2026,16:17:00,0.681,0.166,242.02,2.8,0,0,1.01,10.34
01/01/2026,16:18:00,0.254,0.025,237.48,0.9,19.17,0,2.85,0
01/01/2026,16:19:00,1.295,0.277,233.99,5.77,0,0,2.54,19.04
01/01/2026,16:20:00,1.51,0.289,246.82,6.31,0,0,5.71,19.45
01/01/2026,16:21:00,0.233,0.012,241.01,1.17,0,4.28,0.5,0
01/01/2026,16:22:00,1.036,0.258,239.34,4.63,0,0,0.66,16.62
01/01/2026,16:23:00,0.634,0.128,244.17,2.63,0,0,5.65,4.92
01/01/2026,16:24:00,1.554,0.29,240.42,6.13,6.35,6.28,6.07,7.21
01/01/2026,16:25:00,1.695,0.222,244,7.07,0,0,2.49,25.76
01/01/2026,16:26:00,0.634,0.102,243.74,2.72,4.74,0,0.95,4.88
01/01/2026,16:27:00,3.309,0.333,236.18,14.32,0,0,13.03,42.12
01/01/2026,16:28:00,1.428,0.082,241.38,6.13,0,0,0.33,23.47
01/01/2026,16:29:00,0.668,0.145,245.18,2.75,0,0,7.58,3.55
01/01/2026,16:30:00,0.212,0.049,237,0.86,0,0,0.91,2.63
01/01/2026,16:31:00,1.776,0.146,237.04,7.69,2.06,0,6.09,21.44
01/01/2026,16:32:00,2.168,0.45,237.55,8.6,1.75,0,6.54,27.85
01/01/2026,16:33:00,0.863,0.171,242.67,3.6,0,0,9.79,4.59
01/01/2026,16:34:00,1.599,0.137,240.85,6.83,0,0,3.02,23.63
01/01/2026,16:35:00,4.702,0.632,234.19,20.05,0,0,0.13,78.23
01/01/2026,16:36:00,2.914,0.392,241.02,12.01,0,0.24,10,38.33
01/01/2026,16:37:00,0.053,0.011,239.24,0.28,9.54,1.46,3.52,0
01/01/2026,16:38:00,0.659,0.143,239.66,3.02,3.52,0,11.27,0
01/01/2026,16:39:00,1.237,0.085,237.49,5.3,0,0,8.98,11.63
01/01/2026,16:40:00,1.502,0.244,241.04,6.1,0,0,4.14,20.89
01/01/2026,16:41:00,1.63,0.33,243.15,6.95,0,0,44.51,0
01/01/2026,16:42:00,2.054,0.426,238.07,8.91,2.74,4.08,3.72,23.71
01/01/2026,16:43:00,1.276,0.102,234.95,5.27,0,10.09,7.15,4.02
01/01/2026,16:44:00,1.425,0.221,239.09,6.52,0,9.69,6.65,7.41
01/01/2026,16:45:00,3.034,0.672,242.27,12.52,0,0.26,4.38,45.93
01/01/2026,16:46:00,1.806,0.205,238.74,7.75,0,0,5.28,24.82
01/01/2026,16:47:00,0.379,0.051,235.51,1.76,0,0,9.62,0
01/01/2026,16:48:00,1.545,0.326,242.29,6.24,1.5,10.39,5.09,8.78
01/01/2026,16:49:00,1.24,0.084,244.25,4.99,1.54,3.17,3.59,12.38
01/01/2026,16:50:00,0.103,0.023,240.06,0.44,0,3.05,6.51,0
01/01/2026,16:51:00,1.618,0.182,235.18,6.5,0,0,0.22,26.74
01/01/2026,16:52:00,0.446,0.022,239.05,2.03,0,0,0.69,6.74
01/01/2026,16:53:00,3.07,0.297,240.45,12.39,0.78,0,0.8,49.59
01/01/2026,16:54:00,2.03,0.138,237.57,8.55,0,0,3.33,30.5
01/01/2026,16:55:00,0.353,0.024,241.75,1.33,4.51,0,12.32,0
01/01/2026,16:56:00,2.961,0.558,237.28,12.6,6.99,6.23,6.19,29.95
01/01/2026,16:57:00,4.092,0.38,240.08,16.6,0,0.55,21.59,46.06
01/01/2026,16:58:00,1.1,0.261,239.32,4.27,0,0,0.24,18.09
01/01/2026,16:59:00,1.233,0.189,241.85,4.98,0.58,0,7.68,12.29
01/01/2026,17:00:00,2.736,0.389,239.96,11.51,0,0,2.26,43.33
01/01/2026,17:01:00,3.862,0.529,239.41,16.18,0,0,0.14,64.23
01/01/2026,17:02:00,0.162,0.03,237.59,0.89,0,0,10.49,0
01/01/2026,17:03:00,0.409,0.057,240.1,1.72,0,0,1.07,5.74
01/01/2026,17:04:00,0.932,0.071,239.22,3.89,6.09,1.23,1.45,6.78
01/01/2026,17:05:00,1.037,0.235,237.39,4.16,0,0,2.5,14.79
01/01/2026,17:06:00,2.673,0.363,240.48,11.07,0,0,9.32,35.24
01/01/2026,17:07:00,3.878,0.251,241.09,16.08,3.66,0,5.88,55.09
01/01/2026,17:08:00,4.1,0.639,238.98,16.75,0,8.53,1.85,57.96
01/01/2026,17:09:00,0.155,0.028,242.79,0.46,2.73,4.72,1.11,0
01/01/2026,17:10:00,0.594,0.062,240.79,2.56,0,0.16,0.7,9.04
01/01/2026,17:11:00,0.764,0.16,236.15,3.27,0,0,0.97,11.76
01/01/2026,17:12:00,0.591,0.109,244.01,2.37,0,0,12.16,0
01/01/2026,17:13:00,2.025,0.365,242.3,8.23,1.18,11.37,15.36,5.83
01/01/2026,17:14:00,2.234,0.3,243.01,8.85,0.4,0,20.64,16.19
01/01/2026,17:15:00,1.408,0.341,241.2,5.4,0,0,10.8,12.67
01/01/2026,17:16:00,1.289,0.135,232.99,5.47,1.57,0,13.1,6.8
01/01/2026,17:17:00,0.973,0.161,243.28,4.3,0.76,1.32,10.16,3.98
01/01/2026,17:18:00,1.091,0.122,240.18,4.55,0,0.67,19.03,0
01/01/2026,17:19:00,4.662,0.928,241.06,19.55,0,0,11.21,66.5
01/01/2026,17:20:00,2.512,0.15,241.62,10.16,0,0,3.72,38.14
01/01/2026,17:21:00,1.01,0.06,245.81,4.17,0,1.12,2.34,13.37
01/01/2026,17:22:00,1.265,0.268,238.36,5.17,0,0,5.27,15.83
01/01/2026,17:23:00,2.064,0.282,238.44,8.51,0,0,5.62,28.78
01/01/2026,17:24:00,0.353,0.042,237.45,1.63,0,0,5.13,0.74
01/01/2026,17:25:00,1.594,0.273,236.79,6.71,0,0,7.36,19.2
01/01/2026,17:26:00,2.401,0.457,236.85,9.86,0,0,7.2,32.81
01/01/2026,17:27:00,2.155,0.194,234.44,9.21,0,0,0.55,35.36
01/01/2026,17:28:00,0.607,0.053,241.28,2.37,0,0,2.02,8.1
01/01/2026,17:29:00,0.74,0.179,245.96,2.72,0,7.07,13.24,0
01/01/2026,17:30:00,0.083,0.014,246.15,0.2,12.55,0,5.35,0
01/01/2026,17:31:00,2.61,0.334,237.44,11.4,0,0.04,2.39,41.07
01/01/2026,17:32:00,6.176,1.299,239.18,26.06,0,0,11.4,91.54
01/01/2026,17:33:00,0.514,0.08,243.7,1.71,0,0,1.72,6.86
01/01/2026,17:34:00,3.367,0.331,241.3,13.92,0,0,3.16,52.96
01/01/2026,17:35:00,5.781,0.528,240.4,24.03,9.45,0,1.94,84.96
01/01/2026,17:36:00,0.879,0.114,239.23,3.62,0,0,12.3,2.35
01/01/2026,17:37:00,1.267,0.281,243.53,5.07,0,0,7.82,13.3
01/01/2026,17:38:00,1.755,0.109,236.78,7.56,0,2.15,3.7,23.4
01/01/2026,17:39:00,2.098,0.197,241.44,8.88,0,0,16.16,18.81
01/01/2026,17:40:00,1.838,0.42,241.03,7.84,0,0,15.74,14.9
01/01/2026,17:41:00,0.951,0.071,240.13,4.03,0,0,7.46,8.4
01/01/2026,17:42:00,2.37,0.417,242.36,9.9,0,0,13.35,26.15
01/01/2026,17:43:00,0.973,0.09,240.1,3.99,12.01,0,7.62,0
01/01/2026,17:44:00,1.948,0.333,238.4,7.86,0,0,5.94,26.53
01/01/2026,17:45:00,1.362,0.173,240.28,5.35,0,0,3.28,19.43
01/01/2026,17:46:00,0.13,0.009,235.22,0.38,0,0,1.92,0.25
01/01/2026,17:47:00,3.755,0.625,241.84,15.49,1.32,0,0.37,60.89
01/01/2026,17:48:00,0.761,0.142,242.6,2.88,0,0,9.68,3
01/01/2026,17:49:00,4.044,0.752,238.03,16.76,0,0,0.78,66.62
01/01/2026,17:50:00,3.263,0.579,237.32,13.68,0,0,3.17,51.22
01/01/2026,17:51:00,1.71,0.257,238.14,7.35,0,0,1.6,26.89
01/01/2026,17:52:00,2.19,0.337,239.81,9.2,0,0,3.64,32.86
01/01/2026,17:53:00,2.414,0.428,240.65,9.86,1.5,0,2.27,36.46
01/01/2026,17:54:00,1.159,0.218,244.85,4.74,0,0,10.62,8.7
01/01/2026,17:55:00,1.213,0.22,244.47,4.7,1.14,0,22.95,0
01/01/2026,17:56:00,2.319,0.388,242.49,9.39,0,11.42,17.04,10.19
01/01/2026,17:57:00,1.376,0.112,240.36,5.39,2.66,0,5.84,14.43
01/01/2026,17:58:00,0.954,0.088,237.22,4.11,0,0,23.26,0
01/01/2026,17:59:00,0.618,0.063,245.04,2.47,0,0,3.07,7.23
01/01/2026,18:00:00,1.997,0.467,239.26,8.31,2.96,12.88,4.43,13
01/01/2026,18:01:00,0.735,0.148,240.84,3.21,0,1,1.78,9.47
01/01/2026,18:02:00,2.842,0.456,241.88,11.55,1.78,0,13.7,31.89
01/01/2026,18:03:00,3.034,0.305,240.18,12.73,0,0,1.19,49.38
01/01/2026,18:04:00,2.176,0.157,243.45,9.33,2.52,0,5.66,28.08
01/01/2026,18:05:00,2.566,0.59,241.37,10.43,0,0,9.64,33.12
01/01/2026,18:06:00,2.181,0.498,242.97,8.67,4.39,0,5.43,26.54
01/01/2026,18:07:00,2.715,0.196,241.34,11,0,0,0.49,44.75
01/01/2026,18:08:00,2.623,0.549,239.89,11.01,0,0,5.67,38.04
01/01/2026,18:09:00,1.907,0.266,240.22,8.29,3.43,0,8.74,19.61
01/01/2026,18:10:00,3.296,0.378,239.81,14.08,0.04,0,1.25,53.64
01/01/2026,18:11:00,1.199,0.237,236.15,5.25,0,1.04,8.01,10.94
01/01/2026,18:12:00,0.639,0.111,237,2.87,0,0,12.65,0
01/01/2026,18:13:00,0.604,0.124,242.22,2.58,0,0,25.81,0
01/01/2026,18:14:00,1.038,0.067,236.22,4.54,0,0,3.17,14.13
01/01/2026,18:15:00,0.101,0.011,238.79,0.48,0,0,0.15,1.52
01/01/2026,18:16:00,1.695,0.193,236.85,7,18.71,0.46,3.26,5.82
01/01/2026,18:17:00,2.44,0.283,238.63,10.57,0,0,6.48,34.19
01/01/2026,18:18:00,3.001,0.452,239.53,12.79,0,0,13.32,36.69
01/01/2026,18:19:00,0.179,0.019,238.78,0.59,2.23,0,16.69,0
01/01/2026,18:20:00,0.626,0.087,235.71,2.78,0,0,14.42,0
01/01/2026,18:21:00,2.774,0.343,239.44,11.88,0,0,6.44,39.79
01/01/2026,18:22:00,1.164,0.229,237.12,4.99,11.05,0,6.88,1.46
01/01/2026,18:23:00,2.396,0.409,238.09,10.02,7.7,0,0.01,32.21
01/01/2026,18:24:00,0.33,0.06,242.22,1.65,0.14,0,2.71,2.64
01/01/2026,18:25:00,4.008,0.369,242.87,16.55,0.34,0,14.24,52.22
01/01/2026,18:26:00,0.297,0.034,236.07,1.13,0,0,7.02,0
01/01/2026,18:27:00,1.652,0.09,244.71,6.52,0,0,3.79,23.75
01/01/2026,18:28:00,1.69,0.121,238.47,6.5,3.09,0,0.66,24.41
01/01/2026,18:29:00,0.855,0.088,238.2,3.98,0,0,1.7,12.55
01/01/2026,18:30:00,2.113,0.133,237.33,8.73,0,0.54,4.86,29.81
01/01/2026,18:31:00,2.163,0.369,240.17,9.2,3.36,0,13.67,19.02
01/01/2026,18:32:00,1.973,0.492,245.94,7.84,2.42,0,0.6,29.85
01/01/2026,18:33:00,0.839,0.059,235.38,3.6,0,0,1,12.97
01/01/2026,18:34:00,0.679,0.145,233.83,2.99,1.08,0,6.39,3.85
01/01/2026,18:35:00,0.934,0.069,240.81,3.63,1.51,0,2.09,11.97
01/01/2026,18:36:00,0.582,0.107,241.71,2.6,9.79,0,1.12,0
01/01/2026,18:37:00,3.414,0.61,240.16,14.17,8.34,0,1.18,47.38
01/01/2026,18:38:00,1.017,0.234,241.79,4.31,0,0,4.07,12.87
01/01/2026,18:39:00,1.611,0.117,236.61,7.1,7.37,0,5.26,14.22
01/01/2026,18:40:00,2.765,0.313,237.17,11.81,0,0,14.08,32
01/01/2026,18:41:00,0.55,0.037,240.37,2.27,6.53,8.41,4.53,0
01/01/2026,18:42:00,0.28,0.037,245.27,1.53,2.45,0,7.05,0
01/01/2026,18:43:00,0.584,0.136,241.68,2.41,0,0,1.2,8.54
01/01/2026,18:44:00,1.769,0.365,241.82,7.33,0,0,7.5,21.98
01/01/2026,18:45:00,1.666,0.324,236.78,7,0,0,6.28,21.49
01/01/2026,18:46:00,1.97,0.308,241.27,7.92,2.48,0,1.46,28.89
01/01/2026,18:47:00,1.27,0.288,236.45,5.11,1.77,1.34,6.64,11.43
01/01/2026,18:48:00,1.233,0.172,245.3,4.92,0,0,1.43,19.13
01/01/2026,18:49:00,3.061,0.245,236.96,12.72,0,0,5.4,45.62
01/01/2026,18:50:00,3.691,0.803,237.61,15.48,6.11,0,6.63,48.77
01/01/2026,18:51:00,1.518,0.161,235.58,6.61,0,0,7.09,18.21
01/01/2026,18:52:00,1.672,0.102,240.26,6.88,0,0,14.4,13.46
01/01/2026,18:53:00,2.359,0.177,240.13,9.87,0,0,17.72,21.6
01/01/2026,18:54:00,3.612,0.621,244.54,14.67,5.82,0,9.97,44.41
01/01/2026,18:55:00,1.401,0.24,242.33,6.29,5.58,0,12.66,5.11
01/01/2026,18:56:00,2.333,0.238,237.63,10.12,0,0,0.12,38.76
01/01/2026,18:57:00,0.801,0.157,242.62,3.25,0,0,2.7,10.64
01/01/2026,18:58:00,0.339,0.069,236.27,1.49,0,0,0.24,5.41
01/01/2026,18:59:00,0.891,0.209,237.84,3.48,0.95,0,1.53,12.37
01/01/2026,19:00:00,4.253,0.71,240.36,17.65,0,0,2.88,67.99
01/01/2026,19:01:00,2.371,0.488,236.6,9.9,0,0,12.13,27.39
01/01/2026,19:02:00,0.382,0.077,243.19,1.72,0,0,4.3,2.06
01/01/2026,19:03:00,2.461,0.25,246.84,9.79,1.67,0,6.28,33.07
01/01/2026,19:04:00,0.42,0.047,239.12,2.09,0,0,2.7,4.29
01/01/2026,19:05:00,1.947,0.284,238.04,8.16,0,0,5.54,26.9
01/01/2026,19:06:00,0.526,0.028,239.61,2.02,0.53,0,10.14,0
01/01/2026,19:07:00,0.355,0.039,238.33,1.5,13.07,0,2.15,0
01/01/2026,19:08:00,4.791,0.694,240.79,20.04,0,0,16.15,63.7
01/01/2026,19:09:00,1.016,0.073,236.03,4.41,0,0,1.44,15.49
01/01/2026,19:10:00,2.336,0.176,240.96,9.73,0,0,15.1,23.84
01/01/2026,19:11:00,1.454,0.207,245.74,6.09,0,0,0.17,24.06
01/01/2026,19:12:00,0.461,0.091,233.99,2.13,0,0,4.7,2.99
01/01/2026,19:13:00,1.124,0.244,236.49,4.92,0,0,25.27,0
01/01/2026,19:14:00,0.466,0.074,238.66,1.9,0,0,5.65,2.12
01/01/2026,19:15:00,7.433,1.077,241.63,30.71,3.55,0,4.86,115.48
01/01/2026,19:16:00,2.683,0.34,242.67,11.01,0,0,6.88,37.83
01/01/2026,19:17:00,1.429,0.127,242.43,5.8,0,0,2.05,21.77
01/01/2026,19:18:00,2.236,0.177,234.92,9.54,0,1.87,0.33,35.06
01/01/2026,19:19:00,2.547,0.531,237.98,10.7,0,0,1.73,40.72
01/01/2026,19:20:00,2.552,0.365,237.3,11.09,0,6.06,1.16,35.31
01/01/2026,19:21:00,2.466,0.513,239.8,10.18,7.8,1.17,15.43,16.7
01/01/2026,19:22:00,2.316,0.442,240.05,9.45,0,1.41,11.47,25.71
01/01/2026,19:23:00,1.536,0.136,235.89,6.64,3.25,3.05,2.29,17.01
01/01/2026,19:24:00,4.52,0.687,238.68,18.95,0,0,10.85,64.49
01/01/2026,19:25:00,1.625,0.225,241.74,6.58,0,0,1.43,25.65
01/01/2026,19:26:00,1.467,0.198,238.12,6.32,0,0,1.34,23.11
01/01/2026,19:27:00,1.637,0.259,239.4,6.78,0,0,8.75,18.53
01/01/2026,19:28:00,1.741,0.429,245.09,7.41,8.24,0,2.38,18.39
01/01/2026,19:29:00,0.181,0.039,245.97,0.55,0.84,9.29,0.4,0
01/01/2026,19:30:00,0.577,0.133,233.52,2.36,0,0,7.64,1.98
01/01/2026,19:31:00,1.27,0.071,240.34,5.31,0,0,27.4,0
01/01/2026,19:32:00,0.168,0.013,248.75,0.95,0,0,5.01,0
01/01/2026,19:33:00,1.427,0.096,241.44,5.77,6.11,0,1.84,15.85
01/01/2026,19:34:00,1.721,0.177,240.06,7.24,0,0,2.8,25.88
01/01/2026,19:35:00,0.32,0.044,243.94,1.08,0,0,6.28,0
01/01/2026,19:36:00,0.743,0.133,240.65,3.27,0,13.97,7.25,0
01/01/2026,19:37:00,3.805,0.571,242.13,15.58,0,0,13.05,50.37
01/01/2026,19:38:00,2.254,0.52,239.37,9.54,0,0,14.37,23.2
01/01/2026,19:39:00,2.15,0.512,240.61,9.07,0,0,11.85,23.98
01/01/2026,19:40:00,3.459,0.286,241.28,13.97,0,0.09,6.27,51.28
01/01/2026,19:41:00,0.59,0.13,242.6,2.47,0,0,3.59,6.25
01/01/2026,19:42:00,0.321,0.047,238.7,1.24,0,0,6.82,0
01/01/2026,19:43:00,3.109,0.437,238.62,13.13,0,2.55,6.59,42.68
01/01/2026,19:44:00,1.304,0.27,234.22,5.39,0,0,1.48,20.26
01/01/2026,19:45:00,0.573,0.039,238.84,2.28,0,0,4.25,5.29
01/01/2026,19:46:00,0.179,0.041,242.86,0.98,0,0,1.4,1.58
01/01/2026,19:47:00,1.653,0.305,241.39,7.07,0,0,13.76,13.79
01/01/2026,19:48:00,1.168,0.263,237.01,4.73,0,4.68,2.34,12.44
01/01/2026,19:49:00,0.986,0.245,234.29,4.57,0,0,9.82,6.61
01/01/2026,19:50:00,0.045,0.007,239.57,0.2,0,4.75,2.84,0
01/01/2026,19:51:00,4.476,0.307,242.77,18.48,0,0,8.66,65.95
01/01/2026,19:52:00,0.247,0.021,238.56,0.78,0,0,1.5,2.61
01/01/2026,19:53:00,1.082,0.124,235.67,4.67,10.07,0,8.66,0
01/01/2026,19:54:00,0.914,0.065,238.23,3.78,0,0,1.19,14.05
01/01/2026,19:55:00,2.31,0.492,240.98,9.38,1.46,0,4.05,32.99
01/01/2026,19:56:00,0.182,0.02,243.73,0.6,3.92,0,0.72,0
01/01/2026,19:57:00,2.089,0.512,239.23,8.57,0,0,4.5,30.31
01/01/2026,19:58:00,1.661,0.316,243.16,6.84,3.79,4.76,10.31,8.81
01/01/2026,19:59:00,0.705,0.06,242.83,3.1,0,0,8.45,3.3
01/01/2026,20:00:00,2.028,0.294,236.47,8.97,0,0,0.31,33.48
01/01/2026,20:01:00,1.425,0.204,243.75,5.81,0,0,4.07,19.68
01/01/2026,20:02:00,5.283,0.784,240.89,21.99,0,0,11.47,76.57
01/01/2026,20:03:00,1.167,0.183,236.38,5.17,0,0,6.3,13.15
01/01/2026,20:04:00,0.49,0.028,245.28,1.91,0,0,0.37,7.8
01/01/2026,20:05:00,2.106,0.394,239.62,8.63,0,1.71,2.36,31.02
01/01/2026,20:06:00,1.032,0.152,234.17,4.8,0,2.09,4.88,10.24
01/01/2026,20:07:00,1.399,0.291,237.88,5.85,0,0,1.14,22.18
01/01/2026,20:08:00,0.324,0.069,237.14,1.41,0,2.22,6.87,0
01/01/2026,20:09:00,2.339,0.225,237.95,9.51,2.14,0,6.04,30.8
01/01/2026,20:10:00,0.875,0.052,238.66,3.56,0,10.23,1.36,3
01/01/2026,20:11:00,1.774,0.338,239.23,7.79,0,0,4.8,24.76
01/01/2026,20:12:00,6.266,1.539,239.11,26.3,0,0,10.02,94.41
01/01/2026,20:13:00,1.104,0.154,239.71,4.6,8.26,1.92,2.82,5.4
01/01/2026,20:14:00,2.603,0.265,241.76,11.05,0,0,1.7,41.68
01/01/2026,20:15:00,1.178,0.096,237.76,4.63,2.09,0,7.25,10.29
01/01/2026,20:16:00,0.716,0.077,243.54,2.86,0,0,0.44,11.49
01/01/2026,20:17:00,3.906,0.451,236.32,16.98,0,0,10.73,54.37
01/01/2026,20:18:00,0.107,0.014,241.85,0.43,2.19,0,17.24,0
01/01/2026,20:19:00,3.154,0.571,244.93,12.87,3.14,0,20.08,29.35
01/01/2026,20:20:00,0.084,0.009,239.47,0.59,0,0.58,3.4,0
01/01/2026,20:21:00,2.905,0.175,240.58,12.32,0,0,5.86,42.56
01/01/2026,20:22:00,1.419,0.177,237.1,5.72,2.2,0,11.68,9.75
01/01/2026,20:23:00,0.492,0.109,238.46,2.15,0,0,1.52,6.68
01/01/2026,20:24:00,0.936,0.14,244.7,4.18,0,0,0.17,15.43
01/01/2026,20:25:00,2.491,0.605,242.25,10.16,0,0,2.91,38.61
01/01/2026,20:26:00,5.842,0.881,241.26,24.14,0,10.34,12.94,74.08
01/01/2026,20:27:00,0.194,0.02,234.19,0.83,2.74,0,4.22,0
01/01/2026,20:28:00,0.528,0.047,237.85,2.36,0,0,4.53,4.27
01/01/2026,20:29:00,0.287,0.054,245.22,0.88,4.85,0,7.06,0
01/01/2026,20:30:00,1.169,0.184,241.23,4.22,0,0.59,5.13,13.77
01/01/2026,20:31:00,2.967,0.507,241.61,12.32,0,0,0.34,49.11
01/01/2026,20:32:00,0.236,0.047,240.51,1.21,0,0,4.94,0
01/01/2026,20:33:00,1.384,0.27,238.16,5.75,0.75,0.94,6.26,15.12
01/01/2026,20:34:00,2.893,0.17,241,11.88,1.26,0,6.16,40.8
01/01/2026,20:35:00,0.922,0.194,235.41,3.88,3.87,3.06,7.82,0.61
01/01/2026,20:36:00,1.674,0.262,235.18,7.44,0,0.19,4.4,23.31
01/01/2026,20:37:00,3.69,0.474,237.79,15.39,0.18,0,13.82,47.51
01/01/2026,20:38:00,0.42,0.066,240.58,1.86,2.57,0,3.74,0.68
01/01/2026,20:39:00,0.129,0.022,235.29,0.32,0,0,4.38,0
01/01/2026,20:40:00,1.857,0.148,240.38,7.5,0,1.34,9.09,20.51
01/01/2026,20:41:00,1.901,0.254,237.02,8.19,0,0,10.75,20.93
01/01/2026,20:42:00,0.859,0.101,237.42,3.94,0,0,6.27,8.04
01/01/2026,20:43:00,0.694,0.083,243.9,3.02,0.69,0,0.81,10.07
01/01/2026,20:44:00,1.445,0.099,240.11,5.61,0,0,2.42,21.66
01/01/2026,20:45:00,0.411,0.034,237.29,1.65,0,0,0.12,6.72
01/01/2026,20:46:00,0.412,0.034,240.56,1.76,0,0,2.1,4.76
01/01/2026,20:47:00,2.478,0.309,235.59,10.53,0,0,5.07,36.23
01/01/2026,20:48:00,0.377,0.086,241.15,1.18,1.24,0,9.82,0
01/01/2026,20:49:00,0.143,0.013,243.32,0.33,0,0,5.29,0
01/01/2026,20:50:00,0.693,0.092,241.99,2.7,0,0,0.24,11.3
01/01/2026,20:51:00,0.88,0.099,246.47,3.56,19.96,0,1.8,0
01/01/2026,20:52:00,2.088,0.433,234.18,8.53,3.89,0,5.18,25.74
01/01/2026,20:53:00,0.76,0.046,240.38,3.28,0,0,7.41,5.25
01/01/2026,20:54:00,4.171,0.373,235.97,17.66,0,0,12.08,57.44
01/01/2026,20:55:00,1.514,0.139,239.48,6.11,0,0,20.59,4.64
01/01/2026,20:56:00,0.592,0.147,240,2.51,1.7,0,13.34,0
01/01/2026,20:57:00,2.015,0.331,246.84,7.88,1.98,3.45,3.78,24.38
01/01/2026,20:58:00,4.116,0.32,239.82,17.15,0,0,8.24,60.35
01/01/2026,20:59:00,2.424,0.253,239.76,9.75,0,1.48,1.65,37.26
01/01/2026,21:00:00,0.216,0.018,243.02,0.56,0,0,0.4,3.2
01/01/2026,21:01:00,0.959,0.072,239.84,3.91,0,0,0.34,15.64
01/01/2026,21:02:00,1.75,0.367,245.49,6.99,0,0,1.66,27.51
01/01/2026,21:03:00,2.343,0.349,242.01,9.76,0,0,0.23,38.82
01/01/2026,21:04:00,1.176,0.207,242.49,4.84,0,0,11.39,8.2
01/01/2026,21:05:00,1.024,0.119,234.4,4.79,4.34,0,4.04,8.69
01/01/2026,21:06:00,5.254,0.845,245.96,21.31,0,0,9.99,77.57
01/01/2026,21:07:00,2.453,0.249,238.03,9.64,8.38,0,16.87,15.63
01/01/2026,21:08:00,2.021,0.226,239.97,8.01,0,0,30.6,3.07
01/01/2026,21:09:00,0.794,0.143,238.04,3.1,8.36,0,16.6,0
01/01/2026,21:10:00,0.403,0.032,236.93,2.38,0,0,7.56,0
01/01/2026,21:11:00,2.05,0.356,236.39,8.67,0,0,3.5,30.67
01/01/2026,21:12:00,2.672,0.589,240.31,11.34,0,0,5.47,39.06
01/01/2026,21:13:00,1.393,0.103,234.09,6.15,0,0,10.17,13.04
01/01/2026,21:14:00,2.458,0.564,239.27,10.02,4.61,0,13.67,22.68
01/01/2026,21:15:00,2.509,0.165,243.17,9.96,0,0,18.81,23.01
01/01/2026,21:16:00,2.814,0.337,241.9,11.76,0,0,7.87,39.03
01/01/2026,21:17:00,0.21,0.036,241.3,0.43,0,0,4.66,0
01/01/2026,21:18:00,0.986,0.16,237.31,4.35,10.22,2.68,20.72,0
01/01/2026,21:19:00,2.154,0.149,235.24,9.13,0,4.11,19.11,12.69
01/01/2026,21:20:00,1.466,0.307,243.13,6.15,0,0,3.9,20.53
01/01/2026,21:21:00,2.515,0.615,238.65,10.6,1.15,0,6.28,34.5
01/01/2026,21:22:00,2.02,0.174,239.75,8.5,0,0,9.94,23.72
01/01/2026,21:23:00,0.053,0.012,239.41,0.24,0,0,3.41,0
01/01/2026,21:24:00,3.358,0.542,242.02,13.93,0,0,10.61,45.36
01/01/2026,21:25:00,0.867,0.206,245.53,3.54,0,0,0.71,13.73
01/01/2026,21:26:00,0.553,0.047,244.39,1.99,0,0,3.94,5.28
01/01/2026,21:27:00,3.272,0.682,233,13.96,0,0.34,3.95,50.24
01/01/2026,21:28:00,2.362,0.146,239.07,10.31,4.2,6.09,6.92,22.15
01/01/2026,21:29:00,3.632,0.823,235.96,15.45,7.52,1.63,0.74,50.64
01/01/2026,21:30:00,1.767,0.327,242.82,7.5,6.28,0,0.65,22.51
01/01/2026,21:31:00,0.974,0.121,240.01,3.86,0,1.7,13.85,0.68
01/01/2026,21:32:00,1.594,0.14,241.82,6.39,0,0,2.17,24.4
01/01/2026,21:33:00,0.445,0.095,238.82,1.62,2.62,0,2.38,2.42
01/01/2026,21:34:00,0.277,0.047,236.88,0.9,0,7.27,9,0
01/01/2026,21:35:00,0.733,0.089,237.4,2.76,2.15,2.65,3.22,4.2
01/01/2026,21:36:00,4.477,0.621,235.4,19.07,0,0,10.74,63.89
01/01/2026,21:37:00,0.814,0.175,236.21,3.38,0.67,0,3.08,9.82
01/01/2026,21:38:00,0.148,0.017,235.58,0.8,17.13,0,8.58,0
01/01/2026,21:39:00,1.207,0.082,236.89,5.04,0,0,4.47,15.65
01/01/2026,21:40:00,0.803,0.186,236.72,2.91,0,3.33,16.48,0
01/01/2026,21:41:00,3.405,0.434,241.18,14.21,0,0,2.38,54.37
01/01/2026,21:42:00,4.242,0.508,241.06,17.19,0,0,2.7,67.99
01/01/2026,21:43:00,0.93,0.084,241.18,3.9,0,0,21.04,0
01/01/2026,21:44:00,1.765,0.405,243.52,7.09,0,0,8.03,21.39
01/01/2026,21:45:00,1.895,0.177,239.76,7.95,0,1.13,8.89,21.56
01/01/2026,21:46:00,1.338,0.237,237.66,5.34,0,0,2.11,20.19
01/01/2026,21:47:00,1.122,0.254,246.63,4.71,0,0,4.56,14.15
01/01/2026,21:48:00,0.511,0.029,242.72,2.11,0,7.55,2.26,0
01/01/2026,21:49:00,0.112,0.024,240.46,0.39,0,0,1.81,0.05
01/01/2026,21:50:00,0.508,0.067,240.25,1.77,0.31,3.18,4.6,0.37
01/01/2026,21:51:00,1.295,0.235,240.87,5.74,7.15,1.47,26.42,0
01/01/2026,21:52:00,0.236,0.029,239.39,0.81,0,0,1.45,2.49
01/01/2026,21:53:00,1.686,0.319,240.38,7.07,0,0,1.67,26.44
01/01/2026,21:54:00,1.492,0.15,241.5,5.99,3.8,0,1.67,19.39
01/01/2026,21:55:00,0.804,0.044,237.82,4.14,0,0,9.41,3.99
01/01/2026,21:56:00,1.077,0.258,235.1,4.61,0,0,4.29,13.66
01/01/2026,21:57:00,0.301,0.016,233.77,1.16,0,0,2.91,2.1
01/01/2026,21:58:00,2.774,0.596,242.66,11.55,0,0,11.14,35.1
01/01/2026,21:59:00,2.737,0.229,235.25,11.78,0,0,2.12,43.5
01/01/2026,22:00:00,0.377,0.048,241.4,1.64,4.51,0,2.99,0
01/01/2026,22:01:00,0.391,0.084,236.54,1.59,0,0,0.46,6.06
01/01/2026,22:02:00,0.516,0.047,236.59,2.27,0.7,0,0.76,7.13
01/01/2026,22:03:00,2.243,0.501,237.85,9.4,0,0,0.88,36.51
01/01/2026,22:04:00,1.889,0.283,240.58,7.85,2.54,0,2.56,26.39
01/01/2026,22:05:00,3.243,0.4,236.13,13.58,0,0,4.46,49.6
01/01/2026,22:06:00,3.529,0.644,238.15,14.53,0,0,0,58.81
01/01/2026,22:07:00,0.205,0.024,239.92,0.97,0.32,3.81,1.26,0
01/01/2026,22:08:00,2.178,0.26,236.37,9.34,5.2,0,1.16,29.94
01/01/2026,22:09:00,3.421,0.673,244.28,14.27,0,0,1.75,55.27
01/01/2026,22:10:00,1.01,0.113,234.83,4.31,11.89,0,1.09,3.85
01/01/2026,22:11:00,1.37,0.123,239.35,5.68,0,0,1.3,21.53
01/01/2026,22:12:00,1.186,0.251,243.82,4.58,1.66,0,24.77,0
01/01/2026,22:13:00,1.236,0.261,236.03,5.23,4.59,0,5.42,10.6
01/01/2026,22:14:00,2.767,0.414,239.67,11.62,0,0,8.63,37.48
01/01/2026,22:15:00,5.113,0.794,240.4,20.9,0,0,10.27,74.94
01/01/2026,22:16:00,4.062,0.769,237.58,17.31,0,0,6.61,61.1
01/01/2026,22:17:00,0.844,0.128,239.77,3.38,9.52,0,7.31,0
01/01/2026,22:18:00,1.77,0.236,241.68,7.28,0,4.2,6,19.3
01/01/2026,22:19:00,0.61,0.152,238.6,2.68,0,0,6.29,3.88
01/01/2026,22:20:00,0.682,0.054,242.29,2.81,0,0,15.82,0
01/01/2026,22:21:00,1.315,0.222,241.18,5.73,1.23,2.42,1.23,17.03
01/01/2026,22:22:00,0.662,0.15,238.25,2.9,0,0,1.93,9.11
01/01/2026,22:23:00,0.775,0.145,243.38,3.15,1.21,0,0.59,11.12
01/01/2026,22:24:00,1.734,0.392,237.78,6.67,0.62,0,10.9,17.38
01/01/2026,22:25:00,2.153,0.252,242.57,9.07,0,0,3.57,32.3
01/01/2026,22:26:00,2.105,0.22,237.83,8.62,0,0,14.26,20.83
01/01/2026,22:27:00,2.123,0.468,239.05,9.05,5.78,0,3.18,26.42
01/01/2026,22:28:00,0.331,0.043,239.51,1.48,0,0,3.51,2
01/01/2026,22:29:00,0.625,0.12,241.02,2.56,1.55,0,3.57,5.31
01/01/2026,22:30:00,1.45,0.115,232.76,6.42,10.86,0,5.69,7.62
01/01/2026,22:31:00,3.302,0.664,241.37,13.78,0,0,8.72,46.32
01/01/2026,22:32:00,7.243,1.157,239.69,30.28,0,0,2.6,118.11
01/01/2026,22:33:00,1.832,0.19,240.86,7.26,0,0,5.97,24.56
01/01/2026,22:34:00,2.559,0.381,241.51,10.6,0,11.06,1.37,30.22
01/01/2026,22:35:00,0.283,0.054,241.18,0.92,0,0,4.85,0
01/01/2026,22:36:00,2.504,0.131,233.98,10.48,0,0,4.75,36.99
01/01/2026,22:37:00,0.623,0.111,236.82,2.56,0,0,13.17,0
01/01/2026,22:38:00,0.802,0.127,241,3.62,0,0,13.57,0
01/01/2026,22:39:00,2.836,0.267,240.6,11.86,0,0,4.01,43.26
01/01/2026,22:40:00,1.433,0.287,237.63,6.12,2.04,0,0.15,21.69
01/01/2026,22:41:00,0.095,0.01,242.21,0.55,0,0,11.17,0
01/01/2026,22:42:00,0.853,0.09,239.23,3.39,0,0,0,14.22
01/01/2026,22:43:00,4.229,0.61,242.66,17.11,5.9,0,3.9,60.68
01/01/2026,22:44:00,1.069,0.198,243.63,4.04,0,0,0.12,17.69
01/01/2026,22:45:00,1.068,0.252,240.83,4.48,8.29,5.07,2.61,1.82
01/01/2026,22:46:00,2.695,0.211,241.67,11.35,0,0,6.08,38.83
01/01/2026,22:47:00,1.889,0.244,238.17,8.11,13.2,0,2.78,15.49
01/01/2026,22:48:00,1.013,0.064,242.68,4.01,0,4.25,15.69,0
01/01/2026,22:49:00,0.747,0.151,240.65,3.37,12.21,0,6.14,0
01/01/2026,22:50:00,9.757,1.362,239.12,41.21,0.57,0,6.24,155.81
01/01/2026,22:51:00,3.712,0.71,236.34,15.83,0,0,2.81,59.06
01/01/2026,22:52:00,2.122,0.243,238.54,9.19,0,0,0.24,35.13
01/01/2026,22:53:00,2.236,0.489,236.67,9.62,2.22,0,8.04,27.01
01/01/2026,22:54:00,1.244,0.195,242.28,5.09,0,0,7.56,13.17
01/01/2026,22:55:00,1.869,0.446,243.66,7.54,4.64,13.34,4.53,8.65
01/01/2026,22:56:00,1.123,0.074,242.75,4.3,0,0,3.23,15.48
01/01/2026,22:57:00,0.561,0.086,247.46,2.18,3.48,0,4.64,1.23
01/01/2026,22:58:00,1.932,0.393,238.62,8.05,0,0,8.24,23.96
01/01/2026,22:59:00,1.032,0.175,241.79,4.22,0,0,7.49,9.71
01/01/2026,23:00:00,2.018,0.11,236.46,8.51,0,0,6.44,27.2
01/01/2026,23:01:00,2.343,0.573,239.41,9.33,0,0,14.05,25
01/01/2026,23:02:00,2.108,0.231,235.57,9.1,0,0,5.65,29.49
01/01/2026,23:03:00,0.51,0.051,241.7,2.29,0,0,0.09,8.41
01/01/2026,23:04:00,0.926,0.136,238.93,3.95,0,0,5.78,9.65
01/01/2026,23:05:00,1.051,0.167,233.84,4.26,13.43,0,5.69,0
01/01/2026,23:06:00,3.084,0.627,237.94,13.03,0,0,0.43,50.97
01/01/2026,23:07:00,2.96,0.381,245.38,12.07,14.58,0,3.35,31.4
01/01/2026,23:08:00,0.667,0.092,241.23,2.86,0,6.64,6.32,0
01/01/2026,23:09:00,0.32,0.05,242.31,1.63,0,0,7.31,0
01/01/2026,23:10:00,7.489,0.965,240.38,31.12,0,0,13.41,111.4
01/01/2026,23:11:00,2.04,0.475,239.46,8.55,0,0,11.05,22.94
01/01/2026,23:12:00,0.266,0.059,240.05,0.94,0,0,0.74,3.69
01/01/2026,23:13:00,0.788,0.111,240.74,3.46,0,0,5.63,7.5
01/01/2026,23:14:00,3.185,0.159,236.71,13.6,0,0,5.45,47.64
01/01/2026,23:15:00,6.226,1.433,242.29,25.74,0,0,2.17,101.6
01/01/2026,23:16:00,5.495,0.411,243.37,22.37,0,0,1.22,90.36
01/01/2026,23:17:00,1.968,0.195,239.41,8.08,0,0,1.34,31.47
01/01/2026,23:18:00,1.404,0.113,238.43,5.52,0,8.84,1.17,13.39
01/01/2026,23:19:00,0.454,0.039,237.77,1.77,0,0,9.85,0
01/01/2026,23:20:00,1.514,0.319,245.28,6.31,0,0.07,0.96,24.2
01/01/2026,23:21:00,0.531,0.088,238.64,2.3,0,0,1.84,7
01/01/2026,23:22:00,0.935,0.226,241.96,3.9,0,0,1.47,14.11
01/01/2026,23:23:00,2.833,0.273,239.43,12.13,0,3.09,7.49,36.65
01/01/2026,23:24:00,1.117,0.164,239.27,4.73,0,0,1.03,17.59
01/01/2026,23:25:00,1.046,0.257,237.71,4.29,0,2.38,0.15,14.91
01/01/2026,23:26:00,1.336,0.288,237.09,5.49,2.09,0,2.81,17.37
01/01/2026,23:27:00,8.285,1.622,242.22,34.16,0,0.57,2.18,135.33
01/01/2026,23:28:00,0.397,0.035,237.02,1.58,0,0,3.04,3.57
01/01/2026,23:29:00,1.796,0.366,241.39,7.63,0,0,8.41,21.53
01/01/2026,23:30:00,5.14,0.614,240.27,21.48,0,0,0.07,85.6
01/01/2026,23:31:00,1.332,0.208,242.26,5.44,4.58,0,0.23,17.39
01/01/2026,23:32:00,3.66,0.629,238.17,15.31,13.07,0,1.77,46.16
01/01/2026,23:33:00,0.292,0.05,243.24,1.34,0,0.11,13.2,0
01/01/2026,23:34:00,1.153,0.225,239.58,5.02,2.54,0,1.11,15.57
01/01/2026,23:35:00,0.598,0.109,247.78,2.04,0,0,34.93,0
01/01/2026,23:36:00,1.319,0.084,235.16,5.58,0,0,9.83,12.16
01/01/2026,23:37:00,1.345,0.19,247.29,5.46,0,0,3.65,18.77
01/01/2026,23:38:00,1.477,0.27,239.62,6.27,0,0,8.27,16.34
01/01/2026,23:39:00,2.813,0.307,240.67,11.71,3.26,0,4.39,39.23
01/01/2026,23:40:00,0.04,0.005,238.19,0.25,6.96,0,5.01,0
01/01/2026,23:41:00,0.752,0.056,235.29,3.15,0,0,5.22,7.31
01/01/2026,23:42:00,1.692,0.226,238.41,6.94,0,0,6.28,21.92
01/01/2026,23:43:00,0.104,0.026,238.9,0.59,0,0,0.38,1.36
01/01/2026,23:44:00,2.367,0.253,240.55,10,4.91,2.01,5.75,26.78
01/01/2026,23:45:00,0.737,0.115,243.36,3.16,0,0,7.57,4.7
01/01/2026,23:46:00,1.174,0.233,240.57,5.05,0,0,2.23,17.34
01/01/2026,23:47:00,2.914,0.154,240.62,11.92,0,0,23.06,25.51
01/01/2026,23:48:00,3.788,0.872,241.15,15.61,0.52,0,0.94,61.68
01/01/2026,23:49:00,2.426,0.309,234.74,10.56,0.81,0.36,14.48,24.78
01/01/2026,23:50:00,0.383,0.086,235.01,1.7,0,1.9,6.77,0
01/01/2026,23:51:00,2.328,0.135,235.51,9.9,0,9.36,6.55,22.9
01/01/2026,23:52:00,2.457,0.194,238.88,10.24,6.91,0,12.53,21.51
01/01/2026,23:53:00,2.08,0.238,234.38,9.13,3.61,0,10.69,20.37
01/01/2026,23:54:00,4.262,0.508,237.93,17.56,0,0,2.54,68.49
01/01/2026,23:55:00,1.511,0.332,235.9,6.47,0,0,7.33,17.86
01/01/2026,23:56:00,4.139,0.216,241.46,17.13,0,0,0.31,68.67
01/01/2026,23:57:00,4.12,0.734,241.31,16.82,9.93,0,3.74,55
01/01/2026,23:58:00,2.513,0.192,239.1,10.84,0.06,0,16.66,25.16
01/01/2026,23:59:00,1.821,0.391,234.3,7.23,0,0,1.92,28.42
02/01/2026,0:00:00,2.09,0.43,239.29,8.76,4.73,0,0.31,29.8
02/01/2026,0:01:00,4.961,0.744,240.99,20.69,0,0,5.25,77.44
02/01/2026,0:02:00,3.299,0.305,242.43,13.41,9.69,9.15,2.63,33.51
02/01/2026,0:03:00,0.443,0.078,245.26,1.86,0,0,2.87,4.52
02/01/2026,0:04:00,1.982,0.161,243.36,8.1,0,0.02,5.24,27.77
02/01/2026,0:05:00,0.564,0.05,240.49,2.54,0,0,5.83,3.56
02/01/2026,0:06:00,0.713,0.125,239.14,3.69,8.65,0,3.45,0
02/01/2026,0:07:00,0.973,0.241,237.77,4.16,0,0,4.25,11.96
02/01/2026,0:08:00,0.254,0.058,244.07,1.16,0,0,29.99,0
02/01/2026,0:09:00,0.522,0.088,240.5,1.98,0.61,1.91,18.9,0
02/01/2026,0:10:00,4.437,0.7,241.89,18.39,0,0,7.37,66.57
02/01/2026,0:11:00,0.709,0.177,238.23,2.9,0,1.97,1.06,8.78
02/01/2026,0:12:00,2.825,0.451,236.28,12.11,0.54,0,2.68,43.87
02/01/2026,0:13:00,1.635,0.219,238.8,6.56,0,0,12.88,14.37
02/01/2026,0:14:00,2.246,0.521,239.09,9.18,1.34,0,3.31,32.8
02/01/2026,0:15:00,2.326,0.225,240.58,9.9,0,0,18.66,20.1
02/01/2026,0:16:00,0.495,0.034,237.79,2.13,0.23,0,4.02,4
02/01/2026,0:17:00,2.812,0.497,240.07,11.98,3.46,0,11.87,31.53
02/01/2026,0:18:00,0.333,0.023,243.53,1.44,0,0,0.22,5.34
02/01/2026,0:19:00,0.677,0.084,234.98,2.98,0.12,0,3.42,7.75
02/01/2026,0:20:00,2.298,0.31,233.65,9.77,0,0,7.23,31.07
02/01/2026,0:21:00,0.457,0.073,243.74,1.84,9.03,6.03,11.95,0
02/01/2026,0:22:00,0.086,0.021,235.61,0.56,1.87,0,5.64,0
02/01/2026,0:23:00,1.904,0.179,238.86,7.94,0,0,1.14,30.59
02/01/2026,0:24:00,0.194,0.024,241.83,1.04,0,0,13.02,0
02/01/2026,0:25:00,2.478,0.189,239.82,10.31,5.16,2.05,5.13,28.95
02/01/2026,0:26:00,1.044,0.179,239.78,4.12,0,0,0.69,16.71
02/01/2026,0:27:00,1.881,0.368,240.22,7.58,0,0,3.74,27.61
02/01/2026,0:28:00,1.851,0.271,247.56,7.44,0,0.86,7.2,22.78
02/01/2026,0:29:00,2.628,0.261,245.34,10.89,0,0,3.6,40.2
02/01/2026,0:30:00,2.353,0.41,237.92,9.76,1.62,0,12.28,25.33
02/01/2026,0:31:00,0.452,0.071,243.15,2.01,0,0,3.31,4.23
02/01/2026,0:32:00,1.107,0.093,241.52,4.6,0,0,5.25,13.19
02/01/2026,0:33:00,1.879,0.246,239.94,7.95,5.62,0,1.42,24.27
02/01/2026,0:34:00,4.195,0.575,237.28,17.62,0,0,4.31,65.61
02/01/2026,0:35:00,2.371,0.585,241.35,9.86,0,0,1.51,38
02/01/2026,0:36:00,3.925,0.863,239.08,16.61,1.36,0,1.53,62.53
02/01/2026,0:37:00,1.964,0.387,238.86,8.22,4.25,0,1.97,26.51
02/01/2026,0:38:00,3.344,0.762,237.7,13.96,0.95,0,0.27,54.51
02/01/2026,0:39:00,1.749,0.345,243,6.83,0,0.96,1.07,27.11
02/01/2026,0:40:00,3.238,0.747,237.7,13.73,0,0,3.31,50.66
02/01/2026,0:41:00,0.992,0.06,237.72,4.02,0,0,0.84,15.69
02/01/2026,0:42:00,4.561,0.644,242.33,18.72,0,0,0.86,75.16
02/01/2026,0:43:00,2.153,0.429,239.57,8.77,0,0,20.64,15.24
02/01/2026,0:44:00,0.257,0.043,239.65,1.03,0,1.03,3.34,0
02/01/2026,0:45:00,1.933,0.164,243.1,8.37,0,0,3.1,29.11
02/01/2026,0:46:00,2.377,0.281,243.94,9.82,0,0,1.87,37.75
02/01/2026,0:47:00,2.889,0.328,233.62,12.24,0,0.38,4.31,43.47
02/01/2026,0:48:00,5.767,0.59,239.61,23.98,0,0,5.44,90.68
02/01/2026,0:49:00,0.841,0.1,235.77,3.28,0,0,3.25,10.77
02/01/2026,0:50:00,5.796,0.887,238.84,24.04,0,0,3,93.59
02/01/2026,0:51:00,1.405,0.31,239.98,5.6,0,0,7.23,16.18
02/01/2026,0:52:00,0.641,0.127,238.94,2.74,5.4,0,17.95,0
02/01/2026,0:53:00,0.86,0.187,236.92,3.72,2.34,0,12.61,0
02/01/2026,0:54:00,2.264,0.513,236.77,9.58,0.79,0,0.76,36.18
02/01/2026,0:55:00,0.541,0.072,242.18,2.31,0,10.17,6.34,0
02/01/2026,0:56:00,1.009,0.12,244.6,3.97,0,0,0.04,16.77
02/01/2026,0:57:00,1.892,0.116,233.82,7.86,0,0,6.02,25.52
02/01/2026,0:58:00,4.535,1.071,239.02,18.74,0.16,0,3.75,71.68
02/01/2026,0:59:00,2.824,0.178,242.2,11.42,0,0,4.05,43.02
02/01/2026,1:00:00,1.457,0.289,239.9,6.15,0,0,5.32,18.97
02/01/2026,1:01:00,2.255,0.283,236.66,9.93,0,1.82,8.14,27.62
02/01/2026,1:02:00,1.737,0.416,238.57,7.07,0,0,7.84,21.1
02/01/2026,1:03:00,0.375,0.05,240.91,1.49,0.08,0,0.27,5.9
02/01/2026,1:04:00,5.131,1.094,239.08,21.5,0,0,8,77.51
02/01/2026,1:05:00,4.589,0.489,239.86,19.08,0,0,10.63,65.85
02/01/2026,1:06:00,1.306,0.143,239.94,5.51,0,3.19,0.42,18.16
02/01/2026,1:07:00,0.892,0.151,238.43,3.63,0,1.68,2.34,10.85
02/01/2026,1:08:00,0.386,0.096,242.45,1.46,2.96,0,9.42,0
02/01/2026,1:09:00,2.372,0.364,238.57,9.91,0,1.69,4.08,33.77
02/01/2026,1:10:00,2.385,0.566,236.98,10.13,0.2,0,7.12,32.42
02/01/2026,1:11:00,0.595,0.123,246.69,2.67,0,0,4.19,5.73
02/01/2026,1:12:00,1.754,0.367,239.77,7.39,0,3.27,22.96,3.01
02/01/2026,1:13:00,2.755,0.378,232.2,11.82,3.77,0,16.51,25.64
02/01/2026,1:14:00,0.832,0.106,243.76,3.58,3.73,0,1.98,8.15
02/01/2026,1:15:00,1.16,0.103,243.75,4.96,0,0,2.93,16.42
02/01/2026,1:16:00,1.15,0.279,241.37,4.7,0,0,3.39,15.78
02/01/2026,1:17:00,0.638,0.154,241.89,2.61,0,0,0.66,9.98
02/01/2026,1:18:00,1.183,0.236,246.48,4.71,0,4.42,3.11,12.19
02/01/2026,1:19:00,0.199,0.022,237.11,1,0,0,8.95,0
02/01/2026,1:20:00,1.094,0.108,240.4,4.56,0,0,11.26,6.97
02/01/2026,1:21:00,1.11,0.275,245.91,4.23,0,0,13.04,5.46
02/01/2026,1:22:00,1.321,0.084,246.54,5.44,2.71,0,0.09,19.23
02/01/2026,1:23:00,2.118,0.463,238.9,9.16,0,0,9.33,25.97
02/01/2026,1:24:00,0.348,0.042,246.03,1.73,11.64,11.39,4.19,0
02/01/2026,1:25:00,0.437,0.058,242.41,1.71,24.41,3.84,1.39,0
02/01/2026,1:26:00,0.62,0.134,244.49,2.4,4,0,4.14,2.19
02/01/2026,1:27:00,0.302,0.021,242.31,1.63,2.11,0.36,11.16,0
02/01/2026,1:28:00,2.322,0.281,240.92,9.95,1.37,0,3.42,33.9
02/01/2026,1:29:00,0.795,0.191,246.63,3.32,0.17,0,27.91,0
02/01/2026,1:30:00,1.36,0.258,238.41,5.36,0,0,5.75,16.91
02/01/2026,1:31:00,0.563,0.113,245.71,2.17,0,0,4.04,5.35
02/01/2026,1:32:00,0.984,0.198,246.18,3.78,4.67,0,2.1,9.63
02/01/2026,1:33:00,1.828,0.114,244.09,7.85,0,2.09,0.07,28.3
02/01/2026,1:34:00,1.904,0.173,239.78,7.64,0,0,5.66,26.08
02/01/2026,1:35:00,0.46,0.068,240.73,2.27,0.02,0,5.17,2.48
02/01/2026,1:36:00,1.298,0.16,236.18,5.48,0,0,4.36,17.27
02/01/2026,1:37:00,0.574,0.076,238.64,2.17,9.08,1.72,4.63,0
02/01/2026,1:38:00,1.254,0.259,241.86,5.38,0,0.64,11.13,9.13
02/01/2026,1:39:00,0.727,0.038,235.72,3.21,0,0,2.29,9.83
02/01/2026,1:40:00,5.372,0.978,239.11,22.21,0,0,4.79,84.74
02/01/2026,1:41:00,2.743,0.137,245.83,11.15,2.92,0,6.84,35.95
02/01/2026,1:42:00,1.975,0.124,239.54,8.52,0,0,1.41,31.5
02/01/2026,1:43:00,1.069,0.141,243.1,4.31,3.04,0,15.53,0
02/01/2026,1:44:00,2.806,0.612,241.7,11.95,0,0,8.02,38.75
02/01/2026,1:45:00,1.333,0.105,239.08,5.43,0,0,0.33,21.89
02/01/2026,1:46:00,4.974,0.8,239.53,20.44,0,0.33,12.02,70.55
02/01/2026,1:47:00,3.031,0.563,240.5,12.61,0,0,15.94,34.57
02/01/2026,1:48:00,0.977,0.094,233.85,3.88,0,0,9.47,6.81
02/01/2026,1:49:00,4.56,0.695,242.84,18.8,0,0,3.33,72.66
02/01/2026,1:50:00,1.074,0.249,239.64,4.48,0,0,31.09,0
02/01/2026,1:51:00,5.602,0.854,242.95,22.91,0,0,0.8,92.58
02/01/2026,1:52:00,4.742,0.386,241.16,20.04,0.55,0,4.62,73.87
02/01/2026,1:53:00,1.819,0.319,239.51,7.59,0,0,1.12,29.2
02/01/2026,1:54:00,0.211,0.035,240.59,1.05,0,1.6,3.47,0
02/01/2026,1:55:00,1.7,0.094,240.6,7.25,0,0,15.74,12.6
02/01/2026,1:56:00,0.405,0.028,244.43,2.01,0.94,0,9.49,0
02/01/2026,1:57:00,0.751,0.061,240.19,2.88,10.13,0.01,9.14,0
02/01/2026,1:58:00,0.811,0.063,240.86,3.02,2.71,0,2.62,8.19
02/01/2026,1:59:00,0.401,0.041,236.21,2.04,0,0,16.33,0
02/01/2026,2:00:00,1.706,0.24,239.86,7.23,4.38,0,2.76,21.29
02/01/2026,2:01:00,0.66,0.082,244.36,2.73,0.74,0.39,0.24,9.63
02/01/2026,2:02:00,1.122,0.256,241.29,4.62,3.95,0,6.09,8.66
02/01/2026,2:03:00,0.818,0.141,236.76,3.39,0,0,2.7,10.93
02/01/2026,2:04:00,2.125,0.479,237.08,9.14,4.16,0,1,30.26
02/01/2026,2:05:00,1.999,0.311,237.78,8.12,0,0,16.37,16.95
02/01/2026,2:06:00,1.038,0.071,243,4.37,0,11.48,6.08,0
02/01/2026,2:07:00,2.214,0.316,242.63,9.33,0,0,16.93,19.96
02/01/2026,2:08:00,3.673,0.788,229.64,16.15,0,0,5.25,55.98
02/01/2026,2:09:00,0.063,0.006,239.76,0.25,0,0,0.4,0.66
02/01/2026,2:10:00,0.771,0.053,240.44,3.2,0,0,0.18,12.66
02/01/2026,2:11:00,0.503,0.058,237.11,2.38,1.66,2.84,13.85,0
02/01/2026,2:12:00,0.701,0.09,238.83,3.05,0,0,0.24,11.44
02/01/2026,2:13:00,0.058,0.006,243.99,0.59,0,0,5.73,0
02/01/2026,2:14:00,0.823,0.063,241.23,3.06,0,0.1,2.12,11.49
02/01/2026,2:15:00,4.081,0.409,238.5,17.29,1.5,1.07,6.98,58.46
02/01/2026,2:16:00,1.591,0.297,239.44,6.48,0,0,2.01,24.51
02/01/2026,2:17:00,2.168,0.276,239.32,9.04,0,0,0.23,35.9
02/01/2026,2:18:00,15.146,2.673,240.85,63.16,3.69,0,7.87,240.86
02/01/2026,2:19:00,5.036,0.792,235.71,21.17,0,0,2.23,81.71
02/01/2026,2:20:00,1.342,0.214,237.99,6.06,0,0,4.8,17.56
02/01/2026,2:21:00,0.919,0.092,243.11,4,0,4.21,8.92,2.19
02/01/2026,2:22:00,0.784,0.121,239.78,3.38,0,1.54,7.28,4.24
02/01/2026,2:23:00,1.872,0.102,237.45,7.7,0,1.52,2.57,27.11
02/01/2026,2:24:00,0.927,0.126,237.57,3.87,0,0,8.27,7.18
02/01/2026,2:25:00,0.387,0.064,242.16,1.53,6.42,1.02,15.6,0
02/01/2026,2:26:00,0.814,0.07,238.45,3.17,0,0,5.65,7.92
02/01/2026,2:27:00,1.918,0.194,241.53,8.16,0,0,7.29,24.67
02/01/2026,2:28:00,2.49,0.234,238.12,10.37,6.54,0,12.06,22.9
02/01/2026,2:29:00,5.423,0.348,236.61,22.88,0,16.18,11.13,63.07
02/01/2026,2:30:00,1.531,0.183,240.73,6.33,0,0,2.6,22.92
02/01/2026,2:31:00,3.841,0.944,239.71,15.98,0,3.3,28.75,31.96
02/01/2026,2:32:00,1.163,0.14,242.06,4.91,0,2.1,0.17,17.1
02/01/2026,2:33:00,1.318,0.187,242.65,5.31,0,0,25.92,0
02/01/2026,2:34:00,1.255,0.227,238.93,5.46,5.14,3.67,1.69,10.4
02/01/2026,2:35:00,1.697,0.305,241.05,6.92,0,0.98,3.48,23.82
02/01/2026,2:36:00,2.856,0.685,238.83,11.95,0,0,12.91,34.69
02/01/2026,2:37:00,0.889,0.197,241.9,3.41,3.7,0,1.68,9.43
02/01/2026,2:38:00,0.535,0.112,240.7,2.44,16.02,0,1.53,0
02/01/2026,2:39:00,3.039,0.73,238.13,13.03,0,0,6.18,44.47
02/01/2026,2:40:00,2.87,0.276,237.88,12.21,1.75,0,7.33,38.75
02/01/2026,2:41:00,4.308,0.747,240.81,17.92,0,0,0.04,71.75
02/01/2026,2:42:00,0.754,0.171,243.49,3.09,0,0.27,3.59,8.71
02/01/2026,2:43:00,1.123,0.196,242.7,4.31,0,0.05,4.03,14.64
02/01/2026,2:44:00,3.13,0.768,237.17,12.92,0,0,1.9,50.26
02/01/2026,2:45:00,0.878,0.062,237.49,3.85,0,0,4.74,9.9
02/01/2026,2:46:00,2.405,0.332,237.93,10.07,0,0,1.01,39.08
02/01/2026,2:47:00,1.167,0.287,238.21,4.63,0,0,2.35,17.11
02/01/2026,2:48:00,1.863,0.235,234.55,7.66,0,0,7.49,23.56
02/01/2026,2:49:00,0.377,0.075,242.37,1.68,0,0,12.42,0
02/01/2026,2:50:00,1.513,0.085,238.63,6.52,2.01,0,5.34,17.87
02/01/2026,2:51:00,3.617,0.684,241.39,14.68,3.45,0,0.47,56.37
02/01/2026,2:52:00,2.669,0.632,239.05,11.19,0,0.01,6.81,37.65
02/01/2026,2:53:00,0.495,0.063,239.93,2.14,7.64,0,13.67,0
02/01/2026,2:54:00,5.106,0.277,237.94,21.34,0,0,4.21,80.88
02/01/2026,2:55:00,3.448,0.192,239.92,14.62,0,0,4.08,53.38
02/01/2026,2:56:00,0.4,0.091,237.39,1.62,0,0,28.55,0
02/01/2026,2:57:00,0.82,0.16,239.94,3.08,0,0,6.07,7.6
02/01/2026,2:58:00,0.429,0.031,244.37,1.71,4.54,0,9.84,0
02/01/2026,2:59:00,1.908,0.116,241.56,8.17,1.19,0,6.24,24.38
02/01/2026,3:00:00,0.783,0.165,240.87,3.18,0,0,1.5,11.56
02/01/2026,3:01:00,0.096,0.02,236.04,0.2,0,0,2.01,0
02/01/2026,3:02:00,1.313,0.097,241.7,5.56,0,0,6.57,15.31
02/01/2026,3:03:00,2.945,0.325,241.99,12.22,0,0,3.65,45.42
02/01/2026,3:04:00,1.542,0.318,240.8,6.4,9.75,0,3.11,12.83
02/01/2026,3:05:00,2.229,0.346,240.64,9.36,0,0,0.14,37.02
02/01/2026,3:06:00,1.675,0.404,239.58,6.85,0,0,12.94,14.98
02/01/2026,3:07:00,2.58,0.377,241.95,10.54,0.06,0,12.95,29.99
02/01/2026,3:08:00,1.809,0.335,244.19,7.55,0,2.65,3.71,23.79
02/01/2026,3:09:00,1.247,0.189,240.99,4.98,1.78,2.5,7.24,9.26
02/01/2026,3:10:00,1.525,0.364,237.08,6.75,0,0,1.17,24.23
02/01/2026,3:11:00,4.429,0.575,237.31,18.91,0,0,4.2,69.61
02/01/2026,3:12:00,2.334,0.224,242.18,9.41,0,0,3.47,35.44
02/01/2026,3:13:00,0.493,0.057,237.11,2.37,0,2.3,6.41,0
02/01/2026,3:14:00,1.503,0.331,240.6,6.28,3.83,1.36,3.81,16.05
02/01/2026,3:15:00,1.879,0.281,238.96,8.14,0,0,4.14,27.18
02/01/2026,3:16:00,1.208,0.146,236.78,5.13,2.94,0,2.1,15.1
02/01/2026,3:17:00,0.097,0.015,242.5,0.37,0,0,0.3,1.32
02/01/2026,3:18:00,0.555,0.043,242.12,2.23,3.49,0,14.94,0
02/01/2026,3:19:00,0.929,0.047,235.93,3.45,8.13,1.55,0.07,5.74
02/01/2026,3:20:00,5.549,0.589,241.44,23.17,0,0,1.98,90.5
02/01/2026,3:21:00,2.129,0.364,241.01,8.69,0,0,3.56,31.93
02/01/2026,3:22:00,0.2,0.038,242.51,1.02,7.01,0.15,2.31,0
02/01/2026,3:23:00,1.282,0.276,240.5,5.67,0,0,4.82,16.55
02/01/2026,3:24:00,3.917,0.922,244.28,15.92,12.25,0,3.72,49.32
02/01/2026,3:25:00,0.772,0.102,239.62,3.09,0,0,1.77,11.09
02/01/2026,3:26:00,3.223,0.639,239.18,13.68,4.15,0,0.55,49.01
02/01/2026,3:27:00,0.21,0.014,237.08,0.79,0,0,0.89,2.61
02/01/2026,3:28:00,3.603,0.222,237.2,15.45,6.55,0,4,49.5
02/01/2026,3:29:00,0.881,0.066,236.93,3.58,0,0,11.22,3.47
02/01/2026,3:30:00,0.954,0.133,240.66,4.25,5.11,0,0.64,10.16
02/01/2026,3:31:00,1.662,0.153,239.19,6.89,0,0,6.78,20.91
02/01/2026,3:32:00,2.067,0.222,240.99,8.64,0,1.34,9.42,23.68
02/01/2026,3:33:00,0.018,0.003,236.37,0.27,1.94,0,1.94,0
02/01/2026,3:34:00,0.708,0.086,237.43,3.09,0.83,0,6.62,4.36
02/01/2026,3:35:00,1.478,0.239,237.38,6.44,21.79,0,6.96,0
02/01/2026,3:36:00,2.063,0.273,246.51,8.08,0,0,7.38,27
02/01/2026,3:37:00,0.486,0.041,239.5,1.95,0,0,13.29,0
02/01/2026,3:38:00,1.149,0.074,239.8,4.8,0,0,3.05,16.1
02/01/2026,3:39:00,0.769,0.075,239.77,3.05,0,0,1.68,11.14
02/01/2026,3:40:00,1.711,0.105,244.66,7.19,0,0,4.71,23.81
02/01/2026,3:41:00,3.504,0.609,235.16,14.8,0,0,0.39,58.01
02/01/2026,3:42:00,1.008,0.211,239.82,4.05,0.98,1.65,2.44,11.72
02/01/2026,3:43:00,0.269,0.032,235.13,1.33,0,0.08,12.89,0
02/01/2026,3:44:00,0.667,0.085,232.86,2.66,9.17,0,4.56,0
02/01/2026,3:45:00,5.068,1.081,237.8,21.11,0,0,3.44,81.02
02/01/2026,3:46:00,0.557,0.053,241.24,2.41,10.98,0,1.85,0
02/01/2026,3:47:00,0.348,0.026,237.61,1.74,0,0.35,1.73,3.73
02/01/2026,3:48:00,0.947,0.142,241.19,3.96,3.98,0,1.62,10.19
02/01/2026,3:49:00,1.282,0.23,240.32,5.01,0,0,10.6,10.77
02/01/2026,3:50:00,0.82,0.139,239.58,3.56,9.67,0,25.21,0
02/01/2026,3:51:00,0.212,0.041,243.79,0.75,0,0,4.59,0
02/01/2026,3:52:00,1.86,0.114,238.21,8.03,0,0,0.5,30.49
02/01/2026,3:53:00,1.713,0.232,241.14,7.03,0,0,8.34,20.2
02/01/2026,3:54:00,2.503,0.245,234.59,10.9,0,0.55,12.58,28.6
02/01/2026,3:55:00,1.679,0.339,240.3,6.9,4.54,0,16.06,7.38
02/01/2026,3:56:00,4.759,1.069,239.23,19.76,0,0,5.95,73.37
02/01/2026,3:57:00,2.664,0.283,236.45,10.88,2.67,0,4.24,37.49
02/01/2026,3:58:00,2.246,0.155,241.2,9.18,0,0,5.81,31.62
02/01/2026,3:59:00,3.604,0.363,237.78,15.19,2.94,0,0.08,57.05
02/01/2026,4:00:00,1.59,0.113,245.2,6.5,0.93,6.36,6.39,12.82
02/01/2026,4:01:00,1.173,0.134,232.7,5.16,0,0,7.42,12.12
02/01/2026,4:02:00,1.841,0.29,240.74,7.9,0,0,7.68,23.01
02/01/2026,4:03:00,0.088,0.022,240.13,0.37,0,0,4.97,0
02/01/2026,4:04:00,1.594,0.207,239.16,6.68,0,0,7.22,19.35
02/01/2026,4:05:00,1.281,0.12,238.41,5.6,0,0,6.11,15.24
02/01/2026,4:06:00,2.017,0.168,240.21,8.44,0,3.52,0.74,29.37
02/01/2026,4:07:00,3.231,0.273,243.19,13.1,0,0,13.72,40.13
02/01/2026,4:08:00,2.301,0.204,234.98,9.69,0,0,5.85,32.5
02/01/2026,4:09:00,0.669,0.135,237.58,2.39,0,0,7.81,3.34
02/01/2026,4:10:00,2.827,0.176,236.85,11.75,0,0,2.52,44.61
02/01/2026,4:11:00,4.811,1.2,236.71,19.99,0,0,15.1,65.08
02/01/2026,4:12:00,3.297,0.509,241.03,13.75,0,0,4.19,50.75
02/01/2026,4:13:00,0.304,0.048,241.77,1.5,0,0,6.82,0
02/01/2026,4:14:00,2.281,0.277,243.2,9.19,0,0,18.24,19.77
02/01/2026,4:15:00,0.37,0.069,241.82,1.35,10.93,0,14.87,0
02/01/2026,4:16:00,1.064,0.154,242.06,4.58,0,1.36,6.21,10.17
02/01/2026,4:17:00,1.967,0.228,235.76,8.25,0.87,0,1.09,30.83
02/01/2026,4:18:00,1.752,0.18,244.45,7.22,0,0,18.04,11.16
02/01/2026,4:19:00,3.247,0.763,239.37,13.71,0,0,24.86,29.25
02/01/2026,4:20:00,4.828,0.522,243.1,19.72,0,0,0.65,79.82
02/01/2026,4:21:00,2.138,0.294,235.87,8.93,0,0,3.59,32.04
02/01/2026,4:22:00,0.985,0.118,239.28,4.02,2.52,0,4.77,9.13
02/01/2026,4:23:00,0.097,0.007,242.83,0.2,0,0,0.58,1.04
02/01/2026,4:24:00,3.898,0.34,240.08,16.33,2.38,0,1.26,61.33
02/01/2026,4:25:00,1.287,0.113,237.74,5.54,0,0,4.63,16.83
02/01/2026,4:26:00,1.352,0.255,243.93,5.56,0,0,19.8,2.74
02/01/2026,4:27:00,1.454,0.191,236.49,6.42,0,0,0.17,24.07
02/01/2026,4:28:00,2.056,0.424,239.94,8.52,0,18.16,14.61,1.5
02/01/2026,4:29:00,2.108,0.404,241.92,8.84,0,0,13.73,21.4
02/01/2026,4:30:00,1.081,0.096,246.29,4.49,0,3.23,11.68,3.11
02/01/2026,4:31:00,1.275,0.207,238.62,5.19,11.32,0,2.84,7.09
02/01/2026,4:32:00,0.755,0.15,239.17,3.39,4.07,0,4.05,4.46
02/01/2026,4:33:00,0.669,0.118,238.67,2.83,0,0,3.1,8.04
02/01/2026,4:34:00,0.665,0.113,240.72,2.96,0,0,17.69,0
02/01/2026,4:35:00,1.261,0.25,241.76,4.96,0,0,4.42,16.6
02/01/2026,4:36:00,0.53,0.033,243.28,2.2,0,1.13,0.5,7.2
02/01/2026,4:37:00,0.968,0.19,242.27,3.9,8.37,0,1.92,5.85
02/01/2026,4:38:00,0.331,0.035,238.51,1.22,0,0,3.72,1.79
02/01/2026,4:39:00,1.547,0.254,242.44,6.66,18.97,0,18.42,0
02/01/2026,4:40:00,0.752,0.074,240.27,3.17,8.57,0,5.05,0
02/01/2026,4:41:00,2.078,0.453,242.24,8.28,0,0,7.15,27.49
02/01/2026,4:42:00,0.374,0.055,242.41,1.44,0,0,0.56,5.67
02/01/2026,4:43:00,0.136,0.024,244.89,0.74,0,0,12.59,0
02/01/2026,4:44:00,1.278,0.267,238.94,5.18,0,0,4.65,16.66
02/01/2026,4:45:00,0.927,0.212,238.36,3.7,0,0,15.25,0.2
02/01/2026,4:46:00,0.293,0.057,241.34,1.18,3.1,0.09,3.54,0
02/01/2026,4:47:00,2.666,0.213,243.55,11.04,0,0,6.89,37.54
02/01/2026,4:48:00,0.461,0.102,240.17,1.78,0.14,0,3.82,3.73
02/01/2026,4:49:00,0.634,0.11,243.74,2.68,1.17,0,0.92,8.46
02/01/2026,4:50:00,3.083,0.53,242.07,12.74,10.67,0,1.91,38.8
02/01/2026,4:51:00,2.18,0.511,239.4,9.14,0,0,0.42,35.92
02/01/2026,4:52:00,0.401,0.04,241.69,1.18,1.29,0,3.48,1.92
02/01/2026,4:53:00,1.014,0.099,238.7,4.25,0,0,6.29,10.6
02/01/2026,4:54:00,0.351,0.054,240.72,1.41,0,0,1.68,4.18
02/01/2026,4:55:00,2.907,0.582,236.78,12.36,4.11,0,4.04,40.3
02/01/2026,4:56:00,2.906,0.405,239.8,11.99,15.46,0,3.69,29.28
02/01/2026,4:57:00,5.362,0.948,243,21.99,0,2.33,4.57,82.47
02/01/2026,4:58:00,6.928,0.973,242.3,28.7,10.28,0,1.22,103.97
02/01/2026,4:59:00,0.742,0.128,241.86,3.36,0,0,4.58,7.79
02/01/2026,5:00:00,2.542,0.545,240.86,10.29,0,0,2.72,39.65
02/01/2026,5:01:00,0.103,0.009,240.48,0.53,0,0,2.02,0
02/01/2026,5:02:00,1.654,0.313,236.2,7.25,0,0,5.29,22.28
02/01/2026,5:03:00,2.027,0.421,239.38,8.61,0,16.35,0.96,16.48
02/01/2026,5:04:00,0.493,0.069,240.55,2.28,0,0,13.86,0
02/01/2026,5:05:00,0.693,0.079,236.63,2.82,0,1.33,16.39,0
02/01/2026,5:06:00,2.921,0.154,234.74,12.69,0,0,6.48,42.21
02/01/2026,5:07:00,2.07,0.434,243.39,8.36,0,0,2.17,32.33
02/01/2026,5:08:00,4.864,0.562,240.15,20.26,0,0,5.9,75.16
02/01/2026,5:09:00,4.448,0.54,240.63,18.38,0,0,5.52,68.61
02/01/2026,5:10:00,0.163,0.019,241.67,0.58,0,0,2.98,0
02/01/2026,5:11:00,0.824,0.123,237.05,3.13,0,0,2.03,11.71
02/01/2026,5:12:00,0.432,0.082,238.79,1.42,0,2.77,1.11,3.32
02/01/2026,5:13:00,2.629,0.537,244.51,10.99,0,0,1.47,42.35
02/01/2026,5:14:00,1.801,0.231,238.53,7.19,0,0,6.35,23.66
02/01/2026,5:15:00,0.47,0.086,239.2,2.02,4.89,0,13.02,0
02/01/2026,5:16:00,0.564,0.11,237.99,2.11,0,0,2.92,6.49
02/01/2026,5:17:00,3.725,0.407,237.78,15.49,0,0,0.78,61.3
02/01/2026,5:18:00,0.925,0.064,243.32,3.94,0,0.48,0.08,14.86
02/01/2026,5:19:00,0.074,0.017,232.57,0.35,0,0,3.12,0
02/01/2026,5:20:00,0.42,0.078,238.63,1.74,0,0,1.59,5.41
02/01/2026,5:21:00,5.626,1.011,240.68,23.61,5.61,0,2.34,85.83
02/01/2026,5:22:00,3.154,0.195,245.09,12.81,0,0,1.66,50.9
02/01/2026,5:23:00,0.322,0.069,236.59,1.61,0,0,6.55,0
02/01/2026,5:24:00,1.653,0.27,236.08,6.79,0,0,6.11,21.45
02/01/2026,5:25:00,3.002,0.659,237.42,12.4,0,0,14.6,35.42
02/01/2026,5:26:00,3.269,0.801,242.11,13.48,0.6,0,7.22,46.67
02/01/2026,5:27:00,2.053,0.496,240.38,8.54,0,0,1.08,33.14
02/01/2026,5:28:00,0.649,0.143,235.67,2.58,0,0,8.36,2.45
02/01/2026,5:29:00,2.336,0.122,240.3,9.67,0,0,1.2,37.74
02/01/2026,5:30:00,1.823,0.414,244.65,7.72,0,0,4.91,25.48
02/01/2026,5:31:00,1.933,0.126,240.79,7.95,0,0,0.48,31.73
02/01/2026,5:32:00,1.601,0.353,240.49,6.27,0,0,0.29,26.39
02/01/2026,5:33:00,0.54,0.057,240.67,1.9,0,1.22,3.74,4.04
02/01/2026,5:34:00,0.665,0.114,241.24,3.17,0,0,0.67,10.42
02/01/2026,5:35:00,1.113,0.064,236.2,5,0,0.54,2.2,15.82
02/01/2026,5:36:00,1.46,0.298,239.3,6.02,4.09,1.77,2.48,16
02/01/2026,5:37:00,2.452,0.177,239.46,10.4,0,0,8.8,32.06
02/01/2026,5:38:00,5.724,0.756,238.55,24.05,0,0,2.43,92.98
02/01/2026,5:39:00,1.722,0.368,242.06,7.37,4.01,0,4.09,20.6
02/01/2026,5:40:00,2.416,0.457,238.1,9.93,0,0,8.89,31.38
02/01/2026,5:41:00,2.881,0.148,238.92,11.85,0,2.94,1.38,43.7
02/01/2026,5:42:00,2.558,0.334,236.22,11.09,0,0,9.81,32.83
02/01/2026,5:43:00,0.517,0.03,241.13,1.84,0,0,10.7,0
02/01/2026,5:44:00,3.994,0.738,242.83,16.46,0,6.73,26.98,32.86
02/01/2026,5:45:00,3.53,0.861,238.92,14.77,0,0,3.52,55.32
02/01/2026,5:46:00,1.581,0.286,242.42,6.68,0,0,2.78,23.58
02/01/2026,5:47:00,0.554,0.053,239.56,2.34,0,0,7.26,1.97
02/01/2026,5:48:00,1.439,0.174,232.42,6.17,0,1.92,0.36,21.71
02/01/2026,5:49:00,0.195,0.048,239.85,0.74,1.25,0.48,0.24,1.27
02/01/2026,5:50:00,4.393,0.416,239.47,18.14,0,0.97,2.45,69.79
02/01/2026,5:51:00,0.734,0.119,240.31,3.02,0,0,7.85,4.38
02/01/2026,5:52:00,1.059,0.138,240.76,4.63,0,0,0.74,16.9
02/01/2026,5:53:00,4.161,0.847,237.95,17.43,0,0,6.06,63.29
02/01/2026,5:54:00,3.793,0.848,244.41,15.8,0,1.6,1.88,59.73
02/01/2026,5:55:00,1.885,0.223,239.8,8.01,0,0,6.33,25.1
02/01/2026,5:56:00,4.891,0.891,239.4,20.52,0,0,3.66,77.85
02/01/2026,5:57:00,0.497,0.079,242.23,2.02,0,0,0.73,7.55
02/01/2026,5:58:00,1.886,0.199,240.06,7.73,1.19,0,1.7,28.55
02/01/2026,5:59:00,0.502,0.052,247.7,2.36,0,0,1.49,6.88
02/01/2026,6:00:00,3.366,0.531,239.37,14.22,0,0,1.08,55.03
02/01/2026,6:01:00,3.275,0.265,241.06,13.56,0,0,3.79,50.8
02/01/2026,6:02:00,5.148,1.092,237.75,21.99,0,0,18.56,67.24
02/01/2026,6:03:00,1.4,0.089,242.61,5.89,0,0,6.44,16.89
02/01/2026,6:04:00,6.218,0.429,240.93,25.52,0,0,10.85,92.79
02/01/2026,6:05:00,0.454,0.054,238.98,1.81,0,0,23.81,0
02/01/2026,6:06:00,1.331,0.098,237.38,5.75,0,0,4.67,17.52
02/01/2026,6:07:00,0.474,0.069,236.07,2.31,8.83,1.1,1.63,0
02/01/2026,6:08:00,1.67,0.217,241.26,7.39,10.31,1.84,15.77,0
02/01/2026,6:09:00,0.525,0.102,235.84,2.23,0,6.29,7.2,0
02/01/2026,6:10:00,3.374,0.812,243.93,13.95,0.55,0,19.16,36.52
02/01/2026,6:11:00,2.111,0.424,236.21,8.81,1.33,7.58,6.32,19.96
02/01/2026,6:12:00,0.408,0.035,239.46,1.53,14.55,0,8.95,0
02/01/2026,6:13:00,2.785,0.66,237.36,11.39,0,3.97,13.28,29.17
02/01/2026,6:14:00,4.637,0.596,240.1,19.39,2.71,0,8.54,66.03
02/01/2026,6:15:00,2.284,0.331,240.08,9.77,0,0,4.96,33.1
02/01/2026,6:16:00,0.271,0.036,241.33,1.28,0,0,3.83,0.69
02/01/2026,6:17:00,1.216,0.129,235.42,5.18,5.52,2.56,10.4,1.77
02/01/2026,6:18:00,2.529,0.579,237.71,10.88,4.46,0,8.87,28.83
02/01/2026,6:19:00,1.108,0.129,242.91,5.15,0,0,2.74,15.74
02/01/2026,6:20:00,0.447,0.074,241.98,1.68,0.58,0,4.14,2.72
02/01/2026,6:21:00,3.676,0.36,232.5,15.33,0,2.11,6.05,53.11
02/01/2026,6:22:00,1.063,0.223,241.13,4.48,0,0.32,0.17,17.22
02/01/2026,6:23:00,4.639,0.95,236.9,19.8,0,0,1.71,75.61
02/01/2026,6:24:00,0.829,0.091,238.22,3.17,10.71,0,1.73,1.37
02/01/2026,6:25:00,1.003,0.187,239.32,4.36,0.65,0,12.89,3.18
02/01/2026,6:26:00,0.763,0.146,244.67,3.05,0.93,0,2.42,9.37
02/01/2026,6:27:00,1.196,0.194,236.87,5.12,0,3.73,4.73,11.48
02/01/2026,6:28:00,2.082,0.354,235.79,8.65,0,0,10.69,24.01
02/01/2026,6:29:00,0.475,0.078,241.35,1.77,0,0,1.8,6.12
02/01/2026,6:30:00,0.374,0.025,239.92,1.34,0,0,0.79,5.44
02/01/2026,6:31:00,0.154,0.028,243.62,0.77,0,0,17.78,0
02/01/2026,6:32:00,0.125,0.018,238.94,0.4,0,0,7.32,0
02/01/2026,6:33:00,0.276,0.038,243.63,1.19,0,0,1.17,3.42
02/01/2026,6:34:00,0.823,0.183,240.05,3.43,13.31,0,10.28,0
02/01/2026,6:35:00,1.643,0.09,241.59,6.57,0,0.11,9.28,18
02/01/2026,6:36:00,1.986,0.199,244.87,8.13,5.94,0,10.9,16.26
02/01/2026,6:37:00,1.577,0.117,239.5,6.63,0,0,1.94,24.34
02/01/2026,6:38:00,4.248,0.242,243.13,17.69,0,0,3.57,67.23
02/01/2026,6:39:00,5.292,0.556,238.16,22.52,0,0.49,7.1,80.61
02/01/2026,6:40:00,1.068,0.264,240.68,4.23,0,0,2.97,14.82
02/01/2026,6:41:00,0.485,0.05,235.67,2.13,0,0,0.44,7.65
02/01/2026,6:42:00,6.499,1.188,238.49,26.81,0,0,0.88,107.43
02/01/2026,6:43:00,3.58,0.264,236.83,15.28,5.24,0,5.45,48.96
02/01/2026,6:44:00,3.378,0.576,243.66,14.08,6.86,0,2.82,46.62
02/01/2026,6:45:00,0.789,0.195,245.22,2.68,0,0,0.03,13.12
02/01/2026,6:46:00,2.84,0.308,238.94,11.82,0,0,8.74,38.6
02/01/2026,6:47:00,1.588,0.349,237.68,6.5,0.79,0,3.23,22.45
02/01/2026,6:48:00,1.306,0.326,236.06,5.47,1.93,0,2.26,17.59
02/01/2026,6:49:00,1.304,0.219,240.79,5.31,0,6.5,7.5,7.73
02/01/2026,6:50:00,2.163,0.242,238.19,9.07,1.32,0.89,3.64,30.2
02/01/2026,6:51:00,4.353,0.804,238.35,18.46,0,0,7.12,65.43
02/01/2026,6:52:00,6.89,1.509,244.89,28.07,0,0,0.08,114.76
02/01/2026,6:53:00,0.939,0.079,239.11,3.73,0,0,0.06,15.59
02/01/2026,6:54:00,1.669,0.234,241.76,6.86,0,0,4.92,22.89
02/01/2026,6:55:00,1.276,0.145,240.16,5.26,0,0.73,24.18,0
02/01/2026,6:56:00,2.045,0.218,235.93,8.65,0,0,1.91,32.17
02/01/2026,6:57:00,1.131,0.251,234.47,4.7,8.7,2.54,6.89,0.71
02/01/2026,6:58:00,0.695,0.093,241.46,2.95,0,3.34,1.13,7.1
02/01/2026,6:59:00,0.94,0.111,245.11,4.09,0,0,2.24,13.42
02/01/2026,7:00:00,0.801,0.137,240.94,3.07,0,0,0.49,12.87
02/01/2026,7:01:00,1.218,0.114,241.87,5.13,0,0,12.76,7.54
02/01/2026,7:02:00,0.304,0.029,237.29,1.47,0,0,2.23,2.84
02/01/2026,7:03:00,0.817,0.126,243.04,3.28,3.3,0,1.57,8.75
02/01/2026,7:04:00,2.028,0.267,243.01,8.59,2.51,0,7.87,23.41
02/01/2026,7:05:00,2.015,0.22,237.91,8.46,0,0,1.33,32.25
02/01/2026,7:06:00,1.754,0.107,241.64,7.03,0,6.35,1.65,21.23
02/01/2026,7:07:00,4.071,0.627,234.7,17.09,1.46,11.22,0.66,54.51
02/01/2026,7:08:00,2.096,0.447,242.17,8.81,0,0,19.76,15.17
02/01/2026,7:09:00,3.97,0.875,238.28,16.8,0,9.98,1.71,54.48
02/01/2026,7:10:00,6.894,0.669,236.32,29.48,0,0,32.64,82.25
02/01/2026,7:11:00,2.897,0.492,241.21,12.15,1.51,0.73,1.16,44.89
02/01/2026,7:12:00,0.306,0.068,234.68,1.28,0,0,0.13,4.98
02/01/2026,7:13:00,1.815,0.239,241.03,7.63,2.26,2.6,13.56,11.82
02/01/2026,7:14:00,1.591,0.376,236.6,6.74,0,0,5.21,21.31
02/01/2026,7:15:00,4.634,1.068,235.96,19.57,0,0,2.6,74.63
02/01/2026,7:16:00,1.26,0.115,240.18,5.14,0,0,4.32,16.69
02/01/2026,7:17:00,0.594,0.061,239.48,2.14,0,0,1.81,8.09
02/01/2026,7:18:00,0.868,0.075,244.37,3.4,0,0,6.04,8.42
02/01/2026,7:19:00,0.322,0.029,236.15,1.36,0,0.35,5.75,0
02/01/2026,7:20:00,6.103,1.413,244.13,24.46,0,0,0.5,101.21
02/01/2026,7:21:00,1.425,0.337,236.59,5.92,0,10.43,14.49,0
02/01/2026,7:22:00,0.364,0.022,242.76,1.68,4.31,0,3.7,0
02/01/2026,7:23:00,4.949,0.835,243.32,20.61,1.21,0.85,1.3,79.12
02/01/2026,7:24:00,5.58,0.909,240.96,23.05,1.58,0,2.2,89.22
02/01/2026,7:25:00,1.64,0.21,237.63,6.79,4.86,0,12.07,10.4
02/01/2026,7:26:00,0.284,0.05,235.43,1.06,0,0,2.9,1.83
02/01/2026,7:27:00,0.89,0.213,234.14,3.69,0,0,4.95,9.87
02/01/2026,7:28:00,1.135,0.095,245.56,4.85,3.29,3.31,17.7,0
02/01/2026,7:29:00,1.469,0.109,239.11,6.47,0,0,6.33,18.15
02/01/2026,7:30:00,0.426,0.024,236.69,1.46,0,0,6.76,0.35
02/01/2026,7:31:00,3.088,0.379,236.57,12.89,1.07,0,1.71,48.68
02/01/2026,7:32:00,0.06,0.007,240.5,0.2,0,0,6.62,0
02/01/2026,7:33:00,3.491,0.475,238.82,14.61,5.46,0,3,49.71
02/01/2026,7:34:00,4.075,0.614,234.24,17.3,0,2.89,14.52,50.51
02/01/2026,7:35:00,0.982,0.198,242.59,4.12,0,0,0.83,15.53
02/01/2026,7:36:00,1.318,0.169,241,5.6,1.48,0,2.02,18.47
02/01/2026,7:37:00,4.467,0.519,245.52,18.31,0,0,0.41,74.05
02/01/2026,7:38:00,2.451,0.528,243.42,9.74,11.35,0,2.88,26.62
02/01/2026,7:39:00,1.017,0.224,230.71,4.41,2.74,0,0.96,13.26
02/01/2026,7:40:00,1.141,0.11,244.25,4.33,0,0,11.19,7.83
02/01/2026,7:41:00,2.173,0.245,243.62,9.27,0,0,15.55,20.67
02/01/2026,7:42:00,5.704,1.227,237.79,23.92,0,0,6.64,88.43
02/01/2026,7:43:00,1.176,0.077,238.7,4.65,0,0,0.65,18.94
02/01/2026,7:44:00,0.987,0.114,241.24,3.98,2.76,0,2.51,11.18
02/01/2026,7:45:00,1.459,0.204,236.96,6.2,0,0,20.03,4.3
02/01/2026,7:46:00,1.467,0.128,239.27,6.28,0,0,0.88,23.58
02/01/2026,7:47:00,1.862,0.16,243,7.92,0,0,4.88,26.15
02/01/2026,7:48:00,1.322,0.178,241.55,5.49,0,0,2.61,19.43
02/01/2026,7:49:00,3.653,0.734,238,15.28,4.51,0,42.51,13.87
02/01/2026,7:50:00,0.543,0.118,243.07,2.37,0,0,2.02,7.04
02/01/2026,7:51:00,2.043,0.502,240.91,8.61,0,13.87,0.29,19.88
02/01/2026,7:52:00,2.111,0.137,240.81,8.79,0,0,7.27,27.92
02/01/2026,7:53:00,0.601,0.056,238.46,2.68,1.07,0,2.37,6.58
02/01/2026,7:54:00,2.025,0.408,239.98,8.32,2.7,0,6.43,24.62
02/01/2026,7:55:00,2.158,0.341,237.68,9.07,8.74,0,0.66,26.56
02/01/2026,7:56:00,0.017,0.002,234.18,0.2,0,0,4.44,0
02/01/2026,7:57:00,0.484,0.044,239.16,2.3,0,0,2.82,5.25
02/01/2026,7:58:00,4.751,0.504,239.63,19.73,1.27,3.04,4.62,70.26
02/01/2026,7:59:00,0.773,0.105,240.41,3.5,4.01,0,11.52,0
02/01/2026,8:00:00,0.363,0.031,243.64,1.36,0,0,21.62,0
02/01/2026,8:01:00,0.115,0.028,238.04,0.54,3.5,0,8.39,0
02/01/2026,8:02:00,0.432,0.031,238.9,1.82,1.8,0,8.74,0
02/01/2026,8:03:00,1.27,0.314,242.3,5.12,0,0,4.52,16.65
02/01/2026,8:04:00,0.33,0.072,237.74,1.48,0,0,0.61,4.88
02/01/2026,8:05:00,2.477,0.334,240.46,10.56,0,0,6.6,34.69
02/01/2026,8:06:00,0.589,0.117,238.78,2.82,3.39,0.39,0.96,5.07
02/01/2026,8:07:00,1.874,0.345,239.27,7.98,0,0,1.69,29.54
02/01/2026,8:08:00,4.249,0.394,242.27,17.29,6.03,0,7.38,57.4
02/01/2026,8:09:00,4.049,0.477,238.88,16.67,0,0,6.42,61.07
02/01/2026,8:10:00,1.846,0.282,242.37,7.85,0,0,2.26,28.51
02/01/2026,8:11:00,0.397,0.07,234.14,1.5,0,0,8.87,0
02/01/2026,8:12:00,1.354,0.215,235.71,5.87,5.71,0,16.81,0.04
02/01/2026,8:13:00,1.899,0.275,233.05,8.18,0,2.79,4.73,24.13
02/01/2026,8:14:00,7.83,1.086,236.5,33.37,0,0,6.79,123.71
02/01/2026,8:15:00,0.113,0.017,245.57,0.56,0.09,0,1.9,0
02/01/2026,8:16:00,1.359,0.186,239.95,5.66,0,0,21.2,1.44
02/01/2026,8:17:00,2.405,0.381,237.84,10.52,0.81,0,1.92,37.35
02/01/2026,8:18:00,1.566,0.356,242.35,6.63,0,1.47,13.1,11.52
02/01/2026,8:19:00,1.724,0.304,242.77,7.21,0,0,15.78,12.96
02/01/2026,8:20:00,0.63,0.123,236.34,2.53,0,2.81,7.63,0.06
02/01/2026,8:21:00,3.046,0.516,247.49,12.08,6.23,0,10.01,34.52
02/01/2026,8:22:00,1.468,0.262,240.83,6.04,0,1.93,3.67,18.86
02/01/2026,8:23:00,1.718,0.285,241.21,6.82,3.25,0,15.12,10.27
02/01/2026,8:24:00,3.305,0.183,241.49,13.62,0,0,8.14,46.94
02/01/2026,8:25:00,1.049,0.262,241.49,4.5,0,4.81,2.37,10.29
02/01/2026,8:26:00,3.882,0.22,238.14,16.5,0,0.4,0.21,64.09
02/01/2026,8:27:00,0.315,0.041,246.34,1.21,2.27,0,4.67,0
02/01/2026,8:28:00,1.806,0.128,239.14,8.14,0,0,11.02,19.08
02/01/2026,8:29:00,0.587,0.041,242.87,2.67,0,0,11.83,0
02/01/2026,8:30:00,0.423,0.088,238.58,1.77,12.23,0,10.82,0
02/01/2026,8:31:00,5.656,0.765,238.04,23.99,0,0,1.45,92.81
02/01/2026,8:32:00,0.338,0.071,245.71,1.26,0,0,3.33,2.3
02/01/2026,8:33:00,1.494,0.156,239.67,6.29,0,0,5.71,19.2
02/01/2026,8:34:00,0.304,0.031,239.9,1.19,0,0,6.61,0
02/01/2026,8:35:00,3.7,0.371,240.85,15.12,0,0,2.44,59.22
02/01/2026,8:36:00,0.947,0.164,247.81,3.93,0.79,9.31,7.08,0
02/01/2026,8:37:00,3.292,0.701,246.51,13.35,0,0,5.36,49.5
02/01/2026,8:38:00,2.338,0.328,243.85,9.6,0,0,5.02,33.95
02/01/2026,8:39:00,7.012,0.882,248.56,28.2,5.72,5.42,6.53,99.19
02/01/2026,8:40:00,0.225,0.055,237.17,0.77,0,0,5.55,0
02/01/2026,8:41:00,0.479,0.035,241.97,2.3,0.13,0,1.1,6.77
02/01/2026,8:42:00,3.153,0.465,240.23,13.18,0,0,12.45,40.1
02/01/2026,8:43:00,1.882,0.248,234.69,7.97,0,0,1.65,29.72
02/01/2026,8:44:00,1.125,0.078,241.39,4.4,0,0,8.19,10.57
02/01/2026,8:45:00,6.092,0.631,238.53,25.82,0,0,1.16,100.37
02/01/2026,8:46:00,1.401,0.078,244.6,5.91,0,6.36,6.49,10.5
02/01/2026,8:47:00,0.613,0.138,238.81,2.57,0,0,13.56,0
02/01/2026,8:48:00,3.323,0.57,238.64,13.67,0,0,0.06,55.32
02/01/2026,8:49:00,1.445,0.308,244.6,6.24,0,0,23.38,0.7
02/01/2026,8:50:00,1.549,0.239,239.8,6.39,0,0,0.18,25.64
02/01/2026,8:51:00,2.504,0.425,243.49,10.15,0,0,0.07,41.66
02/01/2026,8:52:00,2.584,0.491,241.27,10.7,0,0,11.69,31.38
02/01/2026,8:53:00,0.472,0.109,241.31,2.03,0,1.28,7.4,0
02/01/2026,8:54:00,1.063,0.073,239.27,4.41,0,0,0.67,17.05
02/01/2026,8:55:00,0.268,0.031,241.51,0.43,2.73,0,16.63,0
02/01/2026,8:56:00,1.907,0.366,239.61,8.01,0,0,6.69,25.09
02/01/2026,8:57:00,5.582,1.349,237.59,23.68,0,0,0.71,92.32
02/01/2026,8:58:00,0.496,0.122,239.69,1.89,0,0,11.82,0
02/01/2026,8:59:00,0.201,0.036,243.86,1.14,0,0,3.93,0
02/01/2026,9:00:00,0.73,0.065,241.61,3.19,3.36,4.45,1.96,2.4
02/01/2026,9:01:00,1.116,0.082,242.31,4.7,0,0,10.46,8.14
02/01/2026,9:02:00,2.603,0.623,240,10.64,0,0,8.05,35.34
02/01/2026,9:03:00,1.005,0.137,234.19,4.35,0,0,5.85,10.89
02/01/2026,9:04:00,1.937,0.172,236.34,8.26,7.62,0,13.73,10.93
02/01/2026,9:05:00,0.85,0.201,239.13,3.54,0.43,0,11.85,1.88
02/01/2026,9:06:00,1.176,0.083,236.59,5.15,0,7.75,1.54,10.31
02/01/2026,9:07:00,0.59,0.116,238.43,2.4,0,0.93,12.66,0
02/01/2026,9:08:00,0.396,0.069,238.32,1.61,4.09,2.19,2.81,0
02/01/2026,9:09:00,2.68,0.181,238.41,11.11,0,0,3.39,41.27
02/01/2026,9:10:00,0.912,0.107,244.31,3.64,0,0,21.52,0
02/01/2026,9:11:00,2.059,0.165,239.84,8.56,3.49,9.15,8.56,13.12
02/01/2026,9:12:00,0.579,0.099,242.8,2.35,0,0,2.33,7.33
02/01/2026,9:13:00,1.409,0.205,240.49,5.81,0,0,6.26,17.23
02/01/2026,9:14:00,0.063,0.003,244.25,0.44,0,0,4.65,0
02/01/2026,9:15:00,0.983,0.241,243.06,4.35,1.01,1.3,0.74,13.33
02/01/2026,9:16:00,0.652,0.078,238.23,2.48,0,0,13.12,0
02/01/2026,9:17:00,3.585,0.364,245.88,14.88,1.39,0,10.35,48.01
02/01/2026,9:18:00,0.321,0.03,238.64,1.48,0,4.65,9.02,0
02/01/2026,9:19:00,1.224,0.1,240.6,4.91,1.41,0,4.91,14.08
02/01/2026,9:20:00,1.886,0.471,241.13,7.76,1.18,0,1.5,28.76
02/01/2026,9:21:00,3.203,0.349,241.47,13.32,0,0,12.92,40.47
02/01/2026,9:22:00,2.862,0.375,242.39,11.48,0,0,2.61,45.09
02/01/2026,9:23:00,1.318,0.296,237.73,5.53,0,0,0.12,21.84
02/01/2026,9:24:00,1.497,0.267,242.14,6.29,0,0,24.03,0.91
02/01/2026,9:25:00,3.582,0.443,241.74,14.67,0,0,11.85,47.86
02/01/2026,9:26:00,1.294,0.297,240,5.1,4.89,0,5.85,10.83
02/01/2026,9:27:00,1.645,0.329,239.43,6.91,0,3.48,0.07,23.86
02/01/2026,9:28:00,3.674,0.351,237.58,15.91,0,0,1.55,59.68
02/01/2026,9:29:00,7.723,1.381,241.44,31.85,0,0.14,3.61,124.97
02/01/2026,9:30:00,1.772,0.415,238.02,7.31,0,0,5.93,23.6
02/01/2026,9:31:00,2.211,0.33,240.71,9.15,0,0,7.39,29.47
02/01/2026,9:32:00,2.794,0.55,239.7,11.97,1.79,0,9.31,35.46
02/01/2026,9:33:00,3.647,0.891,236,15.12,0,0,4.87,55.92
02/01/2026,9:34:00,3.266,0.614,237.2,13.92,1.93,0,6.41,46.1
02/01/2026,9:35:00,0.782,0.055,241.21,3.15,3.89,0,10,0
02/01/2026,9:36:00,1.877,0.186,238.43,7.79,3.08,3.42,7.63,17.15
02/01/2026,9:37:00,3.284,0.555,238.32,13.58,0,0,18.58,36.15
02/01/2026,9:38:00,4.253,0.447,237.71,17.84,0,10.06,12.46,48.36
02/01/2026,9:39:00,1.226,0.296,237.81,4.96,0,0,1.11,19.32
02/01/2026,9:40:00,1.838,0.241,244.93,7.39,0,0,17.67,12.96
02/01/2026,9:41:00,2.025,0.286,236.64,8.06,3.19,0,1.37,29.18
02/01/2026,9:42:00,1.452,0.276,244.42,5.59,0,0,28.44,0
02/01/2026,9:43:00,1.797,0.278,239.01,7.58,0,0,7.25,22.69
02/01/2026,9:44:00,11.214,1.418,238.04,47.36,0,0,5.93,180.98
02/01/2026,9:45:00,1.178,0.077,241.15,5.53,0,0,2.35,17.28
02/01/2026,9:46:00,1.267,0.214,240.16,5.46,0,0,0.86,20.25
02/01/2026,9:47:00,0.169,0.038,239.41,0.6,0,1.6,0.81,0.41
02/01/2026,9:48:00,0.126,0.024,240.66,0.2,1.3,0,12.09,0
02/01/2026,9:49:00,2.148,0.271,240.11,9.05,0,0,3.4,32.4
02/01/2026,9:50:00,3.295,0.249,239.35,13.47,0,0,4.92,49.99
02/01/2026,9:51:00,2.833,0.604,242.81,11.5,0,1.25,16.12,29.84
02/01/2026,9:52:00,0.578,0.138,235.66,2.63,0,0,1.77,7.86
02/01/2026,9:53:00,2.7,0.345,237.26,11.44,0,0,8.66,36.34
02/01/2026,9:54:00,1.248,0.244,237.64,5.06,1.07,0,3.81,15.91
02/01/2026,9:55:00,0.973,0.129,236.83,3.77,0,0,1.44,14.77
02/01/2026,9:56:00,0.279,0.042,240.26,1.2,0,0,11.5,0
02/01/2026,9:57:00,0.663,0.144,241.52,2.81,1.42,0,6.84,2.8
02/01/2026,9:58:00,2.19,0.146,234.11,9.66,0.95,0,0.6,34.96
02/01/2026,9:59:00,1.86,0.29,238.58,7.3,0,0,4.68,26.31
02/01/2026,10:00:00,1.629,0.151,239.04,6.84,0,0,11.45,15.7
02/01/2026,10:01:00,0.049,0.006,239.14,0.39,3.46,0,0.42,0
02/01/2026,10:02:00,1.644,0.294,236.14,6.88,0,0,3.23,24.18
02/01/2026,10:03:00,0.77,0.043,239.06,2.9,0,0,9.82,3.01
02/01/2026,10:04:00,1.871,0.316,237.27,7.7,0,0,11.73,19.46
02/01/2026,10:05:00,3.733,0.398,239,15.63,0,0,8.96,53.25
02/01/2026,10:06:00,0.896,0.165,234.84,3.72,0,0,2.19,12.74
02/01/2026,10:07:00,1.538,0.12,239.02,6.5,0,0,4.24,21.4
02/01/2026,10:08:00,6.065,1.196,237.84,25.76,0,0,8.11,92.98
02/01/2026,10:09:00,1.791,0.321,239.21,7.41,14.11,0,0.99,14.75
02/01/2026,10:10:00,1.371,0.335,240.9,5.94,0,0,5.42,17.43
02/01/2026,10:11:00,0.588,0.137,239.87,2.43,0,0,7.65,2.16
02/01/2026,10:12:00,2.761,0.295,242.38,11.46,0,0,11.38,34.64
02/01/2026,10:13:00,0.478,0.027,238.92,1.98,9.67,5.51,0.71,0
02/01/2026,10:14:00,3.86,0.699,241.86,16.03,0,0,2.4,61.94
02/01/2026,10:15:00,2.45,0.418,243.37,10.18,16.68,0,4.68,19.48
02/01/2026,10:16:00,0.799,0.044,240.82,3.44,0,0,7.25,6.07
02/01/2026,10:17:00,0.611,0.046,239.94,2.55,0,4.84,7.86,0
02/01/2026,10:18:00,0.628,0.105,241.24,1.94,4.8,4.58,1.75,0
02/01/2026,10:19:00,0.131,0.03,240.93,0.66,0.71,0,0.08,1.38
02/01/2026,10:20:00,2.104,0.487,243,8.27,0,0,7.1,27.97
02/01/2026,10:21:00,0.065,0.005,242.38,0.2,0,0,14.39,0
02/01/2026,10:22:00,1.291,0.164,242.42,4.85,0,0,9.58,11.94
02/01/2026,10:23:00,1.214,0.071,240.13,5.4,0,0,5.84,14.39
02/01/2026,10:24:00,1.018,0.146,241.02,4.31,0,0,22.78,0
02/01/2026,10:25:00,2.092,0.42,240.97,8.62,0,0,3.41,31.47
02/01/2026,10:26:00,0.801,0.167,236.38,3.67,2.29,0,4.47,6.59
02/01/2026,10:27:00,1.648,0.247,243.21,6.88,3.53,0,0.07,23.87
02/01/2026,10:28:00,3.86,0.267,234.99,16.45,0,0,17.51,46.82
02/01/2026,10:29:00,2.305,0.291,242.14,9.6,0,7.39,5.25,25.78
02/01/2026,10:30:00,0.931,0.22,240.8,3.79,7.63,0,2.97,4.91
02/01/2026,10:31:00,1.41,0.135,239.15,5.65,0,0,0.27,23.23
02/01/2026,10:32:00,1.019,0.116,241.17,4.42,0,1.59,2.7,12.7
02/01/2026,10:33:00,1.198,0.239,241.26,4.95,0,0,0.02,19.94
02/01/2026,10:34:00,1.693,0.333,236.08,6.82,0,0,2.35,25.87
02/01/2026,10:35:00,0.261,0.061,244.25,1.17,0,0,18.15,0
02/01/2026,10:36:00,0.182,0.023,240.22,0.76,0.76,0,1.01,1.26
02/01/2026,10:37:00,0.532,0.081,246.94,2.5,0,0,4.73,4.14
02/01/2026,10:38:00,2.177,0.312,242.37,9.04,0,6.64,1.24,28.4
02/01/2026,10:39:00,2.432,0.573,240.15,9.89,0,0,9.18,31.36
02/01/2026,10:40:00,2.736,0.558,237.93,11.14,7.01,0,4.96,33.62
02/01/2026,10:41:00,0.557,0.121,239.67,2.58,1.13,2.89,1.36,3.91
02/01/2026,10:42:00,1.53,0.117,240.45,6.35,0,0,12.07,13.44
02/01/2026,10:43:00,0.96,0.2,244.4,3.76,7.08,0,9.2,0
02/01/2026,10:44:00,1.246,0.17,243.68,4.97,0,0,18.13,2.63
02/01/2026,10:45:00,0.943,0.052,241.35,4.17,0,0,0,15.71
02/01/2026,10:46:00,1.779,0.11,245.31,7.35,0,0,3.67,25.98
02/01/2026,10:47:00,0.699,0.13,233.95,3.21,0,0,52.49,0
02/01/2026,10:48:00,3.534,0.44,241.39,14.69,0,0,10,48.9
02/01/2026,10:49:00,3.559,0.796,243.77,14.43,0,0,10.68,48.63
02/01/2026,10:50:00,2.12,0.417,241.64,9.13,0,1.94,5.82,27.58
02/01/2026,10:51:00,3.218,0.175,236,13.56,0,0,7.49,46.15
02/01/2026,10:52:00,0.247,0.046,244.17,1.17,0,0,9.82,0
02/01/2026,10:53:00,3.695,0.327,242.28,15.47,0,0,0.58,61
02/01/2026,10:54:00,1.952,0.263,241.03,8.1,0,0.51,7.08,24.95
02/01/2026,10:55:00,0.745,0.13,240.27,2.88,0,0,10.14,2.28
02/01/2026,10:56:00,0.667,0.15,245.98,2.58,3.77,0,0.25,7.09
02/01/2026,10:57:00,4.692,0.663,241.33,19.58,0.51,9.83,2.11,65.74
02/01/2026,10:58:00,2.771,0.587,239.27,11.69,0,0.69,2.35,43.15
02/01/2026,10:59:00,1.215,0.251,237.57,5.37,0,0,11.57,8.67
02/01/2026,11:00:00,0.243,0.032,242.27,1.23,0,0,9.09,0
02/01/2026,11:01:00,3.841,0.577,242.96,15.62,12.68,0.08,6.41,44.85
02/01/2026,11:02:00,0.399,0.076,240.17,1.95,0,0.35,9.8,0
02/01/2026,11:03:00,0.978,0.055,238.33,3.9,3.14,0,3.62,9.53
02/01/2026,11:04:00,1.213,0.277,243.99,5.09,0,0,12.47,7.74
02/01/2026,11:05:00,0.656,0.134,237.34,3.25,6.82,0,1.6,2.51
02/01/2026,11:06:00,1.162,0.116,245.91,4.79,0,0,7.32,12.05
02/01/2026,11:07:00,1.391,0.342,237.8,5.49,0.86,0,1.66,20.66
02/01/2026,11:08:00,1.139,0.098,236.17,4.76,0,0,0.24,18.73
02/01/2026,11:09:00,1.856,0.432,236.55,8.28,1.89,0,2.01,27.04
02/01/2026,11:10:00,4.823,0.554,236.67,20.34,0,0,4.07,76.31
02/01/2026,11:11:00,0.261,0.053,239.29,1.35,0,0,11.13,0
02/01/2026,11:12:00,1.615,0.228,238.6,6.58,15.16,0,4.27,7.48
02/01/2026,11:13:00,0.405,0.08,243.07,1.59,1.5,0,1.18,4.07
02/01/2026,11:14:00,0.226,0.018,242.65,0.89,0,0,29.57,0
02/01/2026,11:15:00,3.028,0.315,239.33,13.04,0,10.94,1.89,37.63
02/01/2026,11:16:00,1.739,0.122,249.31,6.91,3.23,0,25.32,0.44
02/01/2026,11:17:00,0.205,0.046,239.29,0.48,9.96,0,16.52,0
02/01/2026,11:18:00,1.161,0.127,239.69,5.32,0,0,4.69,14.65
02/01/2026,11:19:00,0.534,0.101,236.17,2.31,0,0,0.58,8.32
02/01/2026,11:20:00,1.2,0.257,239.76,5.14,1.04,0,7.13,11.83
02/01/2026,11:21:00,2.504,0.577,240.89,10.07,0,0,11.21,30.52
02/01/2026,11:22:00,2.299,0.164,236.45,9.77,0.97,0,3.54,33.82
02/01/2026,11:23:00,0.95,0.217,238.5,3.99,2.94,0,1.64,11.25
02/01/2026,11:24:00,3.141,0.281,240.98,12.84,1.85,0,9.74,40.76
02/01/2026,11:25:00,4.094,0.808,238.43,17.31,2.84,0,4.73,60.67
02/01/2026,11:26:00,2.538,0.497,237.8,10.33,1.44,0,1.32,39.53
02/01/2026,11:27:00,0.796,0.041,242.35,3.09,16.81,2.68,17.92,0
02/01/2026,11:28:00,1.238,0.117,236.15,5.49,1.82,0,17.75,1.06
02/01/2026,11:29:00,4.709,0.699,236.74,19.75,0,0,2.74,75.74
02/01/2026,11:30:00,1.023,0.137,240.53,4.15,0,3.77,0.4,12.88
02/01/2026,11:31:00,2.305,0.539,242.54,9.52,0,0,5.98,32.44
02/01/2026,11:32:00,0.646,0.079,240.92,2.61,3.91,0,2.29,4.56
02/01/2026,11:33:00,3.158,0.75,239.33,13.33,0,8.25,0.41,43.97
02/01/2026,11:34:00,0.566,0.08,239.08,2.4,0,0,13.34,0
02/01/2026,11:35:00,1.29,0.313,243.03,5.01,0,0,37.65,0
02/01/2026,11:36:00,2.238,0.442,242.58,9.08,2.12,1.83,2.59,30.75
02/01/2026,11:37:00,5.445,1.175,240.15,22.5,6.68,0,8.19,75.88
02/01/2026,11:38:00,1.711,0.121,239.17,7.06,5.38,0,0.41,22.73
02/01/2026,11:39:00,1.086,0.182,240.11,4.55,0,1.18,2.77,14.15
02/01/2026,11:40:00,1.008,0.079,237.82,4.3,0,0,0.69,16.1
02/01/2026,11:41:00,3.05,0.334,239.55,12.26,0,0,0.34,50.49
02/01/2026,11:42:00,2.089,0.365,238.53,8.96,0,0,5.33,29.49
02/01/2026,11:43:00,2.463,0.481,239.7,10.26,0,0,9.72,31.34
02/01/2026,11:44:00,4.461,0.258,238.64,18.47,0,0,3.62,70.74
02/01/2026,11:45:00,1.479,0.231,241.57,6.31,0,0,4.46,20.2
02/01/2026,11:46:00,1.966,0.321,242.46,7.69,0,0,1.89,30.87
02/01/2026,11:47:00,0.994,0.065,238.86,3.85,0,0,8,8.57
02/01/2026,11:48:00,0.618,0.093,237.56,3.03,0,0,2.69,7.62
02/01/2026,11:49:00,0.76,0.147,242.13,3.17,0,0,0.42,12.25
02/01/2026,11:50:00,0.025,0.002,240.55,0.2,0,1.61,1.09,0
02/01/2026,11:51:00,2.219,0.448,238.9,9.31,0,0,0.83,36.16
02/01/2026,11:52:00,2.032,0.336,244.13,8.29,0,0,3.43,30.42
02/01/2026,11:53:00,2.18,0.472,238.3,9.15,0,0.24,0.4,35.68
02/01/2026,11:54:00,0.573,0.054,234.02,2.55,10.7,0,9.85,0
02/01/2026,11:55:00,0.774,0.168,237.88,3.22,0,0,14.32,0
02/01/2026,11:56:00,0.748,0.052,244.86,3.12,0,0,1.71,10.75
02/01/2026,11:57:00,3.404,0.445,239.05,14.21,2.99,0,3.99,49.76
02/01/2026,11:58:00,1.656,0.149,238.45,6.78,0,0,4.39,23.2
02/01/2026,11:59:00,1.465,0.33,240.08,5.88,0,0,25.2,0
02/01/2026,12:00:00,2.652,0.506,243.03,11.17,0,0,0.41,43.79
02/01/2026,12:01:00,0.75,0.041,239.75,3.26,0,0,6.61,5.89
02/01/2026,12:02:00,1.925,0.1,241.77,8.17,0,0,2.55,29.54
02/01/2026,12:03:00,5.973,0.647,239.43,24.95,0,0,4.18,95.38
02/01/2026,12:04:00,3.828,0.301,241.8,15.88,4.86,0,1.47,57.47
02/01/2026,12:05:00,1.901,0.335,240.54,7.87,0,0,1.05,30.63
02/01/2026,12:06:00,1.515,0.277,238.81,6.58,5.98,2.29,1.67,15.32
02/01/2026,12:07:00,2.164,0.516,240.77,8.92,3.58,0,0.44,32.05
02/01/2026,12:08:00,4.239,1.019,238.37,17.58,1.87,0,1.96,66.82
02/01/2026,12:09:00,4.013,0.729,235.87,17.12,10.91,0,7.03,48.94
02/01/2026,12:10:00,4.785,0.245,239.94,19.91,0,0,6.32,73.42
02/01/2026,12:11:00,1.739,0.212,236.13,7.41,9.67,0,4.85,14.46
02/01/2026,12:12:00,5.666,0.865,241.79,23.57,0,0,0,94.43
02/01/2026,12:13:00,0.617,0.092,239.89,2.46,8.47,0,0.81,1
02/01/2026,12:14:00,2.617,0.447,244.27,10.67,0,0,11.1,32.51
02/01/2026,12:15:00,1.437,0.348,239.01,5.95,0,0,1.9,22.05
02/01/2026,12:16:00,1.025,0.233,239.94,4.53,0.17,0.1,14.6,2.21
02/01/2026,12:17:00,4.793,0.344,235.59,20.35,0,0,12.45,67.43
02/01/2026,12:18:00,1.921,0.198,236.69,8.15,0,0,1.01,31.01
02/01/2026,12:19:00,1.423,0.308,234.96,5.83,0,0,13.71,10.02
02/01/2026,12:20:00,2.106,0.453,243.23,8.81,0.32,0,5.93,28.86
02/01/2026,12:21:00,0.006,0.001,238.62,0.2,0,0,5.97,0
02/01/2026,12:22:00,0.732,0.144,243.98,2.83,0,0,11.49,0.71
02/01/2026,12:23:00,0.858,0.158,231.96,4.08,3.2,0,3.12,7.98
02/01/2026,12:24:00,2.392,0.346,244.64,9.84,0,0,7.97,31.89
02/01/2026,12:25:00,0.472,0.043,239.8,1.84,0,0,6.61,1.26
02/01/2026,12:26:00,1.674,0.381,241.02,6.94,14.41,0,8.86,4.63
02/01/2026,12:27:00,1.3,0.241,236.81,5.42,0,0,6.48,15.19
02/01/2026,12:28:00,0.776,0.065,241.58,3.52,0,0,0.5,12.42
02/01/2026,12:29:00,0.83,0.159,238.88,3.66,0,5.56,2.08,6.2
02/01/2026,12:30:00,1.289,0.256,236.42,5.54,0,0,16.87,4.61
02/01/2026,12:31:00,0.11,0.025,236.38,0.81,0,0,1.52,0.32
02/01/2026,12:32:00,2.681,0.254,236.32,11.14,0,6.55,3.83,34.3
02/01/2026,12:33:00,0.612,0.152,241.14,2.69,0,0,2.65,7.55
02/01/2026,12:34:00,1.09,0.088,238.09,4.69,0,0,0.54,17.62
02/01/2026,12:35:00,4.662,0.793,235.08,19.79,0,0,1.2,76.5
02/01/2026,12:36:00,2.718,0.493,241.11,11.23,4.21,0,2.03,39.06
02/01/2026,12:37:00,0.375,0.05,233.48,1.79,1.58,0,3.73,0.94
02/01/2026,12:38:00,2.183,0.316,243.99,9.12,0,0,12.45,23.92
02/01/2026,12:39:00,1.132,0.258,245.96,4.32,0,0,4.35,14.52
02/01/2026,12:40:00,1.683,0.301,236.06,7.49,15.31,0.12,6.33,6.28
02/01/2026,12:41:00,2.646,0.395,243.16,11.11,0,0,3.33,40.77
02/01/2026,12:42:00,2.99,0.226,241.05,12.35,0.34,0,12.24,37.24
02/01/2026,12:43:00,0.928,0.048,238.5,3.73,0,0,6.52,8.95
02/01/2026,12:44:00,1.269,0.095,238.64,5.54,4.35,0,0.57,16.23
02/01/2026,12:45:00,1.974,0.476,241.96,8.26,0,0,3.89,29.01
02/01/2026,12:46:00,2.085,0.423,239.88,8.84,0,0,10.53,24.22
02/01/2026,12:47:00,1.668,0.406,232.22,7.3,7.04,0,7.94,12.82
02/01/2026,12:48:00,4.279,0.245,246.22,17.62,1.6,0,14.14,55.58
02/01/2026,12:49:00,2.066,0.384,241.3,8.73,0,6.39,1.55,26.49
02/01/2026,12:50:00,2.614,0.154,239.84,10.79,8.03,5.54,22.68,7.32
02/01/2026,12:51:00,1.794,0.37,237.84,7.42,0,0,2.01,27.89
02/01/2026,12:52:00,0.468,0.059,239.43,2.03,0,0,0.31,7.49
02/01/2026,12:53:00,0.729,0.05,243.81,3.45,0,0,4.11,8.05
02/01/2026,12:54:00,0.355,0.058,240.78,1.44,0,0.57,0.7,4.65
02/01/2026,12:55:00,3.259,0.345,241.13,13.59,5.62,0,6.86,41.83
02/01/2026,12:56:00,0.203,0.037,236.25,1.04,0,0,13.85,0
02/01/2026,12:57:00,1.22,0.222,238.95,5.02,0,0,15.26,5.08
02/01/2026,12:58:00,0.98,0.187,240.15,4.24,0,0,5.6,10.73
02/01/2026,12:59:00,0.955,0.237,242.09,3.95,0,11.19,4.6,0.12
02/01/2026,13:00:00,1.04,0.132,238.75,4.61,0,0,30.69,0
02/01/2026,13:01:00,4.898,0.701,242.78,19.98,0,0,5.2,76.43
02/01/2026,13:02:00,0.097,0.02,236.57,0.87,6.64,0,15.74,0
02/01/2026,13:03:00,3.88,0.643,240.21,16.09,0,0,14.9,49.76
02/01/2026,13:04:00,1.129,0.065,239.71,4.81,0,0,2.05,16.76
02/01/2026,13:05:00,2.836,0.62,235.45,12.05,0,4.78,0.08,42.4
02/01/2026,13:06:00,1.506,0.091,239.86,6.06,0,3.28,3.47,18.35
02/01/2026,13:07:00,0.404,0.034,238.25,1.86,0,6.33,11.86,0
02/01/2026,13:08:00,4.166,0.293,244.24,17.01,0,0,10.85,58.59
02/01/2026,13:09:00,3.688,0.242,238.77,15.55,0,0,5.55,55.91
02/01/2026,13:10:00,0.443,0.024,241.05,1.68,9.1,0,1.02,0
02/01/2026,13:11:00,2.322,0.142,236.31,9.78,0,0,0.68,38.02
02/01/2026,13:12:00,0.766,0.106,240.71,3.12,0.61,0,18.56,0
02/01/2026,13:13:00,0.217,0.022,238.75,1.02,0,0,3.28,0.33
02/01/2026,13:14:00,0.614,0.046,237.67,2.64,0,0.99,6.27,2.97
02/01/2026,13:15:00,3.983,0.724,248.5,15.99,0,0,14.18,52.2
02/01/2026,13:16:00,2.891,0.275,238.94,12.03,0,0,12.24,35.95
02/01/2026,13:17:00,1.052,0.057,239.36,4.46,0,0,5.02,12.52
02/01/2026,13:18:00,3.997,0.534,242.71,16.51,0.47,5.91,4.02,56.23
02/01/2026,13:19:00,3.473,0.389,237.69,14.64,0,7.34,7.97,42.57
02/01/2026,13:20:00,0.615,0.07,241.21,2.94,0,0,2.58,7.67
02/01/2026,13:21:00,4.753,0.661,241.53,19.79,0,0,5.89,73.32
02/01/2026,13:22:00,0.97,0.178,240.73,4.42,0,0,0.14,16.03
02/01/2026,13:23:00,1.108,0.192,246.89,4.48,0,0,10.43,8.04
02/01/2026,13:24:00,0.101,0.024,237.59,0.42,6.81,2.53,37.39,0
02/01/2026,13:25:00,0.751,0.115,244.61,2.97,0,0,18.57,0
02/01/2026,13:26:00,1.229,0.178,241.42,5.15,0.63,0,2.68,17.18
02/01/2026,13:27:00,1.838,0.17,242.73,7.51,0,0,4.54,26.09
02/01/2026,13:28:00,0.406,0.082,241.02,1.59,0,0,1.62,5.15
02/01/2026,13:29:00,0.647,0.051,245.63,2.25,0,0,2.17,8.62
02/01/2026,13:30:00,4.831,0.716,239.04,20.5,0,20.2,3.67,56.65
02/01/2026,13:31:00,3.296,0.443,241.49,13.57,0,0,8.25,46.69
02/01/2026,13:32:00,3.78,0.687,243.92,15.79,0,0,0.11,62.9
02/01/2026,13:33:00,1.329,0.31,238.32,5.56,0,0,3,19.14
02/01/2026,13:34:00,1.885,0.451,243,7.89,2.05,1.96,4.88,22.53
02/01/2026,13:35:00,2.365,0.198,239.94,9.87,0,0,1.45,37.97
02/01/2026,13:36:00,4.778,0.489,236.3,20.3,1.4,0,0.49,77.75
02/01/2026,13:37:00,0.21,0.045,235.65,0.69,0,0,4.65,0
02/01/2026,13:38:00,0.833,0.128,239.73,3.71,0.39,0,6.09,7.4
02/01/2026,13:39:00,1.74,0.245,242.97,7.09,0,0,6.15,22.85
02/01/2026,13:40:00,1.515,0.291,233.76,6.66,0,0,2.65,22.6
02/01/2026,13:41:00,0.638,0.109,240.6,2.36,7.77,0,1.63,1.23
02/01/2026,13:42:00,2.199,0.537,242.68,8.91,0,0,1.49,35.16
02/01/2026,13:43:00,0.868,0.145,236.17,3.75,0,6.23,0.25,7.98
02/01/2026,13:44:00,1.417,0.203,238.1,5.92,0,0,1.23,22.39
02/01/2026,13:45:00,2.119,0.336,241.72,8.86,0,0,10.24,25.07
02/01/2026,13:46:00,0.911,0.193,242.55,3.8,3.68,0,0.02,11.47
02/01/2026,13:47:00,2.702,0.466,244.81,11.4,8.16,0,0.27,36.59
02/01/2026,13:48:00,3.107,0.557,238.24,13.15,1.55,0,0.82,49.42
02/01/2026,13:49:00,0.665,0.162,237.55,2.71,0.36,0,3.27,7.45
02/01/2026,13:50:00,0.862,0.15,244.96,3.44,0,0,2.44,11.92
02/01/2026,13:51:00,0.484,0.061,237.74,2.28,0,0,1.17,6.89
02/01/2026,13:52:00,1.388,0.261,241.52,5.44,11.49,2.97,0.71,7.98
02/01/2026,13:53:00,1.837,0.334,246.55,7.56,0,0.54,16.77,13.31
02/01/2026,13:54:00,1.001,0.053,242.26,3.91,0,0,14.53,2.15
02/01/2026,13:55:00,1.793,0.257,242.35,7.62,0,1.62,8.87,19.39
02/01/2026,13:56:00,0.838,0.166,243.83,3.35,1.89,0,1.74,10.34
02/01/2026,13:57:00,0.867,0.13,241.57,3.69,0,0,2.35,12.1
02/01/2026,13:58:00,1.92,0.395,242.36,7.93,1.25,0,6.58,24.16
02/01/2026,13:59:00,0.926,0.13,238.97,3.6,0,18.04,2.07,0
02/01/2026,14:00:00,1.32,0.326,243.48,5.55,0,0,4.54,17.46
02/01/2026,14:01:00,1.978,0.215,241.24,8.06,4.78,0,6.32,21.86
02/01/2026,14:02:00,1.77,0.121,235.57,7.67,22.56,0,4.39,2.55
02/01/2026,14:03:00,0.851,0.116,240.73,3.33,0,0,3.2,10.98
02/01/2026,14:04:00,3.358,0.532,233.49,14.43,0,0,2.57,53.41
02/01/2026,14:05:00,2.278,0.273,242.14,9.42,0,0,9.02,28.95
02/01/2026,14:06:00,1.74,0.171,239.3,7.15,10.61,0,8.06,10.34
02/01/2026,14:07:00,0.409,0.075,245.72,1.94,0,0,7.15,0
02/01/2026,14:08:00,1.548,0.194,241.47,6.42,0,0,2.82,22.99
02/01/2026,14:09:00,0.735,0.13,242.77,2.94,0.77,0,8.97,2.51
02/01/2026,14:10:00,2.143,0.441,236.85,9.11,0,0,18.98,16.74
02/01/2026,14:11:00,1.093,0.221,242.05,4.23,0,0,7.01,11.21
02/01/2026,14:12:00,0.812,0.102,238.08,3.9,0.35,0,3.14,10.04
02/01/2026,14:13:00,2.71,0.443,243.27,10.92,2.86,0,9.55,32.75
02/01/2026,14:14:00,0.108,0.015,236.64,0.57,2.48,0,5.64,0
02/01/2026,14:15:00,1.46,0.327,240.33,6.09,0,0.71,12.61,11.01
02/01/2026,14:16:00,2.256,0.509,236.53,9.77,0.72,0,7.49,29.38
02/01/2026,14:17:00,5.449,0.647,240.38,22.7,11.34,0,8.82,70.65
02/01/2026,14:18:00,0.864,0.059,246.07,3.38,0,0.44,6.61,7.36
02/01/2026,14:19:00,1.864,0.156,242.16,7.33,0,0,0.58,30.49
02/01/2026,14:20:00,0.122,0.015,239.9,0.2,0,0,3.98,0
02/01/2026,14:21:00,1.393,0.227,232.61,5.94,15.27,0.66,0.35,6.94
02/01/2026,14:22:00,3.55,0.644,238.39,15.17,0.45,0,3.56,55.17
02/01/2026,14:23:00,5.488,0.638,241.42,22.4,8.46,0,7.56,75.44
02/01/2026,14:24:00,2.018,0.37,238.47,8.83,0,0,3.28,30.34
02/01/2026,14:25:00,0.191,0.045,244.28,1,0,0,0.01,3.18
02/01/2026,14:26:00,3.995,0.721,240.21,16.36,0,0,2.77,63.81
02/01/2026,14:27:00,0.194,0.016,243.24,0.58,5.66,0,0.42,0
02/01/2026,14:28:00,0.36,0.06,240.61,1.3,0,0,9.1,0
02/01/2026,14:29:00,4.255,0.674,239.17,17.85,0,1.3,9.19,60.42
02/01/2026,14:30:00,1.301,0.292,238.59,5.44,0,0,9.85,11.83
02/01/2026,14:31:00,0.766,0.092,236.96,3.21,0,9.55,0.18,3.03
02/01/2026,14:32:00,2.515,0.338,243.29,10.24,0,0,0.2,41.72
02/01/2026,14:33:00,1.624,0.276,238.72,6.84,0.72,0,14.03,12.31
02/01/2026,14:34:00,3.308,0.512,241.57,13.86,0,11.45,0.79,42.88
02/01/2026,14:35:00,1.691,0.328,238.42,7.07,0,0,6.65,21.53
02/01/2026,14:36:00,1.726,0.1,236.75,7.16,0,0,9.52,19.24
02/01/2026,14:37:00,3.217,0.523,241.67,13.51,0,0,3.56,50.05
02/01/2026,14:38:00,1.284,0.095,237.76,5.36,1.08,0,4.74,15.58
02/01/2026,14:39:00,0.536,0.061,238.8,2.35,0,0,1.55,7.38
02/01/2026,14:40:00,2.633,0.48,236.25,11.13,0,0,15.43,28.46
02/01/2026,14:41:00,1.055,0.086,238.52,4.64,3.8,1.39,2.16,10.24
02/01/2026,14:42:00,1.812,0.203,240.07,7.79,0,0,1.47,28.72
02/01/2026,14:43:00,0.079,0.015,239.14,0.57,0.96,0,4.47,0
02/01/2026,14:44:00,1.236,0.223,242.45,4.99,0,0,1.27,19.33
02/01/2026,14:45:00,0.825,0.056,240.44,3.32,0,0,6.96,6.79
02/01/2026,14:46:00,0.074,0.012,249.26,0.47,0,4.46,4.34,0
02/01/2026,14:47:00,1.273,0.101,241.27,5.26,0,8.82,0.96,11.43
02/01/2026,14:48:00,1.314,0.132,234.79,5.59,10.65,0,0.42,10.82
02/01/2026,14:49:00,1.927,0.273,239.36,7.91,2.78,0,0.88,28.45
02/01/2026,14:50:00,3.505,0.252,239.62,14.91,0,0.21,0.88,57.32
02/01/2026,14:51:00,3.078,0.766,238.16,13.13,0,0,2.25,49.05
02/01/2026,14:52:00,0.887,0.074,240.22,3.67,0.17,0,10.75,3.86
02/01/2026,14:53:00,1.655,0.341,238.07,6.82,0,0,0.35,27.22
02/01/2026,14:54:00,2.168,0.468,241,8.86,0,0.91,0.82,34.4
02/01/2026,14:55:00,0.913,0.227,234.27,3.92,0,0,2.16,13.05
02/01/2026,14:56:00,0.223,0.03,243.43,0.99,0,0,4.84,0
02/01/2026,14:57:00,1.147,0.258,235.27,4.7,0,0,8.64,10.48
02/01/2026,14:58:00,3.619,0.874,239.21,14.88,0,0,15.24,45.07
02/01/2026,14:59:00,0.207,0.017,237.8,0.89,0,2.47,3.19,0
02/01/2026,15:00:00,0.472,0.069,240.92,2.13,5.11,0,0.67,2.09
02/01/2026,15:01:00,0.604,0.037,239.45,2.54,0,0,1.44,8.62
02/01/2026,15:02:00,0.479,0.083,240.75,1.94,0,0,2.03,5.95
02/01/2026,15:03:00,2.524,0.42,243.33,10.15,0,0,9.25,32.81
02/01/2026,15:04:00,0.732,0.066,242.31,2.89,1.11,0,6.96,4.12
02/01/2026,15:05:00,2.579,0.541,240.11,10.92,0,0,1.41,41.58
02/01/2026,15:06:00,1.458,0.084,241.38,5.79,0,0,10.95,13.36
02/01/2026,15:07:00,0.137,0.029,245.88,0.91,2.92,0,11.76,0
02/01/2026,15:08:00,0.934,0.052,242.41,3.87,0,1.29,12.84,1.43
02/01/2026,15:09:00,3.15,0.571,239.12,12.86,0,3.21,1.93,47.37
02/01/2026,15:10:00,1.61,0.106,243.83,6.7,1.44,0,0.86,24.53
02/01/2026,15:11:00,1.008,0.101,241.17,4.27,0,0,0.66,16.13
02/01/2026,15:12:00,3.652,0.71,237.11,15.31,0,0,3.07,57.8
02/01/2026,15:13:00,0.417,0.044,239.46,1.93,0,0,3.37,3.58
02/01/2026,15:14:00,0.761,0.116,235.58,3.11,1.18,0,12.16,0
02/01/2026,15:15:00,2.922,0.681,233.14,12.66,0,0,1.87,46.82
02/01/2026,15:16:00,2.482,0.149,237.15,10.46,5.48,1.14,5.92,28.83
02/01/2026,15:17:00,0.374,0.079,240.37,1.5,0.38,0,9.31,0
02/01/2026,15:18:00,2.107,0.133,240.38,9.03,0,4.19,1.88,29.05
02/01/2026,15:19:00,0.719,0.054,235.77,3.25,13.34,0,1.86,0
02/01/2026,15:20:00,0.067,0.005,232.86,0.2,0,0,6.64,0
02/01/2026,15:21:00,1.028,0.256,244.41,4.28,0,0,7.77,9.36
02/01/2026,15:22:00,5.748,0.495,240.29,24.3,0,0,19.28,76.52
02/01/2026,15:23:00,3.193,0.732,244.67,13.33,0,0.35,11.38,41.5
02/01/2026,15:24:00,1.339,0.332,244.5,5.3,0,5.18,10.36,6.79
02/01/2026,15:25:00,0.188,0.024,242.2,1.09,0,7.43,7.07,0
02/01/2026,15:26:00,0.072,0.013,240.18,0.49,0,0,0.76,0.44
02/01/2026,15:27:00,1.462,0.301,238.81,5.91,0,0,9.94,14.43
02/01/2026,15:28:00,1.992,0.256,242.16,8.27,7.3,0,16.43,9.47
02/01/2026,15:29:00,2.548,0.21,239.52,10.73,0,0.31,2.97,39.18
02/01/2026,15:30:00,2.315,0.317,238.23,9.5,4.64,0,2.26,31.68
02/01/2026,15:31:00,2.48,0.507,233.71,10.75,13.23,0,4.43,23.66
02/01/2026,15:32:00,1.79,0.369,239.75,7.95,0,0,18.8,11.03
02/01/2026,15:33:00,3.591,0.345,243.29,15.04,0,2.59,0.31,56.96
02/01/2026,15:34:00,0.823,0.07,243.78,3.41,0,0,7.4,6.32
02/01/2026,15:35:00,1.442,0.338,240.16,5.95,8.45,0,10.11,5.47
02/01/2026,15:36:00,0.138,0.008,237.33,0.65,0,0,9.33,0
02/01/2026,15:37:00,0.805,0.159,242.71,3.12,0,0.11,5.02,8.28
02/01/2026,15:38:00,3.125,0.185,239.95,12.93,0,0,15.2,36.89
02/01/2026,15:39:00,2.415,0.526,238.9,9.72,0,0,0.87,39.39
02/01/2026,15:40:00,0.027,0.006,235.63,0.2,0,0,1.69,0
02/01/2026,15:41:00,6.065,0.664,246.31,24.56,0,4.15,2.2,94.74
02/01/2026,15:42:00,1.614,0.105,242.22,6.79,0,3.92,0.05,22.92
02/01/2026,15:43:00,1.641,0.24,242.54,6.79,11.6,5.88,2.78,7.09
02/01/2026,15:44:00,0.751,0.082,237.41,2.96,34.97,0,1.05,0
02/01/2026,15:45:00,0.939,0.125,240.24,3.95,0,0,7.74,7.91
02/01/2026,15:46:00,1.598,0.292,239.76,6.52,1.47,2.93,3.22,19.01
02/01/2026,15:47:00,2.304,0.212,242.35,9.84,1.02,2.31,7.31,27.76
02/01/2026,15:48:00,1.864,0.226,244.08,7.47,0,0,2.09,28.98
02/01/2026,15:49:00,0.817,0.169,235.7,3.37,0,0,0.85,12.76
02/01/2026,15:50:00,0.527,0.094,236.78,2.02,3.2,0,0.85,4.74
02/01/2026,15:51:00,0.485,0.056,241.94,1.79,0,0,1.36,6.72
02/01/2026,15:52:00,3.318,0.607,238.48,13.92,0.92,0,0.73,53.65
02/01/2026,15:53:00,3.012,0.612,242.44,12.17,0,0,1.49,48.71
02/01/2026,15:54:00,2.131,0.359,238.88,8.88,0,0,5.19,30.33
02/01/2026,15:55:00,3.3,0.323,236.25,14.05,0,40.21,1.78,13
02/01/2026,15:56:00,1.244,0.062,234.72,5.21,0,0,2.52,18.21
02/01/2026,15:57:00,2.81,0.592,241.45,11.2,0,0,0.33,46.5
02/01/2026,15:58:00,2.225,0.477,241.53,9.48,0,0,13.37,23.71
02/01/2026,15:59:00,2.87,0.544,242.91,11.87,0,0,0.89,46.95
02/01/2026,16:00:00,0.427,0.028,240.98,1.83,0,0,2.57,4.55
02/01/2026,16:01:00,1.768,0.295,228.73,7.68,0,0,2.86,26.6
02/01/2026,16:02:00,0.993,0.213,241.51,4.27,3.79,0,8.87,3.88
02/01/2026,16:03:00,3.739,0.478,235.63,16.06,0,1.4,3.96,56.95
02/01/2026,16:04:00,3.019,0.27,234.4,13.09,11.97,0,2.9,35.45
02/01/2026,16:05:00,1.905,0.319,234.04,8.19,1.44,0,7.14,23.17
02/01/2026,16:06:00,0.566,0.122,233.76,2.15,0,1.8,5.45,2.18
02/01/2026,16:07:00,0.128,0.008,240.84,0.61,0,0,0.49,1.64
02/01/2026,16:08:00,0.799,0.135,237.81,3.41,0.71,6.54,2.25,3.81
02/01/2026,16:09:00,2.509,0.448,235.44,10.55,3.46,0,23.07,15.3
02/01/2026,16:10:00,1.003,0.171,240.07,4.02,0,0,3.96,12.76
02/01/2026,16:11:00,2.153,0.388,236.68,9.21,8,0,3.31,24.58
02/01/2026,16:12:00,2.244,0.396,242.94,9.22,0,0,0.97,36.43
02/01/2026,16:13:00,2.48,0.189,244.35,10.07,0,0,10.96,30.37
02/01/2026,16:14:00,0.091,0.009,239.35,0.72,0,0,0.86,0.66
02/01/2026,16:15:00,0.627,0.109,244.13,2.7,0,0,0.67,9.78
02/01/2026,16:16:00,2.12,0.114,244.13,8.77,4.14,6.25,3.47,21.47
02/01/2026,16:17:00,4.374,0.774,240.25,18.45,12.38,4.38,3.44,52.7
02/01/2026,16:18:00,3.481,0.637,245.2,14.26,0,0,23.93,34.09
02/01/2026,16:19:00,1.821,0.178,238.14,7.5,0,0,0.82,29.53
02/01/2026,16:20:00,3.77,0.639,234.13,16.02,0,0,3.97,58.86
02/01/2026,16:21:00,1.809,0.284,235.34,7.83,0,0,1.35,28.79
02/01/2026,16:22:00,0.198,0.02,238,0.96,0,8.57,7.26,0
02/01/2026,16:23:00,2.445,0.349,241.6,10.21,0,0,2.98,37.77
02/01/2026,16:24:00,3.575,0.829,236.54,14.89,0,0,6.27,53.31
02/01/2026,16:25:00,5.425,0.734,237.97,22.96,0,0,2.48,87.94
02/01/2026,16:26:00,0.775,0.136,236.25,3.27,0.46,0,4.99,7.46
02/01/2026,16:27:00,0.372,0.021,238.04,1.68,2.62,2.16,3.8,0
02/01/2026,16:28:00,2.816,0.185,244.03,11.37,0,0,2.81,44.12
02/01/2026,16:29:00,2.014,0.133,241.07,8.75,0,0,4.63,28.94
02/01/2026,16:30:00,1.862,0.383,238.27,7.86,0,0,2.91,28.13
02/01/2026,16:31:00,3.81,0.457,243.66,15.55,0,0,9.84,53.67
02/01/2026,16:32:00,2.807,0.268,240.08,11.82,1.45,0,4.1,41.24
02/01/2026,16:33:00,2.178,0.434,240.4,9.23,0,0.95,14.01,21.34
02/01/2026,16:34:00,0.883,0.074,243.43,3.76,0,0,1.51,13.21
02/01/2026,16:35:00,2.627,0.261,238.97,10.8,0,0,0.71,43.08
02/01/2026,16:36:00,0.352,0.048,242.75,1.68,8.76,0,2.88,0
02/01/2026,16:37:00,1.804,0.21,242.53,7.37,0,0,1.22,28.85
02/01/2026,16:38:00,1.356,0.227,239.56,5.66,0,1.8,3,17.81
02/01/2026,16:39:00,0.183,0.022,235.81,0.34,1.66,0,1.39,0.01
02/01/2026,16:40:00,2.019,0.26,240.04,8.32,0,0,12.16,21.49
02/01/2026,16:41:00,0.777,0.173,243.41,3.1,0,0,5.03,7.91
02/01/2026,16:42:00,1.978,0.449,242.46,8.25,0,0,4.13,28.83
02/01/2026,16:43:00,0.489,0.106,245.13,1.89,3.94,1.52,9.3,0
02/01/2026,16:44:00,2.83,0.631,238.53,11.54,13.26,0,0.84,33.07
02/01/2026,16:45:00,4.894,0.802,242.34,20.24,0,0,11.67,69.89
02/01/2026,16:46:00,0.353,0.063,236.98,1.44,0,0,3.96,1.91
02/01/2026,16:47:00,0.489,0.079,240.6,1.89,0,0,0.88,7.27
02/01/2026,16:48:00,0.277,0.057,243.32,1.16,0,0,10.27,0
02/01/2026,16:49:00,1.14,0.183,242.72,4.34,0,0.95,3.71,14.35
02/01/2026,16:50:00,1.952,0.141,240.31,8.25,0,0,5.57,26.96
02/01/2026,16:51:00,2.499,0.53,239.2,10.41,0,0,13.44,28.21
02/01/2026,16:52:00,1.773,0.358,237.02,7.43,17.39,0,13.28,0
02/01/2026,16:53:00,2.437,0.522,239.32,10.37,0,0,13.4,27.22
02/01/2026,16:54:00,1.312,0.116,236.07,5.45,0,0,3.24,18.63
02/01/2026,16:55:00,0.767,0.08,238.97,3.26,0,2.65,8.31,1.83
02/01/2026,16:56:00,0.504,0.055,234.58,2.12,0,0,1.59,6.8
02/01/2026,16:57:00,1.182,0.179,236.04,5.65,0,0,10.67,9.02
02/01/2026,16:58:00,0.519,0.04,242.56,2.24,0,1.86,2.51,4.28
02/01/2026,16:59:00,1.902,0.242,242.22,7.62,17.65,0,3.74,10.31
02/01/2026,17:00:00,0.529,0.046,239.13,2.56,3.4,0,13.32,0
02/01/2026,17:01:00,0.858,0.088,240.19,3.78,0,0,9.83,4.47
02/01/2026,17:02:00,3.305,0.632,240.6,13.75,0,0,18.28,36.8
02/01/2026,17:03:00,3.554,0.785,241.38,14.64,0,0,2.71,56.53
02/01/2026,17:04:00,3.469,0.189,241.06,14.12,10.98,0,0.98,45.85
02/01/2026,17:05:00,1.332,0.217,235.99,5.73,0,0,14.48,7.73
02/01/2026,17:06:00,0.8,0.046,232.67,3.31,0,0,4.08,9.26
02/01/2026,17:07:00,2.155,0.144,236.95,8.92,11.52,0,13.21,11.18
02/01/2026,17:08:00,0.542,0.104,239.54,2.42,3.33,0,7.9,0
02/01/2026,17:09:00,2.6,0.512,242.88,11.01,4.18,1.37,12.47,25.31
02/01/2026,17:10:00,0.726,0.154,240.7,2.92,2.41,0,6.38,3.3
02/01/2026,17:11:00,1.135,0.164,241.6,4.86,0,0,10.04,8.88
02/01/2026,17:12:00,2.647,0.587,237.31,11.19,1.92,0,0.77,41.42
02/01/2026,17:13:00,0.118,0.01,239.79,0.56,0,0,20.71,0
02/01/2026,17:14:00,0.759,0.076,240.2,3,16.96,0,1.2,0
02/01/2026,17:15:00,1.937,0.149,237.73,8.1,0,0,0.15,32.13
02/01/2026,17:16:00,2.302,0.482,236.79,9.5,0,2.89,4.54,30.94
02/01/2026,17:17:00,2.002,0.192,239.32,8.12,0,0,7.47,25.91
02/01/2026,17:18:00,1.121,0.091,241.98,4.74,0,0,7.56,11.13
02/01/2026,17:19:00,2.863,0.5,237.29,11.96,0,0,2.49,45.24
02/01/2026,17:20:00,0.484,0.032,239.38,1.84,0,0,8.41,0
02/01/2026,17:21:00,0.459,0.027,244.06,1.64,0,0,11.09,0
02/01/2026,17:22:00,1.921,0.137,238.44,7.75,0,0,5.65,26.36
02/01/2026,17:23:00,0.421,0.021,240.02,1.36,0,0,2.93,4.08
02/01/2026,17:24:00,5.019,0.951,239.68,20.96,0,0,5.7,77.95
02/01/2026,17:25:00,0.783,0.127,239.44,2.74,0,0,11.89,1.16
02/01/2026,17:26:00,2.821,0.259,245.01,11.61,0.59,0,13.84,32.58
02/01/2026,17:27:00,0.335,0.032,240.92,1.48,0,2.47,0.19,2.92
02/01/2026,17:28:00,4.252,0.902,235.29,18.05,0,0.34,0.78,69.74
02/01/2026,17:29:00,1.418,0.213,244.59,5.81,0,0,0.03,23.61
02/01/2026,17:30:00,0.761,0.144,240.82,3.1,0.88,0,4.07,7.72
02/01/2026,17:31:00,1.047,0.147,238.88,4.43,0,0,3.44,14.01
02/01/2026,17:32:00,0.636,0.062,244.05,2.65,0,0,4.74,5.87
02/01/2026,17:33:00,1.132,0.276,237.66,5.02,4.18,0,6.91,7.79
02/01/2026,17:34:00,0.361,0.059,245.15,1.78,4.4,9.78,2.73,0
02/01/2026,17:35:00,0.787,0.06,240.28,3.57,1.18,0,1.4,10.53
02/01/2026,17:36:00,2.778,0.365,243.02,11.27,0,0,3.01,43.29
02/01/2026,17:37:00,1.689,0.196,249.2,6.93,7.36,10.59,0.05,10.15
02/01/2026,17:38:00,0.472,0.044,240.54,2.06,0,5.73,10.61,0
02/01/2026,17:39:00,1.17,0.277,239.71,4.75,6.67,0,2.9,9.92
02/01/2026,17:40:00,3.586,0.811,236.8,14.97,4.29,0,5.85,49.62
02/01/2026,17:41:00,0.885,0.079,239.64,3.62,5.59,0,2.36,6.8
02/01/2026,17:42:00,0.415,0.05,236.89,1.54,0,0,5.72,1.19
02/01/2026,17:43:00,2.233,0.452,239.44,9.05,1.29,0,4.66,31.27
02/01/2026,17:44:00,0.05,0.005,248.68,0.3,0,0,1.4,0
02/01/2026,17:45:00,1.07,0.18,240.36,4.46,0,0,5.89,11.95
02/01/2026,17:46:00,3.829,0.727,238.34,16.07,0,3.02,0.7,60.1
02/01/2026,17:47:00,1.138,0.206,239.37,4.94,0,0,3.94,15.04
02/01/2026,17:48:00,3.001,0.574,238.76,12.53,0,0,7.64,42.37
02/01/2026,17:49:00,0.408,0.078,243.15,1.84,0,0,4.78,2.02
02/01/2026,17:50:00,1.096,0.266,239.73,4.43,0,4.14,8.23,5.9
02/01/2026,17:51:00,0.999,0.119,244.83,3.93,0,0,1.91,14.73
02/01/2026,17:52:00,2.135,0.482,239.05,8.93,13.85,0,0.3,21.43
02/01/2026,17:53:00,1.49,0.081,239.25,6.65,1.7,0,0.35,22.78
02/01/2026,17:54:00,4.224,0.455,237.31,18.06,0,4.2,1.88,64.32
02/01/2026,17:55:00,0.835,0.05,238.85,3.72,0.44,0,3.14,10.34
02/01/2026,17:56:00,1.474,0.266,234.8,6,0,13.52,4.63,6.42
02/01/2026,17:57:00,1.036,0.073,233.61,4.46,3.62,0,8.5,5.14
02/01/2026,17:58:00,1.379,0.302,241.87,5.86,0,0,10.98,12
02/01/2026,17:59:00,1.267,0.227,234.76,5.82,14.84,0,7.1,0
02/01/2026,18:00:00,0.536,0.03,241.22,1.89,4.83,0,3.73,0.37
02/01/2026,18:01:00,2.658,0.513,238.5,11.29,0,0,1.84,42.45
02/01/2026,18:02:00,0.701,0.156,242.82,3.1,0,1.06,3.35,7.27
02/01/2026,18:03:00,0.649,0.118,234.83,2.85,0,0,1.92,8.89
02/01/2026,18:04:00,0.201,0.011,241.79,0.56,0,0,5.88,0
02/01/2026,18:05:00,0.811,0.18,240.99,3.42,0,0,10.23,3.29
02/01/2026,18:06:00,0.691,0.136,241.09,2.95,0,0,4.38,7.14
02/01/2026,18:07:00,0.075,0.009,243.37,0.34,0,0,0.28,0.97
02/01/2026,18:08:00,1.127,0.13,240.21,4.56,0,7.34,16.86,0
02/01/2026,18:09:00,4.082,0.596,232.66,17.39,0.55,0,2.09,65.4
02/01/2026,18:10:00,0.26,0.058,241.35,1.17,1.79,0,14.76,0
02/01/2026,18:11:00,1.356,0.136,240.96,5.49,0,0,10.06,12.53
02/01/2026,18:12:00,1.102,0.077,239.27,4.47,0,0,3.2,15.17
02/01/2026,18:13:00,2.379,0.53,237.47,9.99,0,4.02,0.35,35.29
02/01/2026,18:14:00,2.524,0.139,238.92,10.6,0,1.5,17.71,22.86
02/01/2026,18:15:00,6.462,1.501,244.37,26.65,0,0,6.46,101.25
02/01/2026,18:16:00,1.744,0.194,237.24,7.11,6.84,0,1.72,20.5
02/01/2026,18:17:00,0.596,0.09,234.78,2.28,6.97,4.7,4.58,0
02/01/2026,18:18:00,0.787,0.06,235.6,3.27,0,0,6.05,7.07
02/01/2026,18:19:00,0.874,0.201,239.89,3.28,0,4.16,1.54,8.86
02/01/2026,18:20:00,0.722,0.144,245.01,3.06,4.98,0,0.59,6.46
02/01/2026,18:21:00,4.858,1.141,246.61,19.3,3.65,0,1.87,75.45
02/01/2026,18:22:00,2.427,0.453,241.95,10.17,2.38,0,0.29,37.78
02/01/2026,18:23:00,2.119,0.184,237.06,9.16,0,0,0.44,34.89
02/01/2026,18:24:00,0.429,0.048,237.37,1.86,0,0.02,1.02,6.12
02/01/2026,18:25:00,2.504,0.369,242.63,9.95,0,0,1.03,40.69
02/01/2026,18:26:00,3.378,0.579,243.99,13.87,0,0,1.71,54.59
02/01/2026,18:27:00,1.121,0.264,238.07,4.55,2.9,0.35,16.63,0
02/01/2026,18:28:00,0.778,0.099,244.27,2.94,0,0,5.15,7.82
02/01/2026,18:29:00,4.303,0.82,239.31,18.1,4.68,0,3.29,63.75
02/01/2026,18:30:00,0.675,0.163,242.14,2.94,0,0,4.98,6.27
02/01/2026,18:31:00,0.601,0.048,243.44,2.73,4.53,0,0.03,5.45
02/01/2026,18:32:00,0.494,0.11,235.55,2.04,0,0,13.51,0
02/01/2026,18:33:00,1.296,0.174,241.35,5.4,0,0,4.56,17.03
02/01/2026,18:34:00,1.739,0.342,244.29,7.45,0,0,3.61,25.38
02/01/2026,18:35:00,3.03,0.329,238.32,13.14,0,0,17.04,33.46
02/01/2026,18:36:00,2.2,0.257,236.83,9.51,4.63,0,7.87,24.17
02/01/2026,18:37:00,2.171,0.12,241.48,8.92,0,0,2.47,33.71
02/01/2026,18:38:00,3.782,0.924,240.4,15.73,1.41,0,16.51,45.12
02/01/2026,18:39:00,0.467,0.099,239.02,1.92,0,0,11.46,0
02/01/2026,18:40:00,0.238,0.016,239.99,1.13,0,0,18.54,0
02/01/2026,18:41:00,2.29,0.572,234.99,9.58,21.98,0,0.61,15.57
02/01/2026,18:42:00,1.24,0.212,241.21,5.2,0.45,0,18.64,1.57
02/01/2026,18:43:00,3.039,0.671,244.78,12.48,0,0.65,4.7,45.31
02/01/2026,18:44:00,1.35,0.086,237.86,5.75,3.27,0,6.69,12.55
02/01/2026,18:45:00,0.75,0.096,237.51,2.95,0,0,1.43,11.07
02/01/2026,18:46:00,2.317,0.426,240.52,9.68,0,0,0.91,37.71
02/01/2026,18:47:00,1.508,0.108,248.54,6.42,7.32,0,0.5,17.32
02/01/2026,18:48:00,1.351,0.2,243.3,5.46,0,2.48,3.29,16.76
02/01/2026,18:49:00,7.338,1.017,239.72,30.66,0,0,1.5,120.8
02/01/2026,18:50:00,3.564,0.332,240.12,14.48,0,0,0.51,58.89
02/01/2026,18:51:00,2.561,0.282,243.6,10.57,0,0,18.62,24.07
02/01/2026,18:52:00,1.55,0.377,237.27,6.58,0,0,7.93,17.9
02/01/2026,18:53:00,1.434,0.155,241.84,5.95,0,0,4.38,19.53
02/01/2026,18:54:00,1.042,0.097,236.65,4.55,13.89,3.59,8.16,0
02/01/2026,18:55:00,1.691,0.266,242.77,6.91,0,0,5.67,22.51
02/01/2026,18:56:00,0.858,0.158,239.12,3.82,0,0,1.18,13.12
02/01/2026,18:57:00,0.355,0.069,240.6,1.3,1.13,0,6.02,0
02/01/2026,18:58:00,1.336,0.268,238.92,5.88,0,5.81,6.86,9.61
02/01/2026,18:59:00,1.812,0.104,242.1,7.53,1.89,0,1.63,26.68
02/01/2026,19:00:00,3.045,0.392,239.48,12.7,0.58,1.07,2.32,46.78
02/01/2026,19:01:00,0.605,0.124,246.47,2.17,6.54,0,2.9,0.64
02/01/2026,19:02:00,1.445,0.334,244.26,5.69,0,6.25,5.54,12.29
02/01/2026,19:03:00,2.186,0.373,236.09,9.33,0,6.1,0.81,29.52
02/01/2026,19:04:00,2.146,0.13,240.57,8.78,0,0,8.16,27.6
02/01/2026,19:05:00,4.679,0.605,242.21,19.52,0,0,2.55,75.43
02/01/2026,19:06:00,1.062,0.069,238.63,4.51,0,0,7.06,10.64
02/01/2026,19:07:00,0.549,0.11,243.64,1.97,0,0,16.21,0
02/01/2026,19:08:00,1.531,0.096,243.28,6.44,0,0,12.24,13.28
02/01/2026,19:09:00,1.116,0.097,239.75,4.62,0,0,8.03,10.57
02/01/2026,19:10:00,0.936,0.125,242.94,3.84,0,0,1.29,14.31
02/01/2026,19:11:00,0.815,0.116,232.77,3.71,22.25,0,7.9,0
02/01/2026,19:12:00,1.818,0.239,244.07,7.17,0,0,6.06,24.24
02/01/2026,19:13:00,0.703,0.1,242.66,2.67,0,3.23,8.88,0
02/01/2026,19:14:00,2.56,0.493,236.74,10.88,0,0,12.19,30.47
02/01/2026,19:15:00,2.464,0.305,240.76,9.89,0,0,2.24,38.83
02/01/2026,19:16:00,1.959,0.313,233.92,8.25,0,0,6.2,26.45
02/01/2026,19:17:00,0.466,0.052,237.71,2.16,0,0,1.93,5.84
02/01/2026,19:18:00,1.749,0.211,243.29,7.17,0,0,2.55,26.6
02/01/2026,19:19:00,3.203,0.553,239.96,13.07,0.96,4.19,4.41,43.81
02/01/2026,19:20:00,2.707,0.401,239.8,11.33,0,0,3.42,41.71
02/01/2026,19:21:00,2.415,0.47,240.14,9.97,0,0,5.51,34.74
02/01/2026,19:22:00,1.425,0.231,239.79,5.8,0,0,8.53,15.22
02/01/2026,19:23:00,1.369,0.288,242.96,6.35,0,0,5.57,17.24
02/01/2026,19:24:00,3.608,0.5,238.14,15.27,0,0,21,39.14
02/01/2026,19:25:00,1.794,0.266,241.26,7.38,0,0,8.04,21.86
02/01/2026,19:26:00,1.813,0.334,236.57,7.84,7.09,0,25.2,0
02/01/2026,19:27:00,8.868,0.836,242.22,36.55,0,0,8.16,139.64
02/01/2026,19:28:00,1.04,0.132,239.04,4.25,0,0,4.25,13.08
02/01/2026,19:29:00,0.063,0.011,239.88,0.32,0,0,3.18,0
02/01/2026,19:30:00,1.191,0.066,238.91,5.09,7.49,0,7.98,4.37
02/01/2026,19:31:00,1.257,0.173,239.29,5.44,0,12.81,6.97,1.16
02/01/2026,19:32:00,1.771,0.301,236.99,7.76,0,0,6.63,22.89
02/01/2026,19:33:00,2.129,0.518,240.99,9.07,1.99,0,7.68,25.82
02/01/2026,19:34:00,0.089,0.02,241.66,0.54,1.24,0,12.34,0
02/01/2026,19:35:00,2.165,0.23,236.01,9.37,0,2.06,1.55,32.48
02/01/2026,19:36:00,1.327,0.201,238.21,5.81,0,0,4.99,17.12
02/01/2026,19:37:00,1.086,0.067,240.09,4.67,0,1.82,5.55,10.73
02/01/2026,19:38:00,0.183,0.018,238.2,0.45,0,0,2.08,0.97
02/01/2026,19:39:00,4.185,0.858,239.33,17.58,0,0.66,26.51,42.57
02/01/2026,19:40:00,0.924,0.069,244.85,4.05,0.26,4.96,9.24,0.94
02/01/2026,19:41:00,2.44,0.248,236.95,10.14,0.23,0,2.33,38.12
02/01/2026,19:42:00,0.595,0.142,233.06,2.48,0,0.89,2.66,6.37
02/01/2026,19:43:00,1.837,0.395,238.2,7.7,0.53,6.72,7.6,15.77
02/01/2026,19:44:00,1.103,0.228,239.02,4.65,4.06,2.68,0.07,11.57
02/01/2026,19:45:00,2.381,0.531,238.53,9.87,2.22,3.35,3.74,30.37
02/01/2026,19:46:00,1.068,0.214,240.81,4.45,2.94,0,2.52,12.34
02/01/2026,19:47:00,0.565,0.042,236.92,2.49,0,0.86,11.55,0
02/01/2026,19:48:00,1.382,0.212,236.47,5.44,0,0,9.4,13.63
02/01/2026,19:49:00,1.32,0.183,237.98,5.56,0,0,2.42,19.58
02/01/2026,19:50:00,1.737,0.195,238.04,7.22,0,0,12.01,16.94
02/01/2026,19:51:00,2.971,0.644,246.36,11.72,0,0,14.69,34.82
02/01/2026,19:52:00,2.855,0.408,244.66,11.78,0,0,4.82,42.76
02/01/2026,19:53:00,0.357,0.022,234.99,1.58,0,0,1.04,4.9
02/01/2026,19:54:00,2.309,0.242,234.21,9.89,0,0.45,8.83,29.2
02/01/2026,19:55:00,2.367,0.227,239.74,9.99,0,0,2.31,37.14
02/01/2026,19:56:00,0.876,0.199,245.73,3.63,0,0,4.5,10.11
02/01/2026,19:57:00,0.629,0.113,242,2.45,0,0,0.28,10.2
02/01/2026,19:58:00,0.593,0.096,239.9,2.62,0,0,4.16,5.73
02/01/2026,19:59:00,1.5,0.227,238.63,6.47,0,0,2.87,22.14
02/01/2026,20:00:00,2.49,0.448,243.23,10.02,1.79,0,6.95,32.75
02/01/2026,20:01:00,1.224,0.246,240.53,5.27,0,0,0.25,20.16
02/01/2026,20:02:00,0.049,0.008,245.2,0.2,0,0,5.88,0
02/01/2026,20:03:00,0.82,0.195,234.94,3.61,0,0,8.87,4.79
02/01/2026,20:04:00,0.791,0.194,241.27,3.31,0,0,0.08,13.1
02/01/2026,20:05:00,2.118,0.527,238.31,8.85,0,0,8.32,26.98
02/01/2026,20:06:00,2.207,0.406,241.24,9.26,0,0,0.84,35.95
02/01/2026,20:07:00,1.602,0.379,240.75,6.59,1.31,0,7.19,18.2
02/01/2026,20:08:00,2.859,0.374,241.53,12.05,0.71,0,3.64,43.29
02/01/2026,20:09:00,3.025,0.671,242.93,12.7,0,0,4.82,45.6
02/01/2026,20:10:00,0.869,0.202,244.17,3.45,0,0,2.47,12.02
02/01/2026,20:11:00,0.579,0.134,245.86,2.32,0,4.85,1.69,3.11
02/01/2026,20:12:00,1.304,0.282,240.05,5.36,0,0,0.44,21.29
02/01/2026,20:13:00,1.599,0.21,238.37,6.78,5.04,0,12,9.61
02/01/2026,20:14:00,0.826,0.068,236.32,3.76,0,0,5.66,8.12
02/01/2026,20:15:00,10.373,1.212,241.3,42.66,0,0,24.38,148.51
02/01/2026,20:16:00,4.006,0.815,242.5,16.24,0,0,11.4,55.37
02/01/2026,20:17:00,0.751,0.072,235.95,3.16,0,0,12.22,0.28
02/01/2026,20:18:00,0.454,0.066,243.43,1.9,2.22,6,5.47,0
02/01/2026,20:19:00,0.69,0.112,239.7,2.69,0,0,0.51,10.99
02/01/2026,20:20:00,3.066,0.524,236.23,13.02,0,0,14.68,36.43
02/01/2026,20:21:00,3.124,0.741,237.46,13.01,0,0,0.75,51.31
02/01/2026,20:22:00,4.043,0.737,237.17,16.96,0,0,4.37,63.01
02/01/2026,20:23:00,0.56,0.116,237.22,2.62,0,0,11.66,0
02/01/2026,20:24:00,2.111,0.351,241.71,8.66,0,3.92,3.84,27.43
02/01/2026,20:25:00,0.619,0.134,242.59,2.48,0,0,1.09,9.23
02/01/2026,20:26:00,4.694,0.482,245.1,19.18,0,0,2.8,75.43
02/01/2026,20:27:00,0.582,0.054,237.91,2.66,0,0,26.73,0
02/01/2026,20:28:00,0.34,0.08,241.03,1.4,0,0,49.99,0
02/01/2026,20:29:00,0.424,0.08,238.06,1.67,0,0,7.44,0
02/01/2026,20:30:00,1.387,0.256,240.06,5.89,0,0,13.14,9.99
02/01/2026,20:31:00,2.462,0.353,235.56,10.61,4.05,0.6,0.27,36.11
02/01/2026,20:32:00,2.337,0.293,236.63,10.11,0,0,1.94,37.02
02/01/2026,20:33:00,0.446,0.072,242.41,1.83,0,0.3,2.76,4.37
02/01/2026,20:34:00,0.97,0.072,235.55,4.21,4.76,0,0.07,11.33
02/01/2026,20:35:00,0.85,0.12,241.84,3.67,0,0,2.84,11.33
02/01/2026,20:36:00,0.374,0.053,237.97,1.61,11.36,2.51,0.59,0
02/01/2026,20:37:00,0.83,0.131,234.22,3.81,3.67,0,4.37,5.8
02/01/2026,20:38:00,3.916,0.693,232.38,16.98,0,0,0.03,65.24
02/01/2026,20:39:00,0.314,0.076,244.39,1.66,2.18,0,1.89,1.16
02/01/2026,20:40:00,1.692,0.305,234.28,7.41,0,1.93,12.07,14.2
02/01/2026,20:41:00,3.983,0.903,239.81,16.22,0,0,1.44,64.94
02/01/2026,20:42:00,3.833,0.618,241.06,15.82,4.39,0,0.4,59.09
02/01/2026,20:43:00,4.853,0.851,236.06,20.24,0,0,1.72,79.16
02/01/2026,20:44:00,1.834,0.117,238.34,7.57,0,0,10.55,20.02
02/01/2026,20:45:00,2.064,0.158,241.44,8.47,7.41,0,5.31,21.68
02/01/2026,20:46:00,0.846,0.14,240.88,3.68,4.35,0.55,5.29,3.91
02/01/2026,20:47:00,0.305,0.039,238.62,1.19,0,0,0,5.08
02/01/2026,20:48:00,1.222,0.256,240.71,5.36,5.05,0,3.83,11.49
02/01/2026,20:49:00,3.357,0.532,239.69,13.87,0,0,1.85,54.09
02/01/2026,20:50:00,0.885,0.2,237.09,3.67,0,0,2.46,12.29
02/01/2026,20:51:00,2.229,0.545,243.6,8.9,0,0,5.48,31.67
02/01/2026,20:52:00,1.404,0.112,240.62,6.12,0,0,12.45,10.96
02/01/2026,20:53:00,3.676,0.474,234.47,15.99,0,0,1.2,60.06
02/01/2026,20:54:00,3.099,0.567,241.57,12.8,0,0,8.77,42.88
02/01/2026,20:55:00,0.256,0.028,238.15,0.78,0,1.09,0.3,2.89
02/01/2026,20:56:00,1.51,0.156,239.13,6.27,0,0,2.37,22.8
02/01/2026,20:57:00,0.652,0.139,240.02,2.76,0.09,0,1.48,9.3
02/01/2026,20:58:00,0.643,0.158,237.62,2.58,0,5.29,14.83,0
02/01/2026,20:59:00,0.285,0.058,245.41,1.63,0,0,1.18,3.57
02/01/2026,21:00:00,1.735,0.268,235.52,7.73,2.15,0,5.19,21.58
02/01/2026,21:01:00,3.733,0.517,240.17,15.19,0,0,1.08,61.14
02/01/2026,21:02:00,1.868,0.295,241.14,7.51,0.53,0,3.85,26.75
02/01/2026,21:03:00,0.261,0.037,240.12,1.18,0,0,3.2,1.15
02/01/2026,21:04:00,1.334,0.201,239.43,5.36,0,0,0.25,21.98
02/01/2026,21:05:00,2.159,0.196,238.87,9.07,0,0,10.49,25.49
02/01/2026,21:06:00,1.246,0.288,237.59,5.25,0,0,9.09,11.68
02/01/2026,21:07:00,1.84,0.37,237.54,7.74,0,0,1.95,28.71
02/01/2026,21:08:00,0.711,0.132,243.48,3.12,0,0,5.71,6.13
02/01/2026,21:09:00,1.116,0.268,238.67,5.04,5.74,0,2.7,10.16
02/01/2026,21:10:00,1.052,0.112,246.4,4.35,0,1.55,8.8,7.19
02/01/2026,21:11:00,4.253,0.282,242.01,17.33,0,0,7.08,63.81
02/01/2026,21:12:00,0.457,0.098,232,2,2.81,0,0.57,4.24
02/01/2026,21:13:00,0.063,0.016,242.65,0.2,0,0,11.15,0
02/01/2026,21:14:00,4.055,0.672,239.84,17.3,4.27,5.74,1.19,56.38
02/01/2026,21:15:00,1.556,0.096,235.83,6.73,0,0,1.15,24.78
02/01/2026,21:16:00,0.351,0.072,243.91,1.52,0,0,7.94,0
02/01/2026,21:17:00,2.893,0.187,238.69,12.25,0,0,1.21,47.01
02/01/2026,21:18:00,2.267,0.358,238.44,9.5,0,5.74,0.78,31.26
02/01/2026,21:19:00,4.771,0.503,241.13,20.04,0,0,2.45,77.06
02/01/2026,21:20:00,1.665,0.388,243.43,6.72,1.95,0,10.95,14.85
02/01/2026,21:21:00,7.353,1.031,240.34,30.78,0,0,1.17,121.38
02/01/2026,21:22:00,1.256,0.289,240.13,5.55,0,0,2.48,18.46
02/01/2026,21:23:00,2.271,0.249,237.91,9.38,0,1.74,2.02,34.08
02/01/2026,21:24:00,2.539,0.324,243.38,10.5,0,2.99,2.64,36.69
02/01/2026,21:25:00,0.919,0.22,240.37,3.91,0,0,7.52,7.81
02/01/2026,21:26:00,0.891,0.08,239.32,3.51,0,5.65,3.12,6.08
02/01/2026,21:27:00,2.581,0.428,238.95,10.53,0,0,8.55,34.46
02/01/2026,21:28:00,0.313,0.04,243.08,1.1,0,0,6.14,0
02/01/2026,21:29:00,0.648,0.133,239.21,2.7,2.24,0,2.69,5.87
02/01/2026,21:30:00,1.224,0.093,243.09,5.12,0,0,3.4,17.01
02/01/2026,21:31:00,4.662,0.641,238.59,19.46,0,1.5,7.3,68.89
02/01/2026,21:32:00,2.582,0.49,242.17,11.05,4.41,2.86,4.59,31.18
02/01/2026,21:33:00,1.502,0.197,240.62,6.45,0.89,0.84,12.17,11.13
02/01/2026,21:34:00,0.836,0.052,237.15,3.62,0,0,16.23,0
02/01/2026,21:35:00,6.066,1.159,239.74,25.21,10.6,0,7.59,82.91
02/01/2026,21:36:00,1.326,0.2,233.43,5.7,0,0,27.17,0
02/01/2026,21:37:00,0.647,0.034,237.77,2.94,0,0,5.45,5.34
02/01/2026,21:38:00,6.911,1.192,235.27,29.56,10.51,0,0.24,104.44
02/01/2026,21:39:00,0.332,0.078,245.99,1.53,6.15,0,4.22,0
02/01/2026,21:40:00,3.821,0.276,235.3,16.18,0,0,1.57,62.12
02/01/2026,21:41:00,1.419,0.239,247.76,5.62,0,0,2.44,21.21
02/01/2026,21:42:00,2.577,0.504,241.54,10.38,0,0,4.04,38.91
02/01/2026,21:43:00,2.22,0.142,238.44,9.42,0,0,2.1,34.91
02/01/2026,21:44:00,2.548,0.139,242.42,10.21,11.99,0,2.22,28.25
02/01/2026,21:45:00,7.361,1.052,238.07,30.92,0,0,3.09,119.61
02/01/2026,21:46:00,6.571,1.368,235.77,27.79,0,4.05,2.03,103.45
02/01/2026,21:47:00,0.685,0.056,240.24,2.9,0,0,1.11,10.31
02/01/2026,21:48:00,2.152,0.468,242.1,9.12,5.76,0,8.7,21.4
02/01/2026,21:49:00,0.153,0.028,243.84,0.9,0,0,3.02,0
02/01/2026,21:50:00,2.771,0.323,241.49,11.61,0,0,10.69,35.49
02/01/2026,21:51:00,3.298,0.505,238.41,13.68,0.68,0,12.86,41.43
02/01/2026,21:52:00,0.065,0.016,244.16,0.26,0,3.02,8.34,0
02/01/2026,21:53:00,1.372,0.128,243.49,5.46,1.4,0,3.03,18.43
02/01/2026,21:54:00,2.574,0.386,240.81,10.56,0,0,7.67,35.23
02/01/2026,21:55:00,1.906,0.333,243.63,7.92,0,0,1.01,30.76
02/01/2026,21:56:00,0.341,0.026,246.55,1.19,0,0,6.49,0
02/01/2026,21:57:00,0.391,0.023,238.37,1.55,0,0,3.13,3.4
02/01/2026,21:58:00,1.228,0.065,237.3,4.96,0,0,6.4,14.07
02/01/2026,21:59:00,0.919,0.106,238.28,3.99,0,0,8.43,6.89
02/01/2026,22:00:00,1.009,0.065,235.95,4.2,0,0,4.96,11.85
02/01/2026,22:01:00,0.282,0.059,241.77,0.72,0,8.14,6.17,0
02/01/2026,22:02:00,1.441,0.359,235.17,6.45,0,0,1.44,22.58
02/01/2026,22:03:00,4.688,0.292,243.8,19.43,0,0,5.39,72.75
02/01/2026,22:04:00,0.36,0.049,237.98,1.11,0,0,3.7,2.31
02/01/2026,22:05:00,1.134,0.063,244.08,4.79,0,0,3.35,15.55
02/01/2026,22:06:00,2.348,0.18,232.33,10.41,0,0,3.17,35.96
02/01/2026,22:07:00,1.454,0.167,238.84,6.05,0,0,2.23,22
02/01/2026,22:08:00,3.22,0.415,236.12,13.67,0,0,2.19,51.49
02/01/2026,22:09:00,0.467,0.111,244.06,1.85,0,7.98,7.22,0
02/01/2026,22:10:00,1.584,0.205,245.04,6.57,0,0,4.9,21.5
02/01/2026,22:11:00,3.041,0.454,232.97,13.26,0,1.82,0.18,48.68
02/01/2026,22:12:00,7.092,0.703,242.6,28.99,1.64,10.87,0.3,105.39
02/01/2026,22:13:00,1.512,0.076,243.21,6.08,0,0,5.07,20.14
02/01/2026,22:14:00,0.664,0.153,240.98,2.78,0,0,11.24,0
02/01/2026,22:15:00,0.67,0.044,241.76,2.83,0,1.2,0.27,9.69
02/01/2026,22:16:00,0.26,0.063,241.55,1.16,6.84,0,4.25,0
02/01/2026,22:17:00,4.974,0.379,242.61,20.46,0,0,11.43,71.47
02/01/2026,22:18:00,2.898,0.495,236.72,12.06,0,0,0.03,48.27
02/01/2026,22:19:00,0.391,0.098,243.6,1.8,5.16,0,1.94,0
02/01/2026,22:20:00,0.623,0.048,240.63,2.34,0,0,15.15,0
02/01/2026,22:21:00,1.49,0.201,240.45,6.1,0,0,0.51,24.33
02/01/2026,22:22:00,3.202,0.66,241.7,13.25,0,0,5.6,47.76
02/01/2026,22:23:00,2.156,0.122,236.19,9.23,0,5.31,4.25,26.37
02/01/2026,22:24:00,1.985,0.373,235.34,8.38,0,0,0.99,32.1
02/01/2026,22:25:00,1.678,0.111,239.64,7.15,0,0,0.26,27.71
02/01/2026,22:26:00,0.419,0.041,244.63,1.96,9.48,0,4.19,0
02/01/2026,22:27:00,1.508,0.124,236.44,6.25,0,0,7.97,17.16
02/01/2026,22:28:00,1.349,0.312,240.53,5.69,12.58,0,1.17,8.73
02/01/2026,22:29:00,0.255,0.022,237.85,1.12,0.35,0,7.05,0
02/01/2026,22:30:00,4.882,0.284,237.45,20.49,0,17.4,4.74,59.22
02/01/2026,22:31:00,0.767,0.128,241.5,2.79,0,0,2.66,10.12
02/01/2026,22:32:00,0.907,0.108,242.28,3.82,0,0,6.55,8.57
02/01/2026,22:33:00,1.092,0.143,237.64,4.69,0,0,1.28,16.92
02/01/2026,22:34:00,1.312,0.097,244.16,5.59,0,0.5,3.66,17.7
02/01/2026,22:35:00,1.074,0.214,241.27,4.39,0,0,4.78,13.12
02/01/2026,22:36:00,1.382,0.235,239.27,5.64,3.11,6.05,3.68,10.19
02/01/2026,22:37:00,1.603,0.197,241.04,6.47,0,0,3.04,23.68
02/01/2026,22:38:00,1.531,0.129,246.11,5.62,0,0,8.1,17.41
02/01/2026,22:39:00,1.973,0.333,242.26,8.06,5.4,0.08,6.4,21
02/01/2026,22:40:00,2.074,0.427,237.9,9.27,0,0,6.12,28.45
02/01/2026,22:41:00,2.118,0.238,239.94,9.08,0,0,13.34,21.96
02/01/2026,22:42:00,2.573,0.142,240.39,10.51,0,0,30.22,12.67
02/01/2026,22:43:00,0.681,0.063,242,2.71,0,5.37,5.02,0.95
02/01/2026,22:44:00,0.708,0.132,240.72,2.84,0,0,2.57,9.23
02/01/2026,22:45:00,3.213,0.796,245.69,13.36,9.95,0,9.05,34.55
02/01/2026,22:46:00,0.935,0.049,239.32,4.35,0,13.71,0.92,0.97
02/01/2026,22:47:00,1.245,0.138,234.81,5.32,0,0,4.32,16.43
02/01/2026,22:48:00,1.143,0.071,240.64,4.8,0,0,4.46,14.6
02/01/2026,22:49:00,6.907,0.782,238.68,29.04,0,0,24.61,90.49
02/01/2026,22:50:00,0.56,0.074,235.49,2.38,0,0,28.27,0
02/01/2026,22:51:00,0.549,0.128,237.89,2.36,0,3.64,9.63,0
02/01/2026,22:52:00,1.386,0.092,238.92,5.81,0,0,3.84,19.26
02/01/2026,22:53:00,1.175,0.241,243.42,4.92,0,0,4.75,14.82
02/01/2026,22:54:00,0.387,0.05,235.55,1.24,0,0,2.31,4.13
02/01/2026,22:55:00,1.284,0.273,241.05,5.23,2.2,0,10.63,8.58
02/01/2026,22:56:00,1.421,0.217,246.66,5.52,0,0,8.24,15.45
02/01/2026,22:57:00,0.843,0.049,239.48,3.66,0,0,8.86,5.2
02/01/2026,22:58:00,1.214,0.29,239.39,4.91,0,0,0.9,19.33
02/01/2026,22:59:00,0.623,0.041,242.16,2.26,0,0,3.05,7.34
02/01/2026,23:00:00,0.388,0.066,241.57,1.25,5.5,0.85,4.62,0
02/01/2026,23:01:00,0.928,0.209,244.25,3.89,0,0,0.8,14.67
02/01/2026,23:02:00,0.466,0.031,239.5,1.76,0.45,0,2.76,4.56
02/01/2026,23:03:00,0.3,0.048,242.11,1.21,2.37,0,0.55,2.08
02/01/2026,23:04:00,0.11,0.024,242.15,0.77,0,0,19.14,0
02/01/2026,23:05:00,1.703,0.421,238.99,7.2,0.98,0,8.35,19.06
02/01/2026,23:06:00,0.898,0.175,239.66,3.64,4.98,0,5.82,4.16
02/01/2026,23:07:00,3.228,0.341,239.97,13.22,0,0,1.38,52.42
02/01/2026,23:08:00,0.974,0.185,236.29,4.21,0,0,2.44,13.8
02/01/2026,23:09:00,1.696,0.324,238.83,7.07,0,0,0.94,27.33
02/01/2026,23:10:00,0.727,0.138,244.49,3.09,0,0,4.61,7.51
02/01/2026,23:11:00,1.347,0.298,243.11,5.06,0,0,10.31,12.15
02/01/2026,23:12:00,0.111,0.008,238.26,0.7,0,0,0.12,1.74
02/01/2026,23:13:00,0.915,0.066,239.95,3.47,0,0,0.65,14.59
02/01/2026,23:14:00,0.565,0.101,242.91,2.23,0,0,1.56,7.85
02/01/2026,23:15:00,2.975,0.716,241.33,12.61,4.36,0,7.51,37.72
02/01/2026,23:16:00,1.603,0.229,242.4,6.17,0,0,13.46,13.25
02/01/2026,23:17:00,2.655,0.643,241.6,10.97,0,0,8.39,35.87
02/01/2026,23:18:00,3.506,0.833,240.65,14.51,0,0,4.47,53.96
02/01/2026,23:19:00,0.841,0.194,239.5,3.51,0,0,0.67,13.35
02/01/2026,23:20:00,1.544,0.358,236.41,6.6,2.34,0,8.44,14.94
02/01/2026,23:21:00,0.416,0.095,242.08,1.72,0,0,0.67,6.26
02/01/2026,23:22:00,1.921,0.411,239.33,7.76,6.13,3.2,2.56,20.12
02/01/2026,23:23:00,2.161,0.408,235.06,9.21,0,0,2.21,33.8
02/01/2026,23:24:00,1.812,0.099,238.36,7.6,5,0,2.67,22.53
02/01/2026,23:25:00,0.84,0.064,242.56,3.45,1.89,0,2.4,9.72
02/01/2026,23:26:00,5.221,0.401,234.25,22.71,7.64,0,8.8,70.58
02/01/2026,23:27:00,1.418,0.078,236.91,6.25,0,0,1.13,22.49
02/01/2026,23:28:00,0.419,0.031,240.41,2.11,0,0,11.22,0
02/01/2026,23:29:00,2.331,0.545,244.22,9.61,0,0,11.72,27.13
02/01/2026,23:30:00,3.045,0.556,243,12.89,0,0,4.05,46.7
02/01/2026,23:31:00,0.429,0.048,244.5,1.58,0,0,0.67,6.47
02/01/2026,23:32:00,1.093,0.228,240.62,4.47,0,0,5.14,13.07
02/01/2026,23:33:00,0.257,0.038,239.37,0.96,7.35,0,10.32,0
02/01/2026,23:34:00,3.609,0.283,242.53,14.78,0,0,2.05,58.1
02/01/2026,23:35:00,1.272,0.289,237.3,5.37,1.74,0,10.91,8.55
02/01/2026,23:36:00,0.567,0.067,237.07,2.43,0,0,6.78,2.68
02/01/2026,23:37:00,3.076,0.584,236.53,13.09,0,0,26.17,25.09
02/01/2026,23:38:00,1.383,0.15,243.27,6.03,0,0,10.45,12.6
02/01/2026,23:39:00,2.753,0.413,237.5,11.29,0,0,1.35,44.54
02/01/2026,23:40:00,2.024,0.432,243,8.09,0,0,3.58,30.16
02/01/2026,23:41:00,0.484,0.039,240.45,1.53,0.58,0,0.66,6.84
02/01/2026,23:42:00,0.812,0.199,243.31,3.17,0,2.83,0.43,10.26
02/01/2026,23:43:00,0.585,0.037,236.68,2.38,5.86,0,7.35,0
02/01/2026,23:44:00,0.385,0.06,238.12,1.48,1.87,0,14.65,0
02/01/2026,23:45:00,0.173,0.04,241.36,0.49,0,0,21.8,0
02/01/2026,23:46:00,5.998,1.434,238.71,25.15,4,0,1.89,94.08
02/01/2026,23:47:00,1.784,0.172,232.52,7.59,4.1,0,1.35,24.28
02/01/2026,23:48:00,2.014,0.159,235.88,8.36,2.29,0,4.93,26.34
02/01/2026,23:49:00,3.346,0.652,236.66,14.17,0.62,8.64,1.35,45.17
02/01/2026,23:50:00,0.803,0.047,236.88,3.28,1.22,0,2.11,10.06
02/01/2026,23:51:00,0.284,0.042,242.05,1.41,0,0,10.89,0
02/01/2026,23:52:00,2.564,0.537,241.01,10.61,0,0,9.98,32.75
02/01/2026,23:53:00,0.35,0.057,240.49,1.38,0.01,6.77,13.53,0
02/01/2026,23:54:00,2.515,0.22,246.03,10.28,29.07,2.59,3.95,6.31
02/01/2026,23:55:00,0.228,0.034,243.53,0.54,0,0.31,4.98,0
02/01/2026,23:56:00,0.318,0.075,242.41,1.56,0,0,8.83,0
02/01/2026,23:57:00,0.723,0.125,235.51,3.23,0,0,1.64,10.4
02/01/2026,23:58:00,2.44,0.474,240.18,10,0,0,10.39,30.27
02/01/2026,23:59:00,4.721,0.554,240.9,19.37,0,0,0.11,78.58
03/01/2026,0:00:00,2.011,0.176,238.75,8.22,0,0.55,9.59,23.38
03/01/2026,0:01:00,0.753,0.076,245.12,2.79,9.84,0,8.97,0
03/01/2026,0:02:00,2.943,0.461,240.15,11.91,0,0,2.16,46.89
03/01/2026,0:03:00,0.218,0.023,236.31,0.64,0,0,7.81,0
03/01/2026,0:04:00,0.515,0.082,237.01,1.64,3.29,0,1.44,3.85
03/01/2026,0:05:00,1.506,0.288,246.85,6.03,9.22,0,5.15,10.72
03/01/2026,0:06:00,2.632,0.518,238.74,11,0,0,7.24,36.63
03/01/2026,0:07:00,1.147,0.095,233.76,5.16,0,0,7.53,11.58
03/01/2026,0:08:00,1.033,0.207,238.2,4.53,0,0,24.42,0
03/01/2026,0:09:00,1.092,0.202,234.52,4.51,3.24,0,1.21,13.76
03/01/2026,0:10:00,3.323,0.174,242.75,13.64,0,13.13,3.93,38.32
03/01/2026,0:11:00,0.629,0.039,234.14,2.91,0,0,12.73,0
03/01/2026,0:12:00,0.476,0.085,235.79,1.93,7.23,0,4.95,0
03/01/2026,0:13:00,1.076,0.136,240.01,4.52,1.62,0,12.54,3.76
03/01/2026,0:14:00,3.685,0.292,243.33,15.02,0,0,3.42,58
03/01/2026,0:15:00,0.71,0.042,239.79,2.97,0,3.02,9.52,0
03/01/2026,0:16:00,1.089,0.089,236.23,4.63,0,4.03,12.24,1.88
03/01/2026,0:17:00,0.213,0.051,240.55,0.82,0,0,11.24,0
03/01/2026,0:18:00,1.133,0.222,238.6,4.96,0,0,12.3,6.58
03/01/2026,0:19:00,1.71,0.266,243.4,6.85,0,0,1.49,27.01
03/01/2026,0:20:00,0.35,0.083,242.56,1.47,0,0,3.47,2.37
03/01/2026,0:21:00,3.328,0.578,238.39,14.32,0,1.63,1.15,52.68
03/01/2026,0:22:00,1.691,0.33,242.34,7.04,5.61,0,1.19,21.38
03/01/2026,0:23:00,0.83,0.088,240.81,3.29,0,0,4.01,9.83
03/01/2026,0:24:00,1.702,0.286,244.1,7.04,0,0,19.33,9.04
03/01/2026,0:25:00,2.111,0.166,242.21,9.2,5.88,0,5.38,23.93
03/01/2026,0:26:00,0.137,0.018,241.64,0.58,0,0,11.54,0
03/01/2026,0:27:00,1.759,0.1,243.98,7.37,1.38,4.09,16.61,7.25
03/01/2026,0:28:00,3.586,0.335,240.05,14.94,0,0,0.54,59.23
03/01/2026,0:29:00,0.619,0.04,237.68,2.66,0,4.17,1.06,5.08
03/01/2026,0:30:00,0.849,0.108,240.6,3.51,0,0,2.06,12.08
03/01/2026,0:31:00,0.996,0.218,238.93,3.97,0,0,5.75,10.85
03/01/2026,0:32:00,2.656,0.334,241.81,11.06,0,0,0.38,43.88
03/01/2026,0:33:00,0.43,0.093,240.19,1.55,0,0,9.27,0
03/01/2026,0:34:00,2.031,0.368,241.21,8.36,0,0,0.4,33.45
03/01/2026,0:35:00,1.015,0.154,236.39,4.68,0,0,1.03,15.88
03/01/2026,0:36:00,4.886,0.476,241.52,20.22,0,0,2.88,78.55
03/01/2026,0:37:00,1.073,0.252,236.14,4.36,0,0,4.89,12.99
03/01/2026,0:38:00,0.046,0.003,242.89,0.24,0,0,12.8,0
03/01/2026,0:39:00,2.356,0.442,242.89,9.59,1.73,0,19.9,17.63
03/01/2026,0:40:00,1.945,0.339,241.04,8.09,0,0,12.96,19.46
03/01/2026,0:41:00,1.629,0.225,240.93,6.52,2.49,0,0.68,23.98
03/01/2026,0:42:00,3.511,0.344,239.33,14.83,0,0,5.99,52.54
03/01/2026,0:43:00,0.171,0.023,238.19,0.74,0,0,3.5,0
03/01/2026,0:44:00,0.524,0.118,239.96,1.98,0,1.38,0.81,6.55
03/01/2026,0:45:00,1.341,0.291,245.95,5.52,0.06,4.47,4.86,12.96
03/01/2026,0:46:00,1.553,0.37,240.69,6.84,1.62,0,2.65,21.62
03/01/2026,0:47:00,1.168,0.13,235.96,4.79,8.71,0.18,2.55,8.02
03/01/2026,0:48:00,0.218,0.028,234.87,1.08,0,1.91,0.6,1.12
03/01/2026,0:49:00,0.857,0.046,235.69,3.72,2.63,0,23.14,0
03/01/2026,0:50:00,4.634,1.106,238.87,19.48,0,0,7.77,69.47
03/01/2026,0:51:00,0.406,0.047,243.8,1.84,0,0,1.97,4.79
03/01/2026,0:52:00,1.314,0.172,236.93,5.49,0,0,14.97,6.93
03/01/2026,0:53:00,2.037,0.472,244.27,8.37,0,0,17.75,16.21
03/01/2026,0:54:00,2.594,0.403,240.54,10.8,0.37,0,9.98,32.89
03/01/2026,0:55:00,2.347,0.383,241.45,9.55,0,0,6.46,32.65
03/01/2026,0:56:00,0.795,0.068,241.37,3.39,0,0,2.83,10.42
03/01/2026,0:57:00,0.522,0.078,241.77,2.08,0,0,3.42,5.27
03/01/2026,0:58:00,4.915,1.148,238.77,20.95,4.49,0,3.64,73.79
03/01/2026,0:59:00,2.8,0.453,233,11.92,0,0,17.83,28.84
03/01/2026,1:00:00,1.43,0.144,238.23,5.74,0,0.08,8.57,15.19
03/01/2026,1:01:00,3.983,0.224,237.34,17,0,0,2.07,64.31
03/01/2026,1:02:00,0.287,0.034,240.93,1.04,0.74,0,5.88,0
03/01/2026,1:03:00,0.049,0.008,240.66,0.2,3.13,0,5.41,0
03/01/2026,1:04:00,1.538,0.09,239.18,6.51,0,2.91,10.03,12.69
03/01/2026,1:05:00,1.603,0.276,245.27,6.8,0,0,0.6,26.11
03/01/2026,1:06:00,0.252,0.039,238.08,1.21,22.96,0,7.25,0
03/01/2026,1:07:00,2.72,0.562,233.32,11.54,2.64,1.78,2.41,38.5
03/01/2026,1:08:00,0.101,0.006,240.36,0.44,0,0,0.83,0.85
03/01/2026,1:09:00,1.844,0.38,243.57,7.51,0,0,7.9,22.83
03/01/2026,1:10:00,2.213,0.341,240.86,9.52,7.89,0,2.42,26.58
03/01/2026,1:11:00,1.521,0.189,238.93,6.28,0,0,7.86,17.5
03/01/2026,1:12:00,0.205,0.05,240.72,0.87,0,0,1.06,2.36
03/01/2026,1:13:00,3.483,0.286,245.52,14.22,0,2.01,25.58,30.46
03/01/2026,1:14:00,0.822,0.13,237.37,3.23,0,0,9.76,3.95
03/01/2026,1:15:00,0.825,0.094,240.09,3.4,0,0,2.05,11.7
03/01/2026,1:16:00,0.667,0.104,242.01,2.72,8.22,0,8.09,0
03/01/2026,1:17:00,2.413,0.387,240.76,10.3,0,0,0.88,39.34
03/01/2026,1:18:00,0.783,0.053,239.26,3.31,12.66,0,6.36,0
03/01/2026,1:19:00,0.36,0.066,238.72,1.43,3.47,0,0.37,2.17
03/01/2026,1:20:00,2.976,0.526,239.14,12.41,0,0,2.43,47.16
03/01/2026,1:21:00,1.285,0.262,241.6,5.31,0.01,0,23.03,0
03/01/2026,1:22:00,3.058,0.208,241.42,12.66,0,3.04,0.77,47.15
03/01/2026,1:23:00,1.374,0.15,246.28,5.76,0,3.8,5.46,13.64
03/01/2026,1:24:00,0.619,0.112,235.39,2.83,0,0,0.44,9.88
03/01/2026,1:25:00,0.13,0.01,245.27,0.33,0,0,6.64,0
03/01/2026,1:26:00,1.543,0.286,239.39,6.66,0,0,1.96,23.76
03/01/2026,1:27:00,0.999,0.062,239.73,4.32,0,0,2.23,14.42
03/01/2026,1:28:00,2.494,0.292,242.58,10.27,0,0,2.47,39.1
03/01/2026,1:29:00,0.746,0.164,242.56,2.78,0,0,1.38,11.06
03/01/2026,1:30:00,1.891,0.387,243.47,7.81,3.06,0,17.05,11.41
03/01/2026,1:31:00,1.324,0.237,244.12,5.35,4.45,0,14.18,3.43
03/01/2026,1:32:00,0.562,0.126,239.88,2.45,0,0,12.24,0
03/01/2026,1:33:00,0.809,0.155,244.16,3.44,0,0,0.68,12.81
03/01/2026,1:34:00,0.278,0.043,238.11,1.43,0,0,1.6,3.04
03/01/2026,1:35:00,5.17,1.271,239.08,21.41,0,0,5.68,80.48
03/01/2026,1:36:00,1.857,0.351,239.45,8.18,5.91,0.96,21.11,2.97
03/01/2026,1:37:00,0.254,0.043,238.42,1.24,3.76,0,5.57,0
03/01/2026,1:38:00,4.975,0.656,240.18,20.86,0,0.19,2.38,80.36
03/01/2026,1:39:00,0.399,0.092,242.69,2.03,0,0,10.2,0
03/01/2026,1:40:00,0.733,0.08,241.95,3.09,0,0,0.87,11.34
03/01/2026,1:41:00,1.07,0.055,238.16,4.7,0,0,12.81,5.03
03/01/2026,1:42:00,1.353,0.121,237.91,5.72,0.39,2.64,22.06,0
03/01/2026,1:43:00,2.441,0.176,237.43,10.45,0,0,20.59,20.09
03/01/2026,1:44:00,1.373,0.156,240.27,5.95,5.94,2.19,0.96,13.79
03/01/2026,1:45:00,1.018,0.219,235.26,4.54,0,0,4.79,12.18
03/01/2026,1:46:00,1.568,0.283,237.33,6.3,0,0,5.28,20.86
03/01/2026,1:47:00,0.97,0.081,238.62,3.98,0,0,1.3,14.86
03/01/2026,1:48:00,0.847,0.176,243.17,3.72,0,0,4.75,9.36
03/01/2026,1:49:00,1.191,0.18,239.6,5.07,2.12,2.15,6.24,9.35
03/01/2026,1:50:00,4.773,0.728,243.02,19.63,2.1,0,2.39,75.06
03/01/2026,1:51:00,0.863,0.106,240.56,3.69,14.44,0,2.28,0
03/01/2026,1:52:00,3.362,0.75,238.58,13.87,0,0,0.37,55.66
03/01/2026,1:53:00,1.51,0.172,238.7,6.48,3.98,0,18.86,2.34
03/01/2026,1:54:00,1.448,0.1,236.5,6.2,0,0,9.77,14.37
03/01/2026,1:55:00,1.581,0.175,247.21,6.41,0,0,8.55,17.8
03/01/2026,1:56:00,2.032,0.392,243.33,8.31,0,0,0.13,33.73
03/01/2026,1:57:00,0.932,0.169,241.81,3.9,0,0,5.87,9.66
03/01/2026,1:58:00,3.186,0.279,236.09,13.44,5.1,0,1.2,46.8
03/01/2026,1:59:00,2.036,0.147,238.65,8.47,0,1.12,6.5,26.31
03/01/2026,2:00:00,0.312,0.057,237.07,1.67,0,3.05,5.82,0
03/01/2026,2:01:00,4.665,0.864,240.38,19.09,0,1.31,11.46,64.98
03/01/2026,2:02:00,1.626,0.2,237.22,6.54,0,0,1.77,25.32
03/01/2026,2:03:00,0.264,0.058,237.99,1.27,0,0,0.17,4.23
03/01/2026,2:04:00,0.862,0.212,237.3,3.39,0,0,14.73,0
03/01/2026,2:05:00,2.799,0.255,239.28,11.3,8.46,2.01,14.36,21.82
03/01/2026,2:06:00,1.126,0.186,240.21,4.89,0,0,3.65,15.11
03/01/2026,2:07:00,1.224,0.063,239.36,5.37,3.78,0,0.49,16.13
03/01/2026,2:08:00,2.4,0.462,244.6,9.55,0,0,4.13,35.86
03/01/2026,2:09:00,1.763,0.234,242.43,6.91,0,0,4.45,24.93
03/01/2026,2:10:00,2.161,0.192,237.65,8.85,0,0,10.35,25.67
03/01/2026,2:11:00,2.379,0.477,240.98,9.73,2.61,0,7.58,29.47
03/01/2026,2:12:00,0.639,0.135,237.9,3.07,0,0,0.44,10.2
03/01/2026,2:13:00,0.706,0.051,238.81,2.87,0,1.04,7.33,3.39
03/01/2026,2:14:00,0.558,0.032,241.44,2.48,6.95,0,0.88,1.47
03/01/2026,2:15:00,0.747,0.087,242,3.23,0,0,0.56,11.9
03/01/2026,2:16:00,1.18,0.207,238.24,5.22,6.85,0,3.05,9.77
03/01/2026,2:17:00,1.262,0.263,236.69,5.21,0,0.53,0.48,20.02
03/01/2026,2:18:00,3.891,0.619,240.26,16.19,3.27,0.9,10.61,50.07
03/01/2026,2:19:00,1.691,0.281,241.3,6.96,0,5.29,3.73,19.16
03/01/2026,2:20:00,1.202,0.252,238.09,5.16,0,0,5.31,14.73
03/01/2026,2:21:00,0.429,0.067,242.45,2.01,0,0.47,5.16,1.52
03/01/2026,2:22:00,0.99,0.17,241.92,4.53,0,0,22.93,0
03/01/2026,2:23:00,4.929,0.755,238.04,20.63,8.81,0,14.85,58.49
03/01/2026,2:24:00,4.872,1.101,243.39,20.04,5.56,0,11.35,64.29
03/01/2026,2:25:00,0.978,0.095,243.48,4.19,0,0,2.9,13.4
03/01/2026,2:26:00,0.159,0.016,246.2,0.77,0,0,0.94,1.71
03/01/2026,2:27:00,0.854,0.065,245.14,3.83,0,0,5.38,8.86
03/01/2026,2:28:00,3.923,0.839,237.29,16.51,0,0,3.48,61.9
03/01/2026,2:29:00,1.188,0.157,242.77,4.81,0,0,1.53,18.27
03/01/2026,2:30:00,2.402,0.287,242.64,10.17,0,0,0.62,39.41
03/01/2026,2:31:00,1.319,0.325,238.95,5.58,0,0,3.44,18.55
03/01/2026,2:32:00,0.236,0.055,241.36,1.08,0,0,6.31,0
03/01/2026,2:33:00,1.362,0.333,234.37,5.8,0,0,5.89,16.82
03/01/2026,2:34:00,2.664,0.209,234.28,11.56,0,0,8.92,35.48
03/01/2026,2:35:00,0.737,0.168,234.86,2.96,0,4.44,3.77,4.07
03/01/2026,2:36:00,2.609,0.302,241.17,10.72,0,3.88,2.33,37.27
03/01/2026,2:37:00,1.441,0.076,241.31,5.44,1.43,0,4.64,17.95
03/01/2026,2:38:00,2.498,0.32,239.18,10.32,0,0,22.13,19.51
03/01/2026,2:39:00,1.785,0.271,245.16,7.47,0,0,0.28,29.47
03/01/2026,2:40:00,0.464,0.033,242.96,1.92,2.1,0,4.51,1.12
03/01/2026,2:41:00,1,0.157,235.21,4.07,0,0,2.4,14.27
03/01/2026,2:42:00,0.968,0.207,239.48,4.33,0,0,0.67,15.47
03/01/2026,2:43:00,0.7,0.088,237.18,2.98,0,0,3.42,8.25
03/01/2026,2:44:00,1.666,0.201,241.24,7.24,0,0,6.15,21.62
03/01/2026,2:45:00,5.59,0.658,239.91,23.47,0,0,4.51,88.66
03/01/2026,2:46:00,3.189,0.748,237.35,13.47,0,5.12,0.18,47.85
03/01/2026,2:47:00,3.524,0.211,245.08,14.75,2.8,2.1,5.19,48.64
03/01/2026,2:48:00,0.656,0.091,240.17,2.66,0,8.72,1.58,0.63
03/01/2026,2:49:00,3.569,0.367,238.75,14.73,0,9.99,2.51,46.98
03/01/2026,2:50:00,4.496,1.028,239.24,19.11,4.94,0,2.25,67.75
03/01/2026,2:51:00,0.633,0.044,244.86,2.7,0,0,11.73,0
03/01/2026,2:52:00,1.957,0.259,242.73,8.34,0,0,0.29,32.32
03/01/2026,2:53:00,2.001,0.263,239.51,8.53,0,12.37,2.57,18.41
03/01/2026,2:54:00,1.071,0.244,237.02,4.85,0,3.9,3.01,10.94
03/01/2026,2:55:00,1.552,0.145,237.49,6.43,1.73,0,5.79,18.36
03/01/2026,2:56:00,2.083,0.373,238.55,8.69,7.99,0,9.33,17.4
03/01/2026,2:57:00,1.141,0.088,241.52,4.68,0,0,7.8,11.21
03/01/2026,2:58:00,3.072,0.74,242.27,12.64,4.69,0,8.38,38.13
03/01/2026,2:59:00,0.314,0.053,237.82,1.01,0,1.78,1.28,2.18
03/01/2026,3:00:00,0.964,0.169,242.4,4.01,0,2.73,14.56,0
03/01/2026,3:01:00,2.441,0.334,237.27,10.44,0,0,3.21,37.47
03/01/2026,3:02:00,5.165,0.612,238.16,21.55,0,0,0.07,86.01
03/01/2026,3:03:00,3.224,0.298,235.65,13.5,0,0,6.62,47.11
03/01/2026,3:04:00,1.524,0.26,235.56,6.44,0,9.35,5.56,10.49
03/01/2026,3:05:00,1.193,0.287,237.24,5.19,0,6.42,0.81,12.65
03/01/2026,3:06:00,1.019,0.124,239.92,4.03,8.76,0,19.29,0
03/01/2026,3:07:00,1.024,0.232,237.02,4.79,1.28,0,4.95,10.85
03/01/2026,3:08:00,0.128,0.01,244.49,0.26,0,0,3.8,0
03/01/2026,3:09:00,5.01,1.188,237.2,21.01,0,0,3.05,80.45
03/01/2026,3:10:00,1.277,0.153,240.55,5.54,0,0.53,1.41,19.35
03/01/2026,3:11:00,0.59,0.074,243.96,2.61,1.75,0,18.32,0
03/01/2026,3:12:00,1.931,0.275,240.28,8.21,4.62,0,7.27,20.3
03/01/2026,3:13:00,0.643,0.124,238.91,2.55,0,0,5.03,5.68
03/01/2026,3:14:00,2.847,0.552,240.44,11.74,0,0,5.99,41.46
03/01/2026,3:15:00,0.611,0.089,238.31,2.39,0,0,11.01,0
03/01/2026,3:16:00,2.531,0.391,237,10.62,0,0,6.06,36.12
03/01/2026,3:17:00,1.004,0.056,241.84,4.23,0,0.97,0.73,15.04
03/01/2026,3:18:00,1.722,0.191,238.25,7.06,0,0,7.17,21.53
03/01/2026,3:19:00,2.687,0.32,242.81,10.72,0,0,4.99,39.79
03/01/2026,3:20:00,0.793,0.128,242.39,3.5,0,0,20.35,0
03/01/2026,3:21:00,2.635,0.426,240.5,10.92,0,0,7.94,35.98
03/01/2026,3:22:00,0.138,0.027,242.91,0.72,6.51,0,2.53,0
03/01/2026,3:23:00,4.24,0.82,238.37,17.73,0,0,0.87,69.79
03/01/2026,3:24:00,3.003,0.291,242.35,12.5,6.01,22.05,3.95,18.04
03/01/2026,3:25:00,1.237,0.252,242.34,5.57,0,18.43,6.82,0
03/01/2026,3:26:00,3.431,0.185,239.1,14.12,0,0,1.17,56.01
03/01/2026,3:27:00,3.16,0.611,238.71,13.08,0,1.24,6.29,45.14
03/01/2026,3:28:00,1.343,0.095,240.99,5.39,2.66,0,10.48,9.25
03/01/2026,3:29:00,1.33,0.261,245.9,5.83,0,8.82,1.03,12.33
03/01/2026,3:30:00,0.512,0.08,239.3,2.14,0,0,7.34,1.2
03/01/2026,3:31:00,1.41,0.194,238.65,6.08,0,0,0.42,23.07
03/01/2026,3:32:00,0.225,0.042,243.54,0.4,0,0,0.05,3.7
03/01/2026,3:33:00,2.506,0.144,240.2,10.51,0,0,0.2,41.56
03/01/2026,3:34:00,2.549,0.241,242.6,10.44,1.82,0,5.99,34.68
03/01/2026,3:35:00,0.142,0.025,244.42,0.86,5.1,0,21.75,0
03/01/2026,3:36:00,3.938,0.864,234.28,16.94,4.33,0,8.85,52.45
03/01/2026,3:37:00,0.723,0.091,239.89,2.93,10.15,0,1.76,0.13
03/01/2026,3:38:00,9.179,0.934,239.31,38.67,0,0,0.45,152.53
03/01/2026,3:39:00,1.646,0.253,237.11,7.28,0,0,5.75,21.68
03/01/2026,3:40:00,3.967,0.692,234.24,17.24,0,1.57,0.02,64.54
03/01/2026,3:41:00,0.494,0.066,235.23,2.25,0,0,9.44,0
03/01/2026,3:42:00,1.002,0.226,240.31,4.11,9.85,0.69,1.67,4.49
03/01/2026,3:43:00,0.789,0.122,238.4,3.35,0,0,2.13,11.01
03/01/2026,3:44:00,0.219,0.013,237.59,0.84,6.34,0,2.53,0
03/01/2026,3:45:00,0.316,0.03,240.28,1.36,3.47,0,8.65,0
03/01/2026,3:46:00,1.193,0.167,237.92,4.9,0,0,1.85,18.03
03/01/2026,3:47:00,1.875,0.355,243.87,7.66,0,0,2.01,29.25
03/01/2026,3:48:00,0.434,0.041,238.14,2.25,0,0,4.67,2.56
03/01/2026,3:49:00,0.943,0.231,244.52,3.92,0,0,3.73,11.99
03/01/2026,3:50:00,0.639,0.073,239.91,2.58,0,2.35,18.68,0
03/01/2026,3:51:00,1.268,0.198,238.04,5.11,0,4.52,1.83,14.78
03/01/2026,3:52:00,2.354,0.127,237.83,9.88,0,0,0.58,38.65
03/01/2026,3:53:00,1.477,0.335,244.54,6.19,9.11,0,4.67,10.83
03/01/2026,3:54:00,0.754,0.157,242.09,3.14,0,0.66,1.22,10.68
03/01/2026,3:55:00,3.079,0.274,237.72,12.94,0,5.23,3.2,42.89
03/01/2026,3:56:00,1.824,0.432,240.36,7.67,5.8,6.71,1.24,16.65
03/01/2026,3:57:00,1.516,0.172,232.92,6.59,0,0,12.77,12.49
03/01/2026,3:58:00,0.441,0.083,236.01,2.01,0,0,2.38,4.96
03/01/2026,3:59:00,2.83,0.605,237.75,12.05,3.33,0.37,8.95,34.52
03/01/2026,4:00:00,1.982,0.393,237.68,8.32,7.25,0,17.81,7.97
03/01/2026,4:01:00,2.069,0.483,243.64,8.46,11.13,0,16.94,6.42
03/01/2026,4:02:00,1.087,0.242,234.26,4.64,0,0,4.46,13.66
03/01/2026,4:03:00,0.91,0.226,235.72,3.97,0,0,24.54,0
03/01/2026,4:04:00,5.029,0.435,241.36,21.06,0,0,6.4,77.41
03/01/2026,4:05:00,0.896,0.099,240.69,3.66,1.99,5.57,0.83,6.55
03/01/2026,4:06:00,0.342,0.061,238.95,1.4,0,0,13.16,0
03/01/2026,4:07:00,1.584,0.311,246.16,6.27,0,0,3.79,22.6
03/01/2026,4:08:00,1.333,0.209,241.85,5.21,1.76,0,0.99,19.47
03/01/2026,4:09:00,3.188,0.207,243.67,12.84,3.55,7.66,9.4,32.53
03/01/2026,4:10:00,1.167,0.255,239.85,4.67,0,0,5.88,13.58
03/01/2026,4:11:00,2.293,0.555,238.37,9.49,0,0,12.83,25.39
03/01/2026,4:12:00,4.144,0.543,238.4,17.47,0,0,10.54,58.52
03/01/2026,4:13:00,1.886,0.179,242.78,7.55,0.45,0.94,2.31,27.73
03/01/2026,4:14:00,0.467,0.025,242.32,1.93,0,0,1.78,6.01
03/01/2026,4:15:00,1.931,0.188,239.34,8.24,0,5.3,7.94,18.94
03/01/2026,4:16:00,0.959,0.182,241.41,3.81,0,0,5.11,10.87
03/01/2026,4:17:00,1.679,0.39,242.89,6.81,0.13,0,0.43,27.42
03/01/2026,4:18:00,1.342,0.092,238.31,5.37,0,0,1.2,21.17
03/01/2026,4:19:00,0.333,0.053,238.97,1.2,7.85,0,0.98,0
03/01/2026,4:20:00,1.161,0.22,241.34,5.09,0,0,5.35,14.01
03/01/2026,4:21:00,0.437,0.046,234.63,1.96,0,0,0.54,6.75
03/01/2026,4:22:00,0.83,0.136,241.4,3.87,10.81,0,1.4,1.62
03/01/2026,4:23:00,2.823,0.545,236.62,11.78,0,0,4.73,42.31
03/01/2026,4:24:00,1.438,0.313,242.82,6.23,0,12.85,0.86,10.27
03/01/2026,4:25:00,2.182,0.307,246.44,8.71,0,11.99,1.71,22.66
03/01/2026,4:26:00,1.544,0.308,237.91,6.39,0,0,14.24,11.49
03/01/2026,4:27:00,1.026,0.113,235.95,4.89,3.2,1.65,7.17,5.08
03/01/2026,4:28:00,1.683,0.156,239.46,6.86,5.28,0,2.2,20.57
03/01/2026,4:29:00,0.174,0.015,239.2,1.04,0,0,12.59,0
03/01/2026,4:30:00,2.513,0.306,241.98,10.38,0,0,1.73,40.15
03/01/2026,4:31:00,0.572,0.033,240.7,2.16,0,0,5.34,4.2
03/01/2026,4:32:00,2.071,0.221,239.11,8.38,6.16,0,2.76,25.6
03/01/2026,4:33:00,0.987,0.178,240.27,4.13,0,4.86,8.37,3.23
03/01/2026,4:34:00,0.333,0.06,236.63,1.18,5.77,2.77,2.79,0
03/01/2026,4:35:00,0.687,0.044,242.49,2.77,0,0,1.72,9.73
03/01/2026,4:36:00,2.08,0.224,244.85,8.12,8.94,0,5.61,20.11
03/01/2026,4:37:00,6.261,1.026,236.41,26.55,2.99,0,8.21,93.15
03/01/2026,4:38:00,1.266,0.144,235.26,5.07,0,3.3,4.61,13.18
03/01/2026,4:39:00,5.728,0.765,238.79,23.97,0.12,0,7.56,87.79
03/01/2026,4:40:00,0.173,0.033,236.34,0.46,0,0,3.29,0
03/01/2026,4:41:00,1.062,0.055,236.17,4.74,0,0.04,9.52,8.14
03/01/2026,4:42:00,1.267,0.133,235.79,4.95,0,3.8,5.28,12.04
03/01/2026,4:43:00,2.171,0.17,239.42,9.01,0,0,1.31,34.87
03/01/2026,4:44:00,0.716,0.054,238.77,3.11,0,0,13.28,0
03/01/2026,4:45:00,1.819,0.44,241.12,7.61,0,0,10.88,19.43
03/01/2026,4:46:00,1.113,0.14,238.31,4.42,0,6.16,19.93,0
03/01/2026,4:47:00,3.547,0.551,236.35,14.66,0,0,5.05,54.07
03/01/2026,4:48:00,1.585,0.312,239.95,6.76,0,1.42,6.76,18.24
03/01/2026,4:49:00,8.639,0.514,236.82,36.45,0,0,11.95,132.03
03/01/2026,4:50:00,1.122,0.11,241.54,4.43,0,0,0.32,18.37
03/01/2026,4:51:00,3.372,0.73,235,14.51,0,0,14.6,41.6
03/01/2026,4:52:00,4.224,0.939,233.51,17.98,2.77,0,1.9,65.73
03/01/2026,4:53:00,2.487,0.31,235.17,10.44,0,0,0.35,41.1
03/01/2026,4:54:00,1.084,0.135,238.75,4.37,0,0,1.63,16.43
03/01/2026,4:55:00,0.395,0.08,239.14,1.5,0,1.04,5.3,0.25
03/01/2026,4:56:00,3.595,0.392,240.41,14.79,0,0,0.29,59.62
03/01/2026,4:57:00,0.76,0.056,238.31,3.26,0,0,0,12.66
03/01/2026,4:58:00,0.158,0.016,237.46,0.98,0,0,6.12,0
03/01/2026,4:59:00,1.619,0.206,244.3,6.35,0,0,3.62,23.35
03/01/2026,5:00:00,4.012,0.242,243.51,16.41,0,0.38,11.16,55.32
03/01/2026,5:01:00,0.402,0.059,242.96,1.62,0,0,1.79,4.91
03/01/2026,5:02:00,2.756,0.546,240.93,11.53,0,0,1.98,43.95
03/01/2026,5:03:00,0.098,0.015,241.17,0.6,0,0,0.48,1.15
03/01/2026,5:04:00,4.231,0.272,237.58,17.78,0,0,4.64,65.87
03/01/2026,5:05:00,1.918,0.265,240.43,7.85,0,0,2.73,29.23
03/01/2026,5:06:00,0.351,0.067,237.18,1.6,0,1.43,2.49,1.93
03/01/2026,5:07:00,2.558,0.158,236.84,10.47,0,0,3.67,38.96
03/01/2026,5:08:00,0.806,0.05,235.15,3,16.59,0,11.37,0
03/01/2026,5:09:00,0.513,0.064,241.22,2.65,0.94,0,0.67,6.95
03/01/2026,5:10:00,0.788,0.07,240.49,3.11,0,0,4.45,8.68
03/01/2026,5:11:00,2.353,0.558,239.09,9.76,0,0,1.31,37.91
03/01/2026,5:12:00,0.476,0.079,238.7,2.1,0,0,1.43,6.5
03/01/2026,5:13:00,0.043,0.005,234.51,0.25,0,0,1.78,0
03/01/2026,5:14:00,0.83,0.159,240.77,3.62,0,1.36,3.69,8.79
03/01/2026,5:15:00,3.709,0.464,239.05,15.7,0,14.92,4.09,42.8
03/01/2026,5:16:00,3.671,0.281,242.69,14.84,0,0,12.31,48.87
03/01/2026,5:17:00,0.786,0.077,240.44,3.52,0,0,13.36,0
03/01/2026,5:18:00,0.758,0.135,242.12,3.23,0,1.3,5.3,6.03
03/01/2026,5:19:00,0.709,0.043,239.98,3.03,0,0,1.98,9.84
03/01/2026,5:20:00,0.676,0.071,240.55,2.9,0.34,0.24,10.24,0.46
03/01/2026,5:21:00,0.727,0.067,242.79,2.55,0,0,9.45,2.67
03/01/2026,5:22:00,1.688,0.152,239.42,7.01,0,0,9.6,18.53
03/01/2026,5:23:00,3.778,0.705,241.42,15.46,0,0,0.1,62.87
03/01/2026,5:24:00,0.475,0.102,238.67,1.77,0,0,8.41,0
03/01/2026,5:25:00,0.585,0.113,239.61,2.35,0,0,11.49,0
03/01/2026,5:26:00,1.859,0.333,244.78,7.76,0,0,5.57,25.41
03/01/2026,5:27:00,2.465,0.575,241.92,10.25,0,0,8.35,32.73
03/01/2026,5:28:00,0.225,0.014,238.38,1.03,0.18,0,8.98,0
03/01/2026,5:29:00,4.879,0.407,241.27,20.13,0,0,4.24,77.07
03/01/2026,5:30:00,0.993,0.132,236.16,4.28,0,0,10.08,6.47
03/01/2026,5:31:00,0.257,0.032,239.34,1.03,4.14,0,9.43,0
03/01/2026,5:32:00,0.209,0.028,237.14,1.07,0,0,14.87,0
03/01/2026,5:33:00,0.191,0.017,241.36,0.93,13.25,0,15.26,0
03/01/2026,5:34:00,3.322,0.265,239.43,13.91,1.24,0,4.53,49.59
03/01/2026,5:35:00,1.449,0.22,240.85,5.86,0,0,0.19,23.96
03/01/2026,5:36:00,3.346,0.788,242.32,13.86,0,2.77,0.12,52.88
03/01/2026,5:37:00,1.212,0.156,238.62,5.13,0.1,0,16.77,3.33
03/01/2026,5:38:00,3.273,0.192,238.73,13.73,1.37,0,2.47,50.7
03/01/2026,5:39:00,1.184,0.226,239.89,4.84,0,0,2.84,16.89
03/01/2026,5:40:00,2.163,0.234,237.42,8.98,0,0,3.81,32.24
03/01/2026,5:41:00,1.291,0.128,239.97,5.44,0,0,1.85,19.66
03/01/2026,5:42:00,1.117,0.128,240.12,4.48,1.18,0,5.36,12.08
03/01/2026,5:43:00,0.532,0.104,240.69,2.16,0,0,9.21,0
03/01/2026,5:44:00,2.415,0.516,241.26,10.13,9.34,0,1.79,29.12
03/01/2026,5:45:00,0.404,0.068,235.19,1.81,5.04,0,8.15,0
03/01/2026,5:46:00,2.412,0.276,236.14,9.98,12.7,0,6.69,20.81
03/01/2026,5:47:00,1.509,0.169,236.5,6.44,0,0,4.47,20.68
03/01/2026,5:48:00,2.465,0.185,240.28,10.66,0,0,2.36,38.72
03/01/2026,5:49:00,1.627,0.385,239.15,6.94,0,0,12.37,14.75
03/01/2026,5:50:00,3.556,0.632,233.2,15.2,0,0,3.09,56.18
03/01/2026,5:51:00,1.99,0.11,245.84,8.36,0,0,2.82,30.36
03/01/2026,5:52:00,1.538,0.281,234.03,7.01,0,0,6.15,19.48
03/01/2026,5:53:00,3.669,0.512,240.09,15.45,0,0,15.18,45.97
03/01/2026,5:54:00,0.188,0.046,241.69,0.43,0,6.68,4.26,0
03/01/2026,5:55:00,0.291,0.062,237.84,1.35,7.43,0,7.7,0
03/01/2026,5:56:00,2.657,0.224,241.92,11.25,0,0,3.66,40.62
03/01/2026,5:57:00,1.401,0.272,236.98,5.5,0,0,1.48,21.88
03/01/2026,5:58:00,0.201,0.03,240.51,1.02,0,0,0.79,2.55
03/01/2026,5:59:00,0.756,0.066,233.46,3.2,5.26,9.52,0.88,0
03/01/2026,6:00:00,3.52,0.668,243.52,14.72,6.02,0.97,0.13,51.55
03/01/2026,6:01:00,1.585,0.253,240,6.59,0,0,4.83,21.58
03/01/2026,6:02:00,1.433,0.08,235.22,6.16,0,0,0.84,23.04
03/01/2026,6:03:00,0.661,0.119,241.89,2.81,9.37,0,12.05,0
03/01/2026,6:04:00,2.733,0.484,244.9,11.3,0,0.95,24.41,20.19
03/01/2026,6:05:00,1.246,0.098,237.22,5.34,0,2.25,4.11,14.41
03/01/2026,6:06:00,2.335,0.28,239.37,9.58,0,0,3.58,35.34
03/01/2026,6:07:00,0.589,0.098,238.46,2.42,0,0,2.57,7.25
03/01/2026,6:08:00,6.286,0.489,237.69,26.44,0,0,6.1,98.66
03/01/2026,6:09:00,4.027,0.888,237.37,17.21,0,0,5.62,61.5
03/01/2026,6:10:00,1.57,0.087,238.06,6.69,0,0,2.52,23.64
03/01/2026,6:11:00,1.885,0.133,238.22,7.78,0,0,2.52,28.9
03/01/2026,6:12:00,0.764,0.056,238.93,3.01,0,0,6.21,6.52
03/01/2026,6:13:00,2.49,0.388,238.71,10.56,0,5.38,4.85,31.27
03/01/2026,6:14:00,4.822,0.839,242.28,19.81,0,9.5,7.61,63.26
03/01/2026,6:15:00,2.373,0.31,242.02,9.96,0,0,17.02,22.53
03/01/2026,6:16:00,0.464,0.05,235.4,1.96,0,0,9.07,0
03/01/2026,6:17:00,4.734,1.003,238.22,20.16,0,0,2.18,76.72
03/01/2026,6:18:00,5.892,0.375,243.75,24.03,0,0,8.54,89.66
03/01/2026,6:19:00,1.974,0.209,240.88,8.48,0,0,3.59,29.3
03/01/2026,6:20:00,0.6,0.035,241,2.69,0,0,9.02,0.98
03/01/2026,6:21:00,1.454,0.077,240.72,5.95,0,7.45,13.06,3.72
03/01/2026,6:22:00,2.219,0.268,239.22,9.1,0,0,1.73,35.26
03/01/2026,6:23:00,1.836,0.163,239.88,8.04,0,0,1.64,28.96
03/01/2026,6:24:00,0.464,0.048,238.79,1.76,0,0,3.4,4.33
03/01/2026,6:25:00,2.186,0.468,242.57,9.07,0,0,0.32,36.11
03/01/2026,6:26:00,3.488,0.288,238.82,14.68,3.16,0,6.94,48.04
03/01/2026,6:27:00,0.341,0.07,239.66,1.42,8.1,0,8.31,0
03/01/2026,6:28:00,0.396,0.073,242.21,1.79,12.39,0,2.54,0
03/01/2026,6:29:00,0.731,0.084,239.02,2.87,0,0,3.76,8.43
03/01/2026,6:30:00,1.14,0.182,239.79,5.14,0,0,5.35,13.65
03/01/2026,6:31:00,2.79,0.387,238.93,11.51,1.77,0,0.46,44.26
03/01/2026,6:32:00,3.459,0.262,239.73,14.4,0,0,7.45,50.19
03/01/2026,6:33:00,0.571,0.132,239.03,2.1,0,0,4.49,5.03
03/01/2026,6:34:00,1.675,0.275,238.39,7.24,0,0,5.87,22.04
03/01/2026,6:35:00,3.351,0.757,237.88,14.46,2.78,0,7.72,45.35
03/01/2026,6:36:00,1.667,0.358,239.48,7.36,0,0,6.75,21.03
03/01/2026,6:37:00,1.749,0.115,243.05,7.42,0,0,0.6,28.55
03/01/2026,6:38:00,1.984,0.181,241.87,8.13,0,0,9.16,23.91
03/01/2026,6:39:00,1.027,0.081,235.26,4.37,0,0,5.65,11.47
03/01/2026,6:40:00,1.557,0.336,238.71,6.46,8.14,0,7.53,10.27
03/01/2026,6:41:00,0.085,0.019,238.08,0.2,0,0,1.82,0
03/01/2026,6:42:00,0.769,0.12,235.31,3.21,0,0,1.5,11.31
03/01/2026,6:43:00,2.158,0.153,240.83,9.14,0,10.85,10.5,14.61
03/01/2026,6:44:00,0.534,0.041,239.71,2.05,0.16,0,2.97,5.77
03/01/2026,6:45:00,2.842,0.605,246.07,11.09,2.66,8.74,5.14,30.82
03/01/2026,6:46:00,0.152,0.036,239,0.38,3.99,0,4.81,0
03/01/2026,6:47:00,2.755,0.248,237.67,11.76,0.82,0,5.28,39.81
03/01/2026,6:48:00,2.749,0.144,237.38,11.24,0,1.83,0.43,43.56
03/01/2026,6:49:00,6.633,0.771,238.65,27.7,3.13,2.04,2.16,103.22
03/01/2026,6:50:00,0.987,0.055,241.77,4.01,0,0,0.41,16.04
03/01/2026,6:51:00,1.403,0.302,242.11,5.84,2.91,0,3.93,16.54
03/01/2026,6:52:00,4.475,0.664,248.78,18.03,0,0,13.94,60.64
03/01/2026,6:53:00,4.051,0.723,236.38,17.22,0,7.09,2.96,57.47
03/01/2026,6:54:00,3.182,0.421,240.26,13.21,0,0,9.15,43.88
03/01/2026,6:55:00,1.89,0.225,237.95,7.76,0,0,2.03,29.48
03/01/2026,6:56:00,4.384,0.414,241.05,18.37,0,0,11.64,61.43
03/01/2026,6:57:00,8.375,1.709,244.15,33.95,0,0,3.26,136.33
03/01/2026,6:58:00,2.327,0.44,242.59,9.75,0,0,2.63,36.15
03/01/2026,6:59:00,1.465,0.179,236.38,6.43,17.25,0,7.17,0
03/01/2026,7:00:00,2.561,0.292,242.05,11.05,0.34,0,4.31,38.02
03/01/2026,7:01:00,1.647,0.083,233.66,6.9,8.87,0,2.47,16.1
03/01/2026,7:02:00,1.075,0.067,232.86,4.51,3.38,7.2,0.36,6.98
03/01/2026,7:03:00,2.852,0.498,239.25,11.93,0,0,1.09,46.43
03/01/2026,7:04:00,0.849,0.13,241.83,3.51,0,0,8.88,5.27
03/01/2026,7:05:00,2.288,0.313,241.04,9.66,0,0,15.21,22.92
03/01/2026,7:06:00,0.214,0.046,245.72,0.97,1.89,0,1.11,0.57
03/01/2026,7:07:00,4.984,0.751,240.33,20.67,2.25,8.68,5.06,67.08
03/01/2026,7:08:00,0.62,0.079,239.68,2.57,12.42,0,0.21,0
03/01/2026,7:09:00,0.284,0.023,243.47,1.35,2.24,0,2.06,0.43
03/01/2026,7:10:00,3.945,0.845,238.88,16.26,0,0,3.57,62.18
03/01/2026,7:11:00,4.519,0.747,241.17,18.69,0,0,7.99,67.34
03/01/2026,7:12:00,1.857,0.127,241.35,7.81,7.9,0,0.27,22.79
03/01/2026,7:13:00,1.28,0.23,237.08,5.19,0,6.82,9.12,5.4
03/01/2026,7:14:00,1.011,0.137,241.16,3.48,0,0,1.36,15.49
03/01/2026,7:15:00,1.771,0.376,246.56,7.47,0,0,8.55,20.97
03/01/2026,7:16:00,1.348,0.315,243.41,5.54,0,0,5.89,16.58
03/01/2026,7:17:00,1.2,0.204,237.48,4.8,1.54,0,2.49,15.97
03/01/2026,7:18:00,0.547,0.107,247.02,2.4,0,2.47,7.72,0
03/01/2026,7:19:00,0.379,0.023,242.07,1.53,0,0,1.62,4.71
03/01/2026,7:20:00,1.516,0.246,241.27,6.08,0,0,1.49,23.79
03/01/2026,7:21:00,1.724,0.347,239.71,7.27,0,0,0.38,28.36
03/01/2026,7:22:00,0.66,0.099,242.05,2.74,4.34,0.19,3,3.47
03/01/2026,7:23:00,0.768,0.13,240.34,3.07,0,0,0.62,12.18
03/01/2026,7:24:00,1.721,0.395,240.06,7.01,0,0,3.26,25.41
03/01/2026,7:25:00,0.531,0.048,239.6,2.01,0,0.36,0.06,8.43
03/01/2026,7:26:00,3.279,0.228,242.92,13.64,10.04,0,1.01,43.6
03/01/2026,7:27:00,2.213,0.416,242.59,8.87,0,0,16.16,20.72
03/01/2026,7:28:00,0.654,0.14,239.55,2.57,9.86,4.15,9.52,0
03/01/2026,7:29:00,2.12,0.467,235.44,9.02,0,0.43,1.62,33.29
03/01/2026,7:30:00,0.546,0.097,240.11,2.57,0,0,7.6,1.5
03/01/2026,7:31:00,2.759,0.598,237.85,11.63,3.49,0,6.62,35.87
03/01/2026,7:32:00,0.571,0.109,238.58,2.51,0,0,1.17,8.35
03/01/2026,7:33:00,1.257,0.085,239.63,5.27,0,0,2.78,18.16
03/01/2026,7:34:00,1.6,0.324,236.82,6.94,0,0,14.7,11.97
03/01/2026,7:35:00,4.468,0.384,235.17,19.39,0,0,8.05,66.41
03/01/2026,7:36:00,0.614,0.06,240.88,2.46,0,0,8.57,1.67
03/01/2026,7:37:00,0.586,0.076,240.08,2.44,0,0,4.98,4.79
03/01/2026,7:38:00,0.234,0.026,239.97,1.01,0,0,6.57,0
03/01/2026,7:39:00,5.487,0.627,241.53,22.82,0,0,4.26,87.19
03/01/2026,7:40:00,1.446,0.121,238.02,6.1,2.67,0,8.1,13.32
03/01/2026,7:41:00,3.341,0.363,241,13.75,0,0.62,7.92,47.15
03/01/2026,7:42:00,0.782,0.042,244.01,3.21,0,0,0.19,12.85
03/01/2026,7:43:00,0.861,0.125,239.24,4.09,0,0,5.99,8.36
03/01/2026,7:44:00,1.341,0.273,245.7,5.52,0,0,5.96,16.39
03/01/2026,7:45:00,1.379,0.307,240.15,5.36,0,0,0.42,22.56
03/01/2026,7:46:00,2.486,0.532,237.44,10.39,2.62,0,3.17,35.64
03/01/2026,7:47:00,1.484,0.198,242.55,6.12,6.34,0,13.74,4.65
03/01/2026,7:48:00,0.971,0.19,239.66,4.02,0,0,18.4,0
03/01/2026,7:49:00,5.563,0.599,243.16,22.87,0,1.62,9.15,81.96
03/01/2026,7:50:00,0.539,0.033,241.24,2.29,0,0,0.99,7.99
03/01/2026,7:51:00,0.618,0.114,239.02,2.69,0.68,0,2.82,6.81
03/01/2026,7:52:00,0.548,0.098,244.56,2.29,0,0,1.21,7.92
03/01/2026,7:53:00,2.565,0.539,238.5,10.94,0,0,6.34,36.41
03/01/2026,7:54:00,2.065,0.358,233.5,8.55,0,0,8.9,25.52
03/01/2026,7:55:00,1.204,0.098,242.64,4.91,0,8.3,12.91,0
03/01/2026,7:56:00,0.515,0.114,241.05,2.22,0,0,11.82,0
03/01/2026,7:57:00,1.594,0.28,243.85,6.59,0.53,0,0.63,25.42
03/01/2026,7:58:00,2.861,0.605,237.35,11.92,0,0,0.81,46.87
03/01/2026,7:59:00,4.607,0.944,239.26,19.15,0,0,14.43,62.36
03/01/2026,8:00:00,0.747,0.082,238.92,2.96,0,0,11.14,1.32
03/01/2026,8:01:00,1.2,0.078,242.8,5.14,0,0,3.7,16.31
03/01/2026,8:02:00,2.049,0.175,241.95,8.1,0,0,3.37,30.77
03/01/2026,8:03:00,0.961,0.066,240.64,3.74,7.69,0,4.83,3.51
03/01/2026,8:04:00,0.291,0.029,240.66,1.29,0,0,5.45,0
03/01/2026,8:05:00,1.206,0.171,236.55,5.21,0,0,1.76,18.34
03/01/2026,8:06:00,0.344,0.08,242.31,1.1,1.98,0,3.1,0.66
03/01/2026,8:07:00,3.058,0.686,242.37,12.74,0,0,5.8,45.17
03/01/2026,8:08:00,1.04,0.202,246.87,4.25,0,0,1.39,15.95
03/01/2026,8:09:00,1.322,0.072,241.41,5.58,0,0,40.52,0
03/01/2026,8:10:00,0.636,0.075,241.9,2.65,11.44,0,2,0
03/01/2026,8:11:00,1.37,0.256,241.43,5.76,0,0,4.82,18.02
03/01/2026,8:12:00,3.797,0.288,237.91,16.05,0,0,4.85,58.44
03/01/2026,8:13:00,3.325,0.699,243.75,13.74,0,0,3.6,51.82
03/01/2026,8:14:00,0.417,0.097,239.83,1.79,0,8.14,1.66,0
03/01/2026,8:15:00,1.215,0.147,239.42,5.06,8.71,0,5,6.54
03/01/2026,8:16:00,1.047,0.2,239.6,4.36,0,0,0.57,16.88
03/01/2026,8:17:00,0.985,0.078,239.8,4.15,0.31,0,2.94,13.17
03/01/2026,8:18:00,0.799,0.15,238.54,3.52,0,1.54,1.52,10.26
03/01/2026,8:19:00,0.405,0.022,240.65,2.08,0,0,0.8,5.96
03/01/2026,8:20:00,6.967,0.558,239.71,29.17,1.68,0,15.58,98.86
03/01/2026,8:21:00,5.483,1.053,239.45,22.98,0,0,7.22,84.17
03/01/2026,8:22:00,0.943,0.181,241.47,4.15,0,0,1.11,14.61
03/01/2026,8:23:00,1.574,0.281,240.23,6.63,0,0,17.9,8.33
03/01/2026,8:24:00,3.102,0.451,238.34,12.8,0,0,1.46,50.23
03/01/2026,8:25:00,1.57,0.29,237.71,6.46,0,0,1.61,24.55
03/01/2026,8:26:00,0.869,0.178,240.3,3.98,7.51,0,0.86,6.11
03/01/2026,8:27:00,0.298,0.073,237.76,1.11,3.37,0,7.81,0
03/01/2026,8:28:00,1.416,0.322,237.54,6.07,8.88,0,5.08,9.64
03/01/2026,8:29:00,0.351,0.073,237.59,1.28,0.7,0,0.36,4.79
03/01/2026,8:30:00,3.601,0.68,240.76,15.21,0,0,0.15,59.86
03/01/2026,8:31:00,1.359,0.224,243.58,5.49,0,0,4.56,18.08
03/01/2026,8:32:00,2.189,0.162,241.04,9.1,0,0,6.33,30.16
03/01/2026,8:33:00,1.017,0.084,242.66,4.14,2.28,0,10.39,4.28
03/01/2026,8:34:00,2.774,0.594,239.79,11.67,0,0,3.9,42.32
03/01/2026,8:35:00,0.731,0.154,240.43,3.07,0,0,6.77,5.4
03/01/2026,8:36:00,1.812,0.313,244.96,7.58,0,0,7.94,22.27
03/01/2026,8:37:00,0.98,0.135,242.49,4.17,0,0,5.7,10.63
03/01/2026,8:38:00,1.132,0.062,242.81,4.72,0,0,2.61,16.26
03/01/2026,8:39:00,3.07,0.354,239.21,12.96,0,2.27,0.85,48.04
03/01/2026,8:40:00,0.631,0.085,239.98,2.77,11.88,0,6.26,0
03/01/2026,8:41:00,1.921,0.283,241.22,7.88,0,7.62,8.78,15.62
03/01/2026,8:42:00,3.935,0.928,238.18,16.43,3.01,0,1.26,61.3
03/01/2026,8:43:00,2.982,0.214,232.91,13.11,0,0,4.1,45.61
03/01/2026,8:44:00,0.753,0.116,241.19,3.26,2.54,0,3.04,6.97
03/01/2026,8:45:00,2.149,0.266,242.88,8.93,0,0,1.38,34.44
03/01/2026,8:46:00,0.152,0.038,240.17,0.47,4.78,1.04,1.69,0
03/01/2026,8:47:00,3.152,0.701,238.21,12.87,0,0,1.63,50.9
03/01/2026,8:48:00,8.358,1.151,239.01,34.91,0,0,3.26,136.04
03/01/2026,8:49:00,1.829,0.457,233.92,7.73,0.11,0,2.97,27.4
03/01/2026,8:50:00,4.084,0.624,239,17.03,0,0,4.85,63.23
03/01/2026,8:51:00,0.28,0.023,236.65,1.35,0,0,0.59,4.08
03/01/2026,8:52:00,0.461,0.074,237.9,2.24,0,0,5.22,2.45
03/01/2026,8:53:00,1.013,0.096,236.5,4.5,0,1.87,0.13,14.88
03/01/2026,8:54:00,1.205,0.214,236.16,4.98,0,0,1.79,18.3
03/01/2026,8:55:00,1.839,0.437,236.99,7.87,0,0,4.18,26.46
03/01/2026,8:56:00,0.757,0.157,241.9,3.03,0,0,6.97,5.65
03/01/2026,8:57:00,1.589,0.166,238.47,6.29,0,0,8.85,17.63
03/01/2026,8:58:00,3.065,0.335,236.68,12.93,0.6,14.04,0.22,36.22
03/01/2026,8:59:00,2.143,0.137,242.26,9.1,0,0,4.63,31.09
03/01/2026,9:00:00,0.981,0.105,240.39,4.01,0,0,2.63,13.72
03/01/2026,9:01:00,2.598,0.178,232.91,11.32,0,0,7.12,36.18
03/01/2026,9:02:00,0.94,0.141,242.99,3.73,0,0,2,13.66
03/01/2026,9:03:00,1.512,0.29,240.22,6.43,0,0,8.17,17.04
03/01/2026,9:04:00,2.942,0.589,242.31,12.09,0,0,5.53,43.51
03/01/2026,9:05:00,1.175,0.073,239.32,5.22,14.89,0,9.35,0
03/01/2026,9:06:00,0.345,0.041,244.81,1.35,4.87,0,24.96,0
03/01/2026,9:07:00,1.475,0.159,238.85,6.07,0,1.63,14.35,8.6
03/01/2026,9:08:00,2.963,0.21,232.09,13.06,0,0,5.4,43.98
03/01/2026,9:09:00,3.179,0.389,237.33,13.28,0,0,13.45,39.54
03/01/2026,9:10:00,0.438,0.048,241.51,1.86,3.88,0,1,2.42
03/01/2026,9:11:00,2.515,0.445,240.48,10.35,0.35,0,0.26,41.3
03/01/2026,9:12:00,1.11,0.252,239.63,4.82,0,0,4.57,13.93
03/01/2026,9:13:00,4.292,0.605,237.04,18.36,0,0,21.98,49.54
03/01/2026,9:14:00,0.354,0.071,240.06,1.34,0,0,7.42,0
03/01/2026,9:15:00,2.477,0.196,239.96,10.43,0,0,2.18,39.1
03/01/2026,9:16:00,0.997,0.228,239.93,4.28,0,0,6.63,9.99
03/01/2026,9:17:00,0.77,0.062,241.61,3.21,0,0,0.24,12.58
03/01/2026,9:18:00,3.047,0.269,240.55,12.97,0,0,3.82,46.96
03/01/2026,9:19:00,3.429,0.244,239.24,14.64,0,0,1.62,55.53
03/01/2026,9:20:00,0.089,0.01,236.99,0.2,0,0,0.3,1.18
03/01/2026,9:21:00,3.09,0.496,244.08,12.9,23.54,0,1.73,26.23
03/01/2026,9:22:00,1.313,0.325,245.94,5.44,0,1.65,7.69,12.54
03/01/2026,9:23:00,1.438,0.3,245.23,5.91,0,2.61,4.81,16.54
03/01/2026,9:24:00,0.33,0.042,242.1,1.31,0.23,0,0.14,5.12
03/01/2026,9:25:00,2.345,0.387,234.97,9.68,0,1.29,3.16,34.62
03/01/2026,9:26:00,7.092,1.239,234.61,30.28,0,0,8.37,109.83
03/01/2026,9:27:00,0.82,0.176,238.35,3.5,0,0,18.55,0
03/01/2026,9:28:00,3.684,0.727,239.84,15.76,0,0,12.45,48.96
03/01/2026,9:29:00,1.39,0.228,239.71,5.66,0,0,0.01,23.16
03/01/2026,9:30:00,0.855,0.157,240.58,3.23,6.69,0,1.48,6.07
03/01/2026,9:31:00,0.251,0.05,235.82,0.83,0,0,1.4,2.79
03/01/2026,9:32:00,4.09,0.313,244.82,17.03,0,0,3.2,64.98
03/01/2026,9:33:00,1.549,0.14,244.52,6.25,0.6,0,6.23,18.99
03/01/2026,9:34:00,0.9,0.169,236.07,4.09,0,0,1,14.01
03/01/2026,9:35:00,1.058,0.233,234.42,4.52,0,0,14.84,2.8
03/01/2026,9:36:00,2.5,0.33,239.73,10.23,0,0,9.01,32.66
03/01/2026,9:37:00,0.899,0.221,243.79,4.09,0,0,3.26,11.72
03/01/2026,9:38:00,0.51,0.048,239.9,2.39,0,0,5.26,3.24
03/01/2026,9:39:00,1.258,0.168,240.78,5.19,2.68,8.66,4.68,4.94
03/01/2026,9:40:00,1.222,0.154,238.68,5.32,0,0,5.24,15.13
03/01/2026,9:41:00,1.197,0.283,240.44,5,0,0,11.8,8.14
03/01/2026,9:42:00,0.911,0.098,242.83,3.84,10.64,0,1.34,3.21
03/01/2026,9:43:00,3.782,0.545,241.24,16.03,0,0,6.91,56.13
03/01/2026,9:44:00,8.979,0.785,241.73,36.84,0,0,0.68,148.96
03/01/2026,9:45:00,0.44,0.068,235.01,1.8,12.27,0,3.69,0
03/01/2026,9:46:00,0.065,0.014,246.41,0.27,3.19,0,6.06,0
03/01/2026,9:47:00,1.117,0.124,235.05,4.82,0,0,0.08,18.54
03/01/2026,9:48:00,0.082,0.017,240.47,0.2,2.94,0,0.69,0
03/01/2026,9:49:00,0.217,0.05,239.55,1.09,0,0,0.57,3.05
03/01/2026,9:50:00,0.835,0.054,239.68,3.25,1.93,0,2.82,9.18
03/01/2026,9:51:00,2.485,0.5,242.61,9.99,0.87,0,5.84,34.72
03/01/2026,9:52:00,1.104,0.112,237.88,4.59,0,0,33.08,0
03/01/2026,9:53:00,0.034,0.003,238.7,0.52,0,0,1.76,0
03/01/2026,9:54:00,1.09,0.186,236.56,5.12,0,0,0.88,17.3
03/01/2026,9:55:00,1.17,0.224,243.37,4.91,10,3.67,3.21,2.62
03/01/2026,9:56:00,1.189,0.153,240.8,4.89,1.25,1.14,0.95,16.48
03/01/2026,9:57:00,3.361,0.194,241.91,13.92,0,0,0.15,55.87
03/01/2026,9:58:00,2.934,0.68,242.44,12.17,4.43,3.81,4.98,35.69
03/01/2026,9:59:00,1.496,0.293,245.97,6.37,1.42,0,12.7,10.81
03/01/2026,10:00:00,6.12,0.638,245.45,24.69,9.4,0,11.83,80.76
03/01/2026,10:01:00,0.833,0.124,240.97,3.69,2.28,0,0.64,10.96
03/01/2026,10:02:00,1.242,0.069,240.47,4.88,0,0,0.96,19.75
03/01/2026,10:03:00,1.369,0.161,238.4,5.64,0,0,4.05,18.76
03/01/2026,10:04:00,0.247,0.038,242.23,1.02,0.21,0,2.75,1.16
03/01/2026,10:05:00,1.395,0.214,242.12,5.84,0.95,10.49,7.29,4.52
03/01/2026,10:06:00,0.185,0.017,237.81,0.78,0,0,4.1,0
03/01/2026,10:07:00,0.703,0.144,242.16,2.94,0,0,0.12,11.6
03/01/2026,10:08:00,1.557,0.171,243.03,6.41,4.42,0,2.01,19.52
03/01/2026,10:09:00,0.307,0.051,236.64,0.99,0.23,0,13.91,0
03/01/2026,10:10:00,1.873,0.195,240.57,7.9,0,0,4.3,26.92
03/01/2026,10:11:00,0.588,0.079,239.8,2.61,0,0,9.6,0.2
03/01/2026,10:12:00,0.978,0.089,239.98,4.34,8.03,3.8,3.09,1.37
03/01/2026,10:13:00,2.161,0.382,237.14,9.48,4.94,2.93,6.78,21.35
03/01/2026,10:14:00,1.296,0.175,234.52,5.61,0.55,0,1.11,19.94
03/01/2026,10:15:00,1.836,0.098,237.73,8.01,10.93,0.18,8,11.49
03/01/2026,10:16:00,2.05,0.114,237.31,8.64,0,0,9.27,24.91
03/01/2026,10:17:00,1.276,0.184,241.06,5,1.96,0,0.57,18.74
03/01/2026,10:18:00,1.928,0.167,241.11,8.19,4.79,0,1.21,26.13
03/01/2026,10:19:00,0.691,0.115,240.94,3.01,0,0,3.73,7.78
03/01/2026,10:20:00,2.138,0.282,235.81,9.07,14.24,0,6.09,15.32
03/01/2026,10:21:00,1.124,0.203,236.64,4.74,3.55,0,6.09,9.08
03/01/2026,10:22:00,3.858,0.928,238.15,16.3,16.09,0,6.62,41.59
03/01/2026,10:23:00,1.586,0.247,240.07,6.54,0,0,7.52,18.92
03/01/2026,10:24:00,0.801,0.166,238.99,3.44,0,0,4.23,9.12
03/01/2026,10:25:00,2.17,0.435,240.93,8.82,0,0,5.13,31.03
03/01/2026,10:26:00,3.987,0.934,242.93,16.25,0,0,0.05,66.4
03/01/2026,10:27:00,0.878,0.081,237,3.44,0,0,1.09,13.54
03/01/2026,10:28:00,0.733,0.158,237.12,3.54,0,0,4.14,8.08
03/01/2026,10:29:00,1.583,0.366,240.41,6.6,0,0,8.21,18.16
03/01/2026,10:30:00,1.018,0.131,239.75,4.49,5.05,0,9.93,1.99
03/01/2026,10:31:00,2.162,0.244,242.23,8.71,0,0,7.83,28.21
03/01/2026,10:32:00,2.202,0.529,240.02,9.14,0,0,4,32.7
03/01/2026,10:33:00,0.264,0.046,245.22,1.18,0,0,1.98,2.41
03/01/2026,10:34:00,2.924,0.369,235.24,12.73,0,0,3.53,45.21
03/01/2026,10:35:00,0.623,0.13,242.52,2.45,2.61,0,0.06,7.72
03/01/2026,10:36:00,0.883,0.098,240.6,3.59,0,0,5.47,9.25
03/01/2026,10:37:00,1.882,0.161,235.79,7.82,0,0,0.46,30.9
03/01/2026,10:38:00,0.404,0.064,233.8,1.71,0,0,0.94,5.8
03/01/2026,10:39:00,0.741,0.121,236.62,2.93,0,1.08,5.9,5.37
03/01/2026,10:40:00,0.359,0.077,243.63,1.19,0,0,0.08,5.9
03/01/2026,10:41:00,3.128,0.442,243.29,12.91,0,0,5.11,47.03
03/01/2026,10:42:00,0.962,0.205,239.61,4.15,0,0,6.1,9.93
03/01/2026,10:43:00,0.315,0.035,238.91,1.09,0,4.07,9.31,0
03/01/2026,10:44:00,0.346,0.057,237.43,1.32,0.62,0,0.42,4.71
03/01/2026,10:45:00,2.732,0.251,239.44,11.39,0,0,0.02,45.52
03/01/2026,10:46:00,0.562,0.071,238.58,2.7,0,0,8.74,0.63
03/01/2026,10:47:00,0.863,0.191,245.13,2.95,0,0,2.06,12.32
03/01/2026,10:48:00,1.449,0.135,236.29,6.22,0,0,13.09,11.06
03/01/2026,10:49:00,1.03,0.219,241.18,4.41,0,0,1.23,15.95
03/01/2026,10:50:00,0.116,0.012,245.27,0.33,0,0,5.28,0
03/01/2026,10:51:00,2.36,0.134,242.32,9.67,0,0,0.7,38.63
03/01/2026,10:52:00,1.107,0.08,236.63,4.74,0,0,3.09,15.36
03/01/2026,10:53:00,1.818,0.362,235.37,7.72,0,0,12.83,17.47
03/01/2026,10:54:00,2.504,0.256,240.82,10.74,0,0,5.62,36.12
03/01/2026,10:55:00,0.073,0.013,240.45,0.33,2.32,0,7.02,0
03/01/2026,10:56:00,2.523,0.479,243.7,10.53,0,3.83,1.54,36.69
03/01/2026,10:57:00,7.777,0.926,241.65,32.27,0,0,15.36,114.25
03/01/2026,10:58:00,1.989,0.288,238.55,8.48,7.2,1.18,5.86,18.91
03/01/2026,10:59:00,3.905,0.511,238.34,16.23,0,0,0.67,64.41
03/01/2026,11:00:00,3.045,0.729,236.08,12.94,0,0,0.09,50.66
03/01/2026,11:01:00,2.448,0.279,240.39,10.17,0,0,0.1,40.71
03/01/2026,11:02:00,3.131,0.271,235.79,13.14,0,0,0.32,51.87
03/01/2026,11:03:00,3.559,0.438,242.73,14.85,0,0,14.56,44.75
03/01/2026,11:04:00,3.669,0.675,241.77,14.77,2.35,0,2.66,56.14
03/01/2026,11:05:00,0.344,0.065,241.67,1.69,0,0,2.12,3.61
03/01/2026,11:06:00,3.285,0.771,236.03,13.47,0,0,3.23,51.51
03/01/2026,11:07:00,1.091,0.247,239.55,4.53,0,0,3.16,15.03
03/01/2026,11:08:00,3.772,0.406,238.83,15.98,0,0.13,1.63,61.1
03/01/2026,11:09:00,2.138,0.302,240.31,8.66,0,1.79,0.58,33.28
03/01/2026,11:10:00,0.338,0.067,241.59,1.48,0,0,0.69,4.94
03/01/2026,11:11:00,4.177,0.975,238.46,17.58,0,0,5.49,64.14
03/01/2026,11:12:00,0.627,0.074,238.57,2.69,0,0,3.03,7.41
03/01/2026,11:13:00,1.04,0.144,242.04,4.23,1.57,0,13.96,1.8
03/01/2026,11:14:00,4.939,1.135,236.61,20.78,0,0,3.74,78.57
03/01/2026,11:15:00,1.596,0.194,237.76,6.4,0,0,4.2,22.39
03/01/2026,11:16:00,0.995,0.145,240.02,4.13,0,0,15.81,0.78
03/01/2026,11:17:00,1.305,0.301,242.7,5.56,0,0,4.18,17.57
03/01/2026,11:18:00,0.975,0.205,237.09,4.02,0,0,4.18,12.06
03/01/2026,11:19:00,2.728,0.269,245.37,11.04,4.89,0,2.71,37.87
03/01/2026,11:20:00,1.005,0.115,235.95,4.58,0,0,7.44,9.31
03/01/2026,11:21:00,1.347,0.162,244.65,5.47,0,9.43,2.99,10.03
03/01/2026,11:22:00,2.292,0.533,243.6,9.48,8.42,0,5.33,24.46
03/01/2026,11:23:00,2.085,0.521,235.71,8.95,0,0,3.56,31.19
03/01/2026,11:24:00,0.686,0.141,235.1,2.89,7.4,1.67,4.51,0
03/01/2026,11:25:00,2.755,0.405,242.16,11.51,0,0,10.53,35.39
03/01/2026,11:26:00,0.831,0.043,238.87,3.68,0,10.4,3.2,0.25
03/01/2026,11:27:00,0.448,0.085,236.98,2.07,4.28,0,1.57,1.62
03/01/2026,11:28:00,0.136,0.017,245.44,0.76,9.73,0,5.07,0
03/01/2026,11:29:00,1.182,0.209,236.42,4.58,0,0,16.64,3.07
03/01/2026,11:30:00,0.189,0.032,237.82,0.56,0,0,7.09,0
03/01/2026,11:31:00,0.585,0.086,238.17,2.35,0,1.93,2.21,5.6
03/01/2026,11:32:00,1.379,0.329,231.6,5.8,0,0,19.78,3.2
03/01/2026,11:33:00,3.498,0.191,240.27,14.42,11.47,0,2.52,44.32
03/01/2026,11:34:00,1.067,0.205,237.27,4.67,0,0,24.54,0
03/01/2026,11:35:00,0.255,0.034,242.43,1.07,0,0,1.28,2.98
03/01/2026,11:36:00,1.264,0.244,242.82,5.18,3.85,0,47.74,0
03/01/2026,11:37:00,3.393,0.628,240.7,14.05,1.32,6.89,0.47,47.86
03/01/2026,11:38:00,1.043,0.054,240.73,4.25,0,0,7.49,9.89
03/01/2026,11:39:00,3.97,0.425,240.49,16.46,10.86,0,8.09,47.22
03/01/2026,11:40:00,1.372,0.12,237.9,6.04,0,4.53,6.83,11.51
03/01/2026,11:41:00,2.531,0.211,238.16,10.28,14.05,0,9.02,19.12
03/01/2026,11:42:00,1.703,0.333,243.97,7.23,0,0,3.83,24.55
03/01/2026,11:43:00,3.823,0.374,242.21,16.24,2.64,0,0.33,60.74
03/01/2026,11:44:00,6.42,0.931,240.62,26.93,0,0,2.66,104.34
03/01/2026,11:45:00,0.875,0.087,241.8,3.42,0,0,6.17,8.42
03/01/2026,11:46:00,1.616,0.268,239.82,6.64,0,0,6.23,20.7
03/01/2026,11:47:00,3.496,0.679,240.55,14.74,6.36,0,1.3,50.61
03/01/2026,11:48:00,1.755,0.204,241.78,7.21,1.65,0,1.75,25.86
03/01/2026,11:49:00,0.125,0.021,233.78,0.43,0,0,4,0
03/01/2026,11:50:00,1.059,0.228,242.72,4.34,0,4.77,7.83,5.05
03/01/2026,11:51:00,1.742,0.12,242.5,6.96,0,0,11.5,17.54
03/01/2026,11:52:00,4.65,0.893,237.66,19.54,0,0,0.54,76.95
03/01/2026,11:53:00,1.539,0.176,243.73,6.07,0,0,15.59,10.05
03/01/2026,11:54:00,0.541,0.04,233.35,2.46,0,0,15.76,0
03/01/2026,11:55:00,1.779,0.283,241.06,7.21,0,0,0.05,29.6
03/01/2026,11:56:00,4.3,0.41,240.12,17.92,0,0,4.24,67.43
03/01/2026,11:57:00,0.738,0.158,239.07,3,4.01,0,5.31,2.98
03/01/2026,11:58:00,0.843,0.049,240.06,3.59,0,0,4.84,9.21
03/01/2026,11:59:00,0.751,0.052,241.75,3.27,0,0,5.74,6.77
03/01/2026,12:00:00,0.306,0.047,234.58,1.36,0,0,4.2,0.89
03/01/2026,12:01:00,1.477,0.248,243,5.94,0,0,2.09,22.53
03/01/2026,12:02:00,1.324,0.259,238.77,5.43,0,0,0.6,21.46
03/01/2026,12:03:00,0.15,0.015,243.05,1.09,0,0,1.4,1.1
03/01/2026,12:04:00,0.591,0.129,241.93,2.63,0,0,8.09,1.76
03/01/2026,12:05:00,1.658,0.399,238.71,6.91,0,0,1.66,25.97
03/01/2026,12:06:00,2.483,0.372,239.76,10.24,0,0,10.62,30.75
03/01/2026,12:07:00,3.055,0.617,239.94,12.44,0,0,3.1,47.81
03/01/2026,12:08:00,2.649,0.411,244.82,11.05,0,0,3.21,40.94
03/01/2026,12:09:00,1.398,0.089,236.58,5.77,0,7.03,12.17,4.1
03/01/2026,12:10:00,0.241,0.028,238.69,1.22,0,0,1.45,2.56
03/01/2026,12:11:00,1.128,0.076,235.25,4.96,0,0,1.26,17.54
03/01/2026,12:12:00,0.026,0.007,240.37,0.38,0,0,25.36,0
03/01/2026,12:13:00,1.665,0.16,238.13,7.14,6.28,0,4.67,16.8
03/01/2026,12:14:00,0.711,0.126,238.49,2.94,2.81,0,1.27,7.78
03/01/2026,12:15:00,0.069,0.007,244.45,0.29,0,0,1.09,0.07
03/01/2026,12:16:00,1.942,0.351,237.53,8.18,0,0,11.87,20.5
03/01/2026,12:17:00,4.261,0.392,239.52,17.73,0,1.61,5.5,63.91
03/01/2026,12:18:00,0.192,0.04,238.62,0.48,0,0,0.73,2.47
03/01/2026,12:19:00,2.08,0.15,238.81,8.28,0,2.47,13.08,19.12
03/01/2026,12:20:00,0.95,0.217,248.32,3.98,0,1.07,3.52,11.23
03/01/2026,12:21:00,0.626,0.137,234.8,2.63,6.84,0,27.26,0
03/01/2026,12:22:00,0.628,0.117,241.93,2.79,0,0,1.99,8.47
03/01/2026,12:23:00,0.949,0.06,247.28,3.76,4.01,0,4.52,7.3
03/01/2026,12:24:00,0.946,0.087,243.24,3.89,0,0,1.14,14.62
03/01/2026,12:25:00,1.347,0.299,240.14,5.79,0,0,3.48,18.97
03/01/2026,12:26:00,0.56,0.042,236.48,2.68,0,0,1.17,8.16
03/01/2026,12:27:00,0.699,0.057,243.91,2.8,0,0.71,2.2,8.74
03/01/2026,12:28:00,2.246,0.357,242.81,9.05,0.79,0,1.89,34.76
03/01/2026,12:29:00,0.503,0.053,235.41,2.38,0,0,2,6.39
03/01/2026,12:30:00,1.761,0.166,239.04,7.31,0,0,21,8.34
03/01/2026,12:31:00,0.999,0.165,236.38,4.13,0,1.62,0.24,14.8
03/01/2026,12:32:00,0.806,0.1,231.42,3.4,0,9.86,4.12,0
03/01/2026,12:33:00,5.322,0.416,236.31,22.38,0,0,5.95,82.74
03/01/2026,12:34:00,0.315,0.049,240.32,1.47,0,0,6.49,0
03/01/2026,12:35:00,4.484,0.571,241.74,18.28,0,0,8.43,66.31
03/01/2026,12:36:00,2.781,0.548,239.03,11.66,1.27,5.74,8.59,30.75
03/01/2026,12:37:00,0.732,0.052,244.12,3.05,0,0,18.67,0
03/01/2026,12:38:00,2.846,0.495,243.09,11.59,0,0,8.46,38.97
03/01/2026,12:39:00,0.006,0.001,239.62,0.34,0,0,10.41,0
03/01/2026,12:40:00,0.659,0.086,239.24,2.93,1.57,0,4.56,4.85
03/01/2026,12:41:00,0.511,0.049,241.15,2.03,0,0,6.43,2.09
03/01/2026,12:42:00,1.962,0.11,239.95,8.16,2.05,0.5,3.9,26.25
03/01/2026,12:43:00,2.523,0.554,235.72,10.88,0,8.65,1.94,31.45
03/01/2026,12:44:00,1.935,0.223,239.11,8.11,0,0.11,2.26,29.88
03/01/2026,12:45:00,1.567,0.292,242,6.76,0,0,2.68,23.44
03/01/2026,12:46:00,2.997,0.718,243.94,12.4,2.08,0,2.5,45.38
03/01/2026,12:47:00,2.668,0.435,242.88,11.03,0,2.15,4.57,37.74
03/01/2026,12:48:00,0.713,0.092,241,3.01,0,0,1.71,10.17
03/01/2026,12:49:00,0.801,0.083,244.37,3.91,0,0.86,4.36,8.13
03/01/2026,12:50:00,2.547,0.603,241.27,10.35,0,0,14.88,27.56
03/01/2026,12:51:00,1.335,0.249,239.73,5.35,0,5.47,3.12,13.65
03/01/2026,12:52:00,1.421,0.26,244.44,5.77,8.51,0,1.51,13.66
03/01/2026,12:53:00,1.594,0.216,242.16,6.86,4.52,0,2.56,19.49
03/01/2026,12:54:00,0.135,0.03,243.91,0.2,0.04,0,12.57,0
03/01/2026,12:55:00,0.678,0.131,236.44,2.49,0,0,17.05,0
03/01/2026,12:56:00,2.107,0.225,237.42,8.8,0,0,13.07,22.05
03/01/2026,12:57:00,0.672,0.114,237.55,3.25,0,0,2.03,9.17
03/01/2026,12:58:00,1.114,0.152,240.55,4.64,0,0,2.94,15.62
03/01/2026,12:59:00,2.096,0.108,245.47,8.31,0.79,0,22.12,12.02
03/01/2026,13:00:00,3.131,0.662,236.58,13.4,0,0,2.35,49.83
03/01/2026,13:01:00,3.429,0.256,242.72,14.46,7.99,11.47,0.89,36.79
03/01/2026,13:02:00,3.581,0.544,236.39,15.02,8.83,0,1.99,48.86
03/01/2026,13:03:00,1.218,0.143,246.35,5.04,0,1.26,19.94,0
03/01/2026,13:04:00,1.101,0.13,235.21,4.71,0,0,3.23,15.12
03/01/2026,13:05:00,0.369,0.054,242.22,1.64,0,8.2,16.3,0
03/01/2026,13:06:00,4.279,1.067,242.64,17.54,0,0,0.66,70.66
03/01/2026,13:07:00,1.056,0.139,241.86,4.49,0,0,8.72,8.89
03/01/2026,13:08:00,4.203,0.363,237.37,17.88,0.02,0,0.59,69.45
03/01/2026,13:09:00,1.802,0.311,236.83,7.75,0,0.97,1.32,27.75
03/01/2026,13:10:00,3.246,0.316,243.82,12.99,0,0,5.74,48.35
03/01/2026,13:11:00,1.298,0.092,243.15,5.05,2.06,0,3.42,16.14
03/01/2026,13:12:00,2.273,0.136,243.1,9.21,6.48,2.32,6.59,22.49
03/01/2026,13:13:00,3.333,0.182,243.47,13.74,5.36,0,21.76,28.43
03/01/2026,13:14:00,0.848,0.115,235.39,3.71,0,0,0.32,13.8
03/01/2026,13:15:00,3.596,0.487,235.3,15.07,0,0,1.28,58.65
03/01/2026,13:16:00,0.435,0.038,237.99,1.89,0,0,6.13,1.12
03/01/2026,13:17:00,5.219,1.079,238.56,22.07,0,0,13.61,73.37
03/01/2026,13:18:00,1.6,0.121,238.24,6.85,0,0,9.59,17.08
03/01/2026,13:19:00,0.69,0.161,240.83,2.77,0,0,3.76,7.74
03/01/2026,13:20:00,2.738,0.459,243.35,11.18,8.05,0,8.21,29.36
03/01/2026,13:21:00,1.876,0.104,239.12,7.59,0,0,1.4,29.86
03/01/2026,13:22:00,0.147,0.036,237.55,0.97,0,0,0.08,2.37
03/01/2026,13:23:00,0.95,0.106,242.44,4.01,0,2.57,5.06,8.2
03/01/2026,13:24:00,0.462,0.065,239.15,1.61,0,0,10.07,0
03/01/2026,13:25:00,0.513,0.055,240.32,2.38,0,4.14,3.41,0.99
03/01/2026,13:26:00,0.491,0.096,239,2.19,0,0.18,5.05,2.96
03/01/2026,13:27:00,2.185,0.321,241.02,9.3,0.03,0,3.29,33.09
03/01/2026,13:28:00,2.908,0.222,236.96,12.16,0,1.58,4.33,42.56
03/01/2026,13:29:00,0.623,0.044,242.18,2.49,0,0,12.94,0
03/01/2026,13:30:00,6.142,1.198,239.9,25.44,0,2.25,3.9,96.21
03/01/2026,13:31:00,1.615,0.157,237.71,7.22,0,0,0.05,26.87
03/01/2026,13:32:00,2.754,0.214,241.59,11.3,9.51,0,9.65,26.74
03/01/2026,13:33:00,1.162,0.174,237.7,4.7,0,0,5.77,13.59
03/01/2026,13:34:00,0.057,0.012,237.84,0.2,0,0,7.86,0
03/01/2026,13:35:00,2.007,0.212,236.4,8.43,0,0,13.88,19.58
03/01/2026,13:36:00,4.814,0.507,234.89,20.81,4.32,0,2.02,73.9
03/01/2026,13:37:00,0.733,0.159,241.6,3.09,0,0,4.2,8.01
03/01/2026,13:38:00,0.366,0.029,243.5,1.75,0,0,5.54,0.57
03/01/2026,13:39:00,2.862,0.496,238.65,12.05,0,0,2.54,45.16
03/01/2026,13:40:00,1.863,0.449,237.6,7.81,3.79,0,11.23,16.04
03/01/2026,13:41:00,3.607,0.787,234.56,15.17,1.92,0,7.18,51.02
03/01/2026,13:42:00,1.411,0.088,233.48,6.36,0,0,7.93,15.59
03/01/2026,13:43:00,2.488,0.284,242.18,10.47,0.56,2.92,9.9,28.08
03/01/2026,13:44:00,0.922,0.072,234.08,4.16,0,0.44,1.79,13.13
03/01/2026,13:45:00,0.404,0.097,236.57,1.89,0,0,8.21,0
03/01/2026,13:46:00,2.493,0.616,240.85,10.21,0,0.13,8.92,32.51
03/01/2026,13:47:00,2.9,0.281,240.27,12.12,4.22,1.19,11.09,31.83
03/01/2026,13:48:00,0.751,0.138,240.97,3.33,0,0,4.02,8.5
03/01/2026,13:49:00,4.493,0.981,240.02,18.91,11.71,0,4.21,58.96
03/01/2026,13:50:00,4.587,0.444,238.93,19.23,0,0,0.62,75.83
03/01/2026,13:51:00,0.495,0.043,236.59,2.49,21.2,0,11.47,0
03/01/2026,13:52:00,0.523,0.027,238.1,2.3,0,0,4.57,4.14
03/01/2026,13:53:00,0.552,0.073,239.13,2.57,0,0,5.41,3.79
03/01/2026,13:54:00,1.242,0.286,234.33,5.34,0,6.91,0.78,13.02
03/01/2026,13:55:00,0.967,0.223,237.64,4,0,0,5.53,10.6
03/01/2026,13:56:00,0.298,0.023,238.88,1.44,0,0,0.26,4.72
03/01/2026,13:57:00,0.571,0.052,237.93,2.55,0,0,15.4,0
03/01/2026,13:58:00,0.06,0.008,238.97,0.32,1.85,0,11.95,0
03/01/2026,13:59:00,0.085,0.018,242.01,0.2,0,0,1.3,0.13
03/01/2026,14:00:00,0.224,0.039,242.37,1.13,0,1.32,5.41,0
03/01/2026,14:01:00,5.895,0.901,244.53,23.95,0,7.43,5.54,85.27
03/01/2026,14:02:00,5.376,0.905,235.48,22.99,0,0,9.76,79.84
03/01/2026,14:03:00,2.613,0.181,238.74,10.73,0,0,8.49,35.06
03/01/2026,14:04:00,0.76,0.111,243.68,2.95,0.76,0,29.98,0
03/01/2026,14:05:00,0.219,0.054,234.76,0.99,0,5.91,2.59,0
03/01/2026,14:06:00,1.384,0.094,236.47,5.97,16.03,0,0.8,6.24
03/01/2026,14:07:00,2.055,0.316,238.15,8.67,0,0,5.11,29.14
03/01/2026,14:08:00,0.635,0.069,246.13,2.47,2.86,0,8.66,0
03/01/2026,14:09:00,1.962,0.31,237.08,8.5,0,0,2.02,30.68
03/01/2026,14:10:00,0.362,0.06,243.25,1.51,0,0,1.62,4.41
03/01/2026,14:11:00,0.776,0.128,239.92,3.27,0,5.63,9.73,0
03/01/2026,14:12:00,1.092,0.241,236.56,4.58,5.41,5.22,8.41,0
03/01/2026,14:13:00,5.495,0.703,248.4,21.98,0,3.95,1.36,86.27
03/01/2026,14:14:00,0.561,0.086,240.58,2.56,0,0,12.21,0
03/01/2026,14:15:00,2.046,0.107,241.13,8.36,0,0,0.87,33.24
03/01/2026,14:16:00,0.467,0.097,241.6,2.27,2.98,0.07,0.69,4.03
03/01/2026,14:17:00,0.392,0.04,241.37,1.46,0,0,2.59,3.94
03/01/2026,14:18:00,0.632,0.135,246.46,2.63,0,0,13.06,0
03/01/2026,14:19:00,1.429,0.147,245.36,5.84,22.63,0,7.13,0
03/01/2026,14:20:00,4.942,0.258,237.21,20.81,3.27,0,3.01,76.09
03/01/2026,14:21:00,0.742,0.06,246.06,3.15,4.91,0,1.03,6.43
03/01/2026,14:22:00,2.917,0.721,237.9,12.42,2.23,1.81,7.5,37.09
03/01/2026,14:23:00,5.698,0.649,240.97,23.76,0,5.45,5.48,84.04
03/01/2026,14:24:00,1.76,0.126,235.65,7.26,0,0,26.38,2.95
03/01/2026,14:25:00,3.352,0.247,243.11,13.56,0,0,8.7,47.17
03/01/2026,14:26:00,0.594,0.067,239.08,2.24,5.23,0,0.65,4.01
03/01/2026,14:27:00,2,0.115,236.55,8.41,2.26,0,7.82,23.25
03/01/2026,14:28:00,2.454,0.374,243.57,10.5,0.4,1.39,1.79,37.33
03/01/2026,14:29:00,0.279,0.026,244.31,1.13,0,0,19.6,0
03/01/2026,14:30:00,0.528,0.081,244.41,2.58,0,0,0.12,8.69
03/01/2026,14:31:00,1.045,0.082,235.43,4.43,0,0,1.63,15.79
03/01/2026,14:32:00,0.652,0.089,244.72,2.7,0,0,4.15,6.72
03/01/2026,14:33:00,1.169,0.198,239.1,5.01,0,0,0.49,18.99
03/01/2026,14:34:00,0.226,0.014,246.15,0.86,4.51,0,2.53,0
03/01/2026,14:35:00,5.287,0.686,241.87,21.9,0,0,4.13,83.98
03/01/2026,14:36:00,3.161,0.349,240.75,12.79,0,0,3.55,49.14
03/01/2026,14:37:00,12.764,1.252,240.03,53,0,0,3.7,209.04
03/01/2026,14:38:00,0.327,0.056,239.96,1.03,0.87,1.59,12.67,0
03/01/2026,14:39:00,2.068,0.347,237.96,8.83,0,0,4.22,30.24
03/01/2026,14:40:00,0.659,0.116,236.8,2.51,2.65,0,16.99,0
03/01/2026,14:41:00,0.389,0.032,238.91,1.91,0,0,0.96,5.53
03/01/2026,14:42:00,3.021,0.324,243.57,12.47,0,0,1.97,48.37
03/01/2026,14:43:00,1.473,0.135,235.81,6.44,0,0.86,6.41,17.27
03/01/2026,14:44:00,0.976,0.154,244.02,3.87,4.26,0,2,10.01
03/01/2026,14:45:00,1.807,0.257,240.43,7.29,0,0,2.56,27.55
03/01/2026,14:46:00,0.555,0.064,242.34,2.22,20.82,12.19,13.88,0
03/01/2026,14:47:00,0.534,0.111,242.5,2.41,0,0,4.64,4.26
03/01/2026,14:48:00,0.685,0.047,242.79,3.25,0,0,2.44,8.98
03/01/2026,14:49:00,3.514,0.861,240.07,14.74,0,3.02,9,46.55
03/01/2026,14:50:00,3.292,0.241,240.16,13.45,0,1.04,0.44,53.4
03/01/2026,14:51:00,0.307,0.063,242.68,1.07,0,0,4.98,0.14
03/01/2026,14:52:00,5.117,0.633,236.88,21.3,0,0,0.63,84.65
03/01/2026,14:53:00,1.36,0.303,236.42,5.72,2.15,0,1.17,19.34
03/01/2026,14:54:00,2.038,0.132,238.61,8.49,0,0,0.39,33.59
03/01/2026,14:55:00,0.661,0.083,240.86,2.72,0,0.49,13.92,0
03/01/2026,14:56:00,1.428,0.167,245.76,5.59,0,0,0.3,23.5
03/01/2026,14:57:00,0.386,0.096,240.14,1.37,0,0,4.36,2.08
03/01/2026,14:58:00,0.611,0.151,246,2.5,0,6.56,1.53,2.09
03/01/2026,14:59:00,2.823,0.248,241.55,11.78,7.5,0,2.9,36.64
03/01/2026,15:00:00,2.876,0.506,238.64,11.82,0,0,4.08,43.85
03/01/2026,15:01:00,2.12,0.333,243.44,8.8,10.78,0,3.59,20.96
03/01/2026,15:02:00,0.914,0.074,239.27,4.01,0,0,8.27,6.96
03/01/2026,15:03:00,0.3,0.025,240.75,0.78,0,4.42,14.57,0
03/01/2026,15:04:00,3.851,0.955,235.99,16.64,0,4.4,2.14,57.64
03/01/2026,15:05:00,3.05,0.429,235.47,13.09,0,0,0.15,50.68
03/01/2026,15:06:00,0.113,0.009,241.66,0.66,0,0.01,13.46,0
03/01/2026,15:07:00,2.917,0.271,243.31,11.78,0,0,23.12,25.49
03/01/2026,15:08:00,0.975,0.101,245.84,4.12,24.24,12.54,3.41,0
03/01/2026,15:09:00,2.522,0.384,237.57,10.8,9.47,0,3.65,28.92
03/01/2026,15:10:00,0.23,0.027,244.39,0.81,0,0.57,0.93,2.34
03/01/2026,15:11:00,0.7,0.099,243.94,3.03,15.28,0,3.87,0
03/01/2026,15:12:00,1.526,0.127,238.53,6.37,0,0,2.17,23.27
03/01/2026,15:13:00,5.288,0.61,244.16,21.53,0,0,31.09,57.05
03/01/2026,15:14:00,1.53,0.098,242.83,6.26,11.3,0,1.23,12.97
03/01/2026,15:15:00,3.403,0.776,243.43,14.02,0,4.98,2.85,48.89
03/01/2026,15:16:00,1.723,0.155,246.5,6.93,0.2,0,5.75,22.76
03/01/2026,15:17:00,1.668,0.336,243.3,6.7,0,0,2.54,25.27
03/01/2026,15:18:00,2.219,0.266,233.59,9.58,0,4.32,3.86,28.8
03/01/2026,15:19:00,1.326,0.192,240.97,5.61,0,0,21.78,0.31
03/01/2026,15:20:00,2.768,0.3,235.3,11.79,12.24,0,4.26,29.63
03/01/2026,15:21:00,0.423,0.08,240.45,1.44,0,0,14.47,0
03/01/2026,15:22:00,1.334,0.292,240.28,5.44,0,0,0.26,21.97
03/01/2026,15:23:00,5.628,0.604,238.25,23.45,0,0,0.77,93.04
03/01/2026,15:24:00,3.516,0.346,236.92,15.19,0,0,17.35,41.25
03/01/2026,15:25:00,1.859,0.346,238.41,7.82,0,0,0.83,30.15
03/01/2026,15:26:00,3.142,0.28,238.99,13.09,12.81,0,8,31.56
03/01/2026,15:27:00,4.552,0.81,239.6,18.89,0.43,1.76,3.54,70.13
03/01/2026,15:28:00,0.088,0.006,240.32,0.34,2.06,0,3.13,0
03/01/2026,15:29:00,1.071,0.186,241.76,4.58,7.19,0,6.46,4.2
03/01/2026,15:30:00,0.697,0.106,239.06,2.55,7.5,0,7.8,0
03/01/2026,15:31:00,0.255,0.019,243.84,1.09,6.47,0,16.13,0
03/01/2026,15:32:00,6.236,1.121,239.89,25.89,0,0,1.78,102.15
03/01/2026,15:33:00,2.309,0.322,242.77,9.6,0,0,7.19,31.3
03/01/2026,15:34:00,3.054,0.285,239.09,12.94,13.76,4.09,2.51,30.54
03/01/2026,15:35:00,0.731,0.088,248.23,2.81,0,2.29,7.59,2.31
03/01/2026,15:36:00,1.048,0.156,241.4,4.07,0.41,0,0.92,16.14
03/01/2026,15:37:00,1.393,0.095,244.91,5.63,0,0,3.67,19.55
03/01/2026,15:38:00,1.983,0.479,237.92,8.59,5.13,0,1.22,26.71
03/01/2026,15:39:00,2.684,0.492,238.66,11.41,0,0,2.46,42.28
03/01/2026,15:40:00,2.546,0.179,239.24,10.57,0,16.62,7.54,18.27
03/01/2026,15:41:00,1.118,0.24,247.42,4.39,0,0,1.59,17.05
03/01/2026,15:42:00,4.689,0.537,239.36,19.48,0,0,6.93,71.23
03/01/2026,15:43:00,3.989,0.676,237.53,16.53,0.26,0,4.11,62.12
03/01/2026,15:44:00,1.813,0.191,243.9,7.59,0,0,0.58,29.63
03/01/2026,15:45:00,1.442,0.284,240.18,6.2,1.51,0,2.93,19.59
03/01/2026,15:46:00,1.036,0.202,239.35,4.25,0,0,12.2,5.07
03/01/2026,15:47:00,1.993,0.32,238.17,8.27,2.12,0,27.22,3.87
03/01/2026,15:48:00,3.827,0.376,241.47,15.71,0,0,2.76,61.02
03/01/2026,15:49:00,1.473,0.148,243.19,5.97,0,1.96,0.34,22.25
03/01/2026,15:50:00,0.795,0.101,242.36,3.13,0,0,0.84,12.42
03/01/2026,15:51:00,1.443,0.114,238.56,6.02,9.76,0,9.31,4.97
03/01/2026,15:52:00,1.842,0.217,237.04,7.93,0,0,6.4,24.3
03/01/2026,15:53:00,0.388,0.073,227.94,1.84,0,0,2.01,4.46
03/01/2026,15:54:00,0.272,0.059,237.16,0.98,0,0,2.98,1.55
03/01/2026,15:55:00,0.818,0.095,238.88,3.45,0,1.08,10,2.54
03/01/2026,15:56:00,4.682,0.453,239.82,19.65,3.04,0,3.2,71.79
03/01/2026,15:57:00,3.661,0.793,239.19,15.12,0,2.03,8.46,50.53
03/01/2026,15:58:00,0.191,0.044,248.4,0.8,0,0,2.1,1.09
03/01/2026,15:59:00,0.506,0.067,241.47,2.34,8.26,0,7.74,0
03/01/2026,16:00:00,2.647,0.147,236.29,11.15,0,0,3.77,40.34
03/01/2026,16:01:00,0.929,0.176,241.97,3.44,10.97,0,4.73,0
03/01/2026,16:02:00,2.086,0.431,241.17,8.15,0,0,5.48,29.29
03/01/2026,16:03:00,0.209,0.011,236.85,0.94,1.27,0,3.59,0
03/01/2026,16:04:00,1.416,0.239,240.87,5.9,0,0,3.77,19.83
03/01/2026,16:05:00,1.283,0.215,241.59,5.35,10.14,0,1.85,9.39
03/01/2026,16:06:00,3.066,0.386,243.07,12.71,0,0,25.51,25.59
03/01/2026,16:07:00,1.983,0.397,234.67,8.16,0,0,14.17,18.88
03/01/2026,16:08:00,1.594,0.216,241.94,6.43,0,1.46,4.5,20.6
03/01/2026,16:09:00,0.143,0.026,244.23,0.67,0,7.2,0.21,0
03/01/2026,16:10:00,5.764,0.884,245.66,23.61,0,0,1.11,94.96
03/01/2026,16:11:00,2.493,0.248,236.32,10.5,0,1.13,11.54,28.87
03/01/2026,16:12:00,0.666,0.114,239.56,2.49,3.62,0,16.03,0
03/01/2026,16:13:00,1.557,0.307,239.85,6.56,0,0,1.06,24.9
03/01/2026,16:14:00,0.959,0.235,242.03,3.97,0,0,7.96,8.02
03/01/2026,16:15:00,1.15,0.145,239.51,4.59,0,0,5.85,13.31
03/01/2026,16:16:00,3.617,0.227,237.85,14.81,0,0,2.17,58.11
03/01/2026,16:17:00,0.503,0.125,240.65,2.2,0,0,3.44,4.95
03/01/2026,16:18:00,2.579,0.451,238.99,10.67,1.22,0,6.79,34.98
03/01/2026,16:19:00,3.737,0.894,241.69,15.5,9.39,0,0.64,52.25
03/01/2026,16:20:00,2.256,0.16,237.57,9.53,0,0,1.26,36.35
03/01/2026,16:21:00,1.207,0.143,236.93,4.86,0,1.08,0.2,18.83
03/01/2026,16:22:00,0.613,0.047,243.95,2.6,0,0,13.95,0
03/01/2026,16:23:00,0.714,0.155,246.82,2.72,0,2.93,5.12,3.84
03/01/2026,16:24:00,1.587,0.359,245.47,6.16,0,0,4.45,22
03/01/2026,16:25:00,1.47,0.221,239.78,5.81,31.7,0,7.35,0
03/01/2026,16:26:00,2.848,0.249,243.17,11.71,0,0,26.71,20.75
03/01/2026,16:27:00,0.232,0.017,237.94,1.29,6.09,0,1.13,0
03/01/2026,16:28:00,3.581,0.6,241.52,14.84,0,0,0.86,58.83
03/01/2026,16:29:00,8.673,1.312,238.25,36.76,0,0,2.1,142.45
03/01/2026,16:30:00,1.319,0.249,243.77,5.7,10.46,0,14.06,0
03/01/2026,16:31:00,1.134,0.126,243.37,4.76,0,0,3.18,15.72
03/01/2026,16:32:00,1.241,0.162,246.23,5.36,0,0,9.46,11.22
03/01/2026,16:33:00,1.537,0.083,239.31,6.72,0,0,1.36,24.26
03/01/2026,16:34:00,1.048,0.18,244.74,4.52,0,0,4.08,13.39
03/01/2026,16:35:00,0.092,0.012,241.52,0.2,0,0,0.82,0.71
03/01/2026,16:36:00,1.215,0.284,240.23,5.01,0,0,3.2,17.06
03/01/2026,16:37:00,1.623,0.289,241.01,6.59,0,0,1.83,25.22
03/01/2026,16:38:00,3.887,0.504,245.09,16.09,19.73,0,4.78,40.28
03/01/2026,16:39:00,0.495,0.051,239.6,2.01,0,0,9.1,0
03/01/2026,16:40:00,5.124,1.184,239.76,21.72,0,0,16.72,68.67
03/01/2026,16:41:00,0.978,0.052,233.8,4.2,0,0,2,14.3
03/01/2026,16:42:00,0.569,0.066,239.56,2.37,0,0,8.16,1.32
03/01/2026,16:43:00,2.493,0.595,240.79,10.28,0,0,13.01,28.54
03/01/2026,16:44:00,0.867,0.157,237.71,3.61,0,0,0.8,13.66
03/01/2026,16:45:00,1.343,0.21,236.98,5.72,0,0,5.29,17.09
03/01/2026,16:46:00,1.43,0.13,234.45,6.09,0,1.67,5.68,16.49
03/01/2026,16:47:00,2.376,0.515,238.25,9.88,4.17,6.5,1.91,27.02
03/01/2026,16:48:00,1.306,0.119,244.26,5.26,0.38,0,0.14,21.25
03/01/2026,16:49:00,1.174,0.117,235.55,5.35,0,0,1.78,17.79
03/01/2026,16:50:00,0.952,0.084,242.37,4.33,0,0,5.27,10.6
03/01/2026,16:51:00,2.181,0.178,242.64,8.9,0,0,1.31,35.04
03/01/2026,16:52:00,0.821,0.198,247.36,3.49,0,0,2.03,11.65
03/01/2026,16:53:00,3.988,0.68,243.12,16.24,0,0.06,7.38,59.03
03/01/2026,16:54:00,1.445,0.257,242.86,5.88,0.98,0,3.05,20.05
03/01/2026,16:55:00,0.156,0.038,241.1,0.43,0,0,0.41,2.2
03/01/2026,16:56:00,1.841,0.177,240,7.87,6.7,0,3.06,20.93
03/01/2026,16:57:00,2.112,0.108,242.56,8.8,0,0,50.24,0
03/01/2026,16:58:00,4.023,0.683,243.75,16.64,0,0,1.82,65.23
03/01/2026,16:59:00,0.645,0.098,240.51,2.86,0,6.22,1.85,2.68
03/01/2026,17:00:00,0.543,0.079,243.88,2.05,1.75,0,1.12,6.19
03/01/2026,17:01:00,2.442,0.152,248.65,9.76,0,1.13,1.9,37.67
03/01/2026,17:02:00,3.525,0.497,240.21,14.76,0,0,5.13,53.61
03/01/2026,17:03:00,0.617,0.066,240.3,2.5,0,0,20.05,0
03/01/2026,17:04:00,1.783,0.187,239.72,7.45,3.05,0,5.61,21.06
03/01/2026,17:05:00,1.327,0.125,240.4,5.36,1.33,0,3.16,17.62
03/01/2026,17:06:00,0.641,0.075,243.67,2.9,0,0,2.96,7.73
03/01/2026,17:07:00,1.255,0.151,240.26,5.41,0,0,0.15,20.77
03/01/2026,17:08:00,3.33,0.372,240.57,14.09,4.55,0,0.02,50.94
03/01/2026,17:09:00,1.451,0.356,239.25,6.19,4.63,0,9.57,9.97
03/01/2026,17:10:00,1.193,0.282,241.47,4.72,0,0,4.04,15.84
03/01/2026,17:11:00,2.337,0.385,238.49,9.7,6.59,0,0.2,32.16
03/01/2026,17:12:00,3.571,0.879,236.32,14.97,0,0,2.02,57.5
03/01/2026,17:13:00,0.485,0.12,241.34,1.96,0,0,2.65,5.43
03/01/2026,17:14:00,1.848,0.224,245.94,7.73,0,0,9.18,21.63
03/01/2026,17:15:00,0.984,0.137,239.13,3.82,0,0,3.42,12.99
03/01/2026,17:16:00,1.457,0.352,236.88,6.03,3.31,0,9.34,11.62
03/01/2026,17:17:00,2.492,0.428,245.75,10.06,0,0,6.03,35.51
03/01/2026,17:18:00,1.064,0.099,240.14,4.17,0,0,0.2,17.53
03/01/2026,17:19:00,1.297,0.244,242.83,5.38,0,0,20.78,0.82
03/01/2026,17:20:00,3.118,0.284,237.81,13.04,16.57,0,1.2,34.19
03/01/2026,17:21:00,2.068,0.244,240.03,8.84,0,0,1.93,32.54
03/01/2026,17:22:00,1.269,0.121,244.2,5.14,0,0,9.94,11.21
03/01/2026,17:23:00,1.589,0.157,240.39,6.7,0.04,0.18,1.26,25
03/01/2026,17:24:00,1.486,0.076,240.43,6.2,1.7,0,3.08,19.99
03/01/2026,17:25:00,0.138,0.031,235.53,0.2,0.07,3.18,12.01,0
03/01/2026,17:26:00,1.613,0.176,242.36,6.37,0,0,6.08,20.8
03/01/2026,17:27:00,0.315,0.021,237.64,1.4,0,0,2.16,3.09
03/01/2026,17:28:00,3.493,0.235,243.36,14.42,0.2,0,6.2,51.82
03/01/2026,17:29:00,0.305,0.049,240.61,1.25,5.53,0,10.05,0
03/01/2026,17:30:00,0.936,0.233,240.87,4.15,0,0,3.1,12.5
03/01/2026,17:31:00,0.765,0.06,242.32,3.26,0,0,5.09,7.66
03/01/2026,17:32:00,4.538,0.317,241.13,19.13,9.06,0,26.5,40.07
03/01/2026,17:33:00,3.38,0.465,245.16,13.3,0,0,20.04,36.3
03/01/2026,17:34:00,0.037,0.006,244.68,0.5,0,0,4.27,0
03/01/2026,17:35:00,1.384,0.151,236.35,5.74,0,4.97,0.61,17.5
03/01/2026,17:36:00,0.392,0.043,239.49,1.64,0,1,7.24,0
03/01/2026,17:37:00,1.619,0.218,242.51,6.91,0,0,1.88,25.1
03/01/2026,17:38:00,2.446,0.276,237.17,9.89,0,0,6.64,34.12
03/01/2026,17:39:00,1.742,0.406,235.3,7.35,0,0,2.6,26.44
03/01/2026,17:40:00,2.569,0.15,237.72,11.01,4.12,0,7.61,31.09
03/01/2026,17:41:00,1.093,0.106,239.65,4.44,1.54,0,2.75,13.92
03/01/2026,17:42:00,1.791,0.379,227.81,8.05,5.15,0,17,7.7
03/01/2026,17:43:00,2.495,0.541,236.66,10.68,2.9,0,0.88,37.8
03/01/2026,17:44:00,0.9,0.065,234.66,3.87,0,5.43,0.43,9.15
03/01/2026,17:45:00,0.559,0.137,243.44,2.42,0,5.2,9.12,0
03/01/2026,17:46:00,0.721,0.136,242.79,3.23,0,0,3.08,8.94
03/01/2026,17:47:00,1.253,0.131,240.84,5.32,0,0,3.76,17.12
03/01/2026,17:48:00,1.42,0.2,240.3,6.09,0,0,16.29,7.37
03/01/2026,17:49:00,1.883,0.206,241.63,7.62,0,0,5.35,26.03
03/01/2026,17:50:00,0.646,0.052,237,2.84,0.86,4.96,6.48,0
03/01/2026,17:51:00,2.554,0.276,243.76,10.58,0,1.08,0.12,41.38
03/01/2026,17:52:00,5.331,0.885,240.28,22.41,0,0,6.66,82.19
03/01/2026,17:53:00,0.771,0.166,242.75,2.94,0,0,2.95,9.9
03/01/2026,17:54:00,7.591,0.931,242.63,31.5,0,0,3.7,122.82
03/01/2026,17:55:00,5.866,0.701,241.6,24.1,2.15,0,9.9,85.71
03/01/2026,17:56:00,1.415,0.203,240.94,6.34,0,0,4.45,19.14
03/01/2026,17:57:00,1.218,0.218,240.72,4.88,0,0,26,0
03/01/2026,17:58:00,0.71,0.142,239.81,2.73,1.77,0,9.56,0.5
03/01/2026,17:59:00,2.866,0.331,241.45,11.81,0,0.08,7.82,39.86
03/01/2026,18:00:00,1.504,0.252,240.62,6.46,0,11.25,5.33,8.48
03/01/2026,18:01:00,1.651,0.211,238.54,6.99,0,0,3.19,24.32
03/01/2026,18:02:00,0.573,0.111,241.83,2.71,2.16,0,0.33,7.07
03/01/2026,18:03:00,2.931,0.243,240.84,12.11,0,0,0.11,48.74
03/01/2026,18:04:00,1.127,0.114,243.63,4.53,4.53,0.44,0.29,13.53
03/01/2026,18:05:00,0.43,0.058,234.57,1.68,5.2,0,19.14,0
03/01/2026,18:06:00,1.315,0.3,240.11,5.37,0,0,2.34,19.57
03/01/2026,18:07:00,0.617,0.102,237.83,2.31,0,3.77,7.24,0
03/01/2026,18:08:00,4.027,0.979,238.45,16.76,6.87,9.05,5.41,45.79
03/01/2026,18:09:00,5.81,0.411,241.68,23.8,0,9.67,5.09,82.08
03/01/2026,18:10:00,1.35,0.192,235.69,5.87,3.49,7.05,5.19,6.77
03/01/2026,18:11:00,3.307,0.443,240.4,14.05,0,0,2.16,52.96
03/01/2026,18:12:00,3.243,0.552,240.09,13.55,0,8.39,13.06,32.61
03/01/2026,18:13:00,0.722,0.153,236.85,2.91,0,0,15.1,0
03/01/2026,18:14:00,1.564,0.342,240.47,6.65,0,0,6.21,19.87
03/01/2026,18:15:00,0.924,0.17,237.72,3.88,0,0,11.97,3.43
03/01/2026,18:16:00,0.662,0.118,246.59,2.89,0.48,0,0.37,10.19
03/01/2026,18:17:00,3.415,0.819,243.61,13.83,0,0,0.63,56.28
03/01/2026,18:18:00,0.888,0.112,240.2,3.52,24.15,2.33,4.91,0
03/01/2026,18:19:00,1.887,0.409,238.7,8.05,0,0,11.24,20.2
03/01/2026,18:20:00,3.186,0.746,241.51,13.19,0,1.79,2.27,49.03
03/01/2026,18:21:00,4.209,0.624,242.3,17.56,0.89,0,4.77,64.49
03/01/2026,18:22:00,0.432,0.085,240.76,1.62,1.14,0,0.06,6
03/01/2026,18:23:00,0.48,0.06,236.95,2.11,4.08,0,25.89,0
03/01/2026,18:24:00,1.711,0.14,239.37,7.26,2.15,0,8.74,17.62
03/01/2026,18:25:00,0.089,0.015,240.23,0.2,0,0,2.69,0
03/01/2026,18:26:00,0.509,0.045,240.87,2.11,2.74,7.81,24.45,0
03/01/2026,18:27:00,3.709,0.525,240.94,14.99,0,0,0.58,61.24
03/01/2026,18:28:00,2.395,0.538,242.19,10.18,0,0,3.74,36.18
03/01/2026,18:29:00,1.253,0.084,244.03,4.87,0,0,0.36,20.52
03/01/2026,18:30:00,2.11,0.118,243.04,8.64,1.94,0,2.45,30.78
03/01/2026,18:31:00,2.532,0.434,241.77,10.47,0,0.99,1.49,39.72
03/01/2026,18:32:00,0.267,0.031,236.23,0.94,0,0,2.28,2.16
03/01/2026,18:33:00,0.871,0.116,243.56,3.95,0,0,17.67,0
03/01/2026,18:34:00,4.099,0.538,242.46,16.77,0,0,3.34,64.98
03/01/2026,18:35:00,1.737,0.117,239.23,7.21,4.76,11.54,2.36,10.3
03/01/2026,18:36:00,1.828,0.093,240.09,7.48,0,0,6.14,24.33
03/01/2026,18:37:00,1.353,0.311,240.2,5.49,0,0,6.9,15.65
03/01/2026,18:38:00,0.14,0.013,238.69,0.56,0,0,24.72,0
03/01/2026,18:39:00,0.758,0.102,234.76,3.37,0,0.3,4.74,7.59
03/01/2026,18:40:00,2.005,0.49,236.65,8.5,0,0,8.38,25.03
03/01/2026,18:41:00,0.893,0.192,237.28,3.61,0,0,2.89,11.99
03/01/2026,18:42:00,0.452,0.032,234.1,1.93,0,0,1.13,6.4
03/01/2026,18:43:00,0.527,0.08,236.66,1.95,0,0,3.37,5.42
03/01/2026,18:44:00,4.163,0.816,243.42,17.34,3.61,0,3.26,62.52
03/01/2026,18:45:00,0.844,0.16,241.46,3.39,1.44,0,3.27,9.36
03/01/2026,18:46:00,3.551,0.718,237.09,14.89,0,0,7.13,52.06
03/01/2026,18:47:00,1.835,0.26,237.94,7.32,0,0,3.12,27.47
03/01/2026,18:48:00,1.121,0.096,243.69,4.5,9.2,0,18.5,0
03/01/2026,18:49:00,0.628,0.09,243.61,2.91,0,2.07,24.36,0
03/01/2026,18:50:00,2.448,0.44,240.21,10.31,0,0,4.45,36.36
03/01/2026,18:51:00,3.222,0.553,243.52,13.45,0,0,4.9,48.8
03/01/2026,18:52:00,2.643,0.169,237.7,11.14,4.24,0,3.14,36.66
03/01/2026,18:53:00,0.307,0.019,240.68,0.75,0,0,2.64,2.48
03/01/2026,18:54:00,0.842,0.205,235.58,3.59,0,0,25.33,0
03/01/2026,18:55:00,0.949,0.076,238.91,4.01,0,6.45,0.25,9.13
03/01/2026,18:56:00,0.097,0.011,240.08,0.58,0,0,3.17,0
03/01/2026,18:57:00,2.092,0.426,234.94,8.9,0,2.16,0.98,31.73
03/01/2026,18:58:00,2.347,0.31,241.78,9.55,0,0,7.77,31.35
03/01/2026,18:59:00,2.281,0.197,242.28,9.39,1.84,0,1.3,34.87
03/01/2026,19:00:00,1.98,0.284,243.03,8.08,0,0,12.96,20.05
03/01/2026,19:01:00,1.033,0.169,247,4.29,0,0,2.82,14.39
03/01/2026,19:02:00,0.601,0.084,241.25,2.47,0,0.05,14.94,0
03/01/2026,19:03:00,1.029,0.241,239.81,4.09,0,0,25.86,0
03/01/2026,19:04:00,1.848,0.198,235.19,7.97,1.57,0,8.85,20.38
03/01/2026,19:05:00,3.808,0.694,241.18,15.64,0,0.55,5.86,57.06
03/01/2026,19:06:00,1.504,0.109,241.68,6.16,0,0,0.97,24.08
03/01/2026,19:07:00,1.458,0.187,235.93,6.09,0,0,16.22,8.07
03/01/2026,19:08:00,0.114,0.023,239.28,0.52,0,0,9,0
03/01/2026,19:09:00,1.955,0.186,240.03,7.87,2.45,0,2.04,28.09
03/01/2026,19:10:00,4.021,0.675,241.59,16.65,0,0,3.79,63.22
03/01/2026,19:11:00,1.262,0.102,242.57,5.42,0,0,0.42,20.62
03/01/2026,19:12:00,1.175,0.083,238.39,4.95,0,0,6.46,13.12
03/01/2026,19:13:00,0.968,0.15,240.6,3.89,5.65,0,0.8,9.67
03/01/2026,19:14:00,2.516,0.466,241.72,10.34,0,0,6.33,35.61
03/01/2026,19:15:00,0.105,0.008,239.45,0.5,0,0,6.68,0
03/01/2026,19:16:00,3.554,0.83,238.74,15,0,0,2.35,56.88
03/01/2026,19:17:00,1.126,0.107,242.14,4.95,16.29,0,17.82,0
03/01/2026,19:18:00,1.985,0.147,239.47,7.96,0,3.03,9.06,21
03/01/2026,19:19:00,2.678,0.242,236.41,11.38,0,0,4.12,40.51
03/01/2026,19:20:00,0.52,0.044,244.12,2.17,0,0,15.05,0
03/01/2026,19:21:00,1.374,0.094,236.74,5.79,0,2.4,11.62,8.88
03/01/2026,19:22:00,1.103,0.231,239.72,4.67,0,0,7.07,11.31
03/01/2026,19:23:00,0.384,0.057,240.97,1.55,0,0,1,5.41
03/01/2026,19:24:00,3.203,0.409,241.37,13.07,0,0,4.12,49.25
03/01/2026,19:25:00,1.018,0.244,240.51,4.28,0,1.65,11.99,3.33
03/01/2026,19:26:00,0.365,0.045,231.17,1.71,0,2.89,5.63,0
03/01/2026,19:27:00,1.452,0.121,237.89,6.09,0,0,4.73,19.47
03/01/2026,19:28:00,0.247,0.026,240.89,1.24,0,0,18.64,0
03/01/2026,19:29:00,0.893,0.087,239.67,3.68,1.86,5.68,0.1,7.24
03/01/2026,19:30:00,1.817,0.272,241.53,7.61,0,0,0.07,30.2
03/01/2026,19:31:00,0.212,0.023,243.06,0.55,0,0,13.4,0
03/01/2026,19:32:00,2.387,0.366,241.52,10.33,0.95,0,0.24,38.6
03/01/2026,19:33:00,1.522,0.28,237.81,6.35,0,0,2.43,22.93
03/01/2026,19:34:00,2.69,0.553,238.38,11.19,0,0,15.46,29.37
03/01/2026,19:35:00,2.666,0.512,244.89,10.83,0,0,7.05,37.39
03/01/2026,19:36:00,0.862,0.079,239.46,3.41,0,0,6.27,8.1
03/01/2026,19:37:00,0.886,0.065,239.71,3.46,0,0,6.42,8.35
03/01/2026,19:38:00,2.111,0.335,241.53,8.75,0,0,2.29,32.89
03/01/2026,19:39:00,0.429,0.039,243.71,1.78,0,0,4.54,2.61
03/01/2026,19:40:00,0.432,0.029,237.3,1.87,12,0,5.97,0
03/01/2026,19:41:00,0.743,0.115,238.51,3.11,0,0.7,2.19,9.49
03/01/2026,19:42:00,0.279,0.032,235.19,1.17,2.05,0,9.52,0
03/01/2026,19:43:00,0.359,0.072,239.11,1.26,8.57,0,2.33,0
03/01/2026,19:44:00,0.375,0.042,241.7,1.45,0,0,0.44,5.8
03/01/2026,19:45:00,1.022,0.251,238.91,4.31,0.41,0,1.35,15.27
03/01/2026,19:46:00,0.976,0.197,245.28,3.87,0,0,3.15,13.12
03/01/2026,19:47:00,3.024,0.186,240.35,12.64,0,0,14.32,36.07
03/01/2026,19:48:00,1.04,0.158,239.69,4.31,13.54,0.46,3.22,0.11
03/01/2026,19:49:00,1.28,0.208,238.94,5.33,0,0,0.56,20.77
03/01/2026,19:50:00,0.041,0.008,235.92,0.21,0,0,1.31,0
03/01/2026,19:51:00,1.669,0.25,239.73,7.06,0,0,4.72,23.1
03/01/2026,19:52:00,1.128,0.165,241.08,4.82,0,0.46,1.17,17.16
03/01/2026,19:53:00,1.819,0.225,239.65,7.99,0,0,0.4,29.92
03/01/2026,19:54:00,0.793,0.083,240.69,3.47,0,0,7.53,5.7
03/01/2026,19:55:00,1.033,0.247,237.99,4.05,0,9.6,9.2,0
03/01/2026,19:56:00,3.673,0.417,236.27,15.33,0,0,11.41,49.81
03/01/2026,19:57:00,2.087,0.131,239.68,8.65,0,0,11.14,23.63
03/01/2026,19:58:00,1.085,0.091,240.66,4.35,0,0,2.86,15.21
03/01/2026,19:59:00,0.617,0.137,239.49,2.66,0,0,7.96,2.33
03/01/2026,20:00:00,0.427,0.071,240.61,1.87,0,0,5.26,1.86
03/01/2026,20:01:00,0.847,0.174,242.33,3.4,0,0,0.14,13.97
03/01/2026,20:02:00,1.18,0.25,242.32,5.11,3.36,0,3.08,13.22
03/01/2026,20:03:00,5.039,1.082,242.57,21.07,0,0,0.33,83.66
03/01/2026,20:04:00,1.564,0.25,243.02,6.07,0,0,0.52,25.54
03/01/2026,20:05:00,0.701,0.06,241.49,2.62,1.92,0,0.35,9.42
03/01/2026,20:06:00,0.041,0.003,241.07,0.39,0,0,19.46,0
03/01/2026,20:07:00,0.598,0.099,245.83,2.61,0,0,11.16,0
03/01/2026,20:08:00,0.848,0.105,242.35,3.6,0,0.03,3.47,10.63
03/01/2026,20:09:00,1.701,0.275,237.46,7.16,0,0,1.71,26.64
03/01/2026,20:10:00,0.88,0.132,234.41,3.73,0,0,0.45,14.21
03/01/2026,20:11:00,5.216,0.889,239.28,21.9,2.3,13.38,3.39,67.87
03/01/2026,20:12:00,1.103,0.062,241.87,4.6,0,0,5.5,12.88
03/01/2026,20:13:00,3.105,0.176,242.88,13.05,0,0,9.57,42.18
03/01/2026,20:14:00,0.186,0.036,236.25,0.65,2.09,0,0.32,0.7
03/01/2026,20:15:00,1.307,0.116,242.19,5.4,0,0,3.25,18.54
03/01/2026,20:16:00,0.605,0.109,243.4,2.66,0,0.15,22.6,0
03/01/2026,20:17:00,3.173,0.505,241.83,13.15,0,0,0.77,52.11
03/01/2026,20:18:00,0.94,0.231,241.25,4.03,0,0.71,3.07,11.88
03/01/2026,20:19:00,3.753,0.815,239.6,15.79,4.84,0,1.93,55.77
03/01/2026,20:20:00,2.361,0.313,238.62,9.81,0,0,0.86,38.49
03/01/2026,20:21:00,0.82,0.142,242.36,3.18,0.42,1.83,10.96,0.47
03/01/2026,20:22:00,0.417,0.031,241.75,1.58,0,4.01,7.17,0
03/01/2026,20:23:00,0.646,0.082,239.02,2.49,2.27,5.78,3.18,0
03/01/2026,20:24:00,1.034,0.204,247.63,3.81,0,0,2.76,14.48
03/01/2026,20:25:00,2.349,0.41,235.47,10.19,1.77,0,10.55,26.83
03/01/2026,20:26:00,1.349,0.198,239.3,5.26,0,0,0.57,21.91
03/01/2026,20:27:00,2.704,0.231,237.69,11.75,12.4,0,0.95,31.71
03/01/2026,20:28:00,3.978,0.838,241.15,16.39,0,0,14.22,52.07
03/01/2026,20:29:00,1.415,0.148,234.15,5.99,0,0,10.2,13.39
03/01/2026,20:30:00,0.475,0.102,243.81,1.64,0,0,8.95,0
03/01/2026,20:31:00,1.892,0.326,243.02,7.86,0,0,5.87,25.66
03/01/2026,20:32:00,5.645,0.703,240.8,23.39,0,0,2.08,92.01
03/01/2026,20:33:00,2.827,0.164,239.07,11.84,0,0.35,16.38,30.39
03/01/2026,20:34:00,1.771,0.171,242.15,7.16,0,0,4.06,25.46
03/01/2026,20:35:00,0.549,0.125,240.99,2.38,7.54,0,1.98,0
03/01/2026,20:36:00,1.141,0.244,242.86,4.53,0,0,2.73,16.29
03/01/2026,20:37:00,0.205,0.034,239.63,0.87,0,0,0.1,3.31
03/01/2026,20:38:00,0.388,0.056,239.46,1.71,0,0,1.77,4.69
03/01/2026,20:39:00,1.925,0.345,243.23,8.21,0,0,1.25,30.84
03/01/2026,20:40:00,0.144,0.021,241.9,0.76,1.74,0,0.87,0
03/01/2026,20:41:00,0.985,0.176,239.48,4.13,0,0,0.2,16.22
03/01/2026,20:42:00,0.337,0.038,241.1,1.4,0,0,1.54,4.07
03/01/2026,20:43:00,0.412,0.09,240.55,1.77,0,0,0.66,6.2
03/01/2026,20:44:00,1.439,0.274,241.4,6.11,0,0.71,0.28,23
03/01/2026,20:45:00,0.647,0.075,243.81,2.51,0,0,0.89,9.9
03/01/2026,20:46:00,0.257,0.056,238.95,1.26,0,0,1.36,2.92
03/01/2026,20:47:00,0.791,0.117,238.07,3.13,0,1.16,3.23,8.79
03/01/2026,20:48:00,0.245,0.021,240.82,1.11,0,0,5.26,0
03/01/2026,20:49:00,3.576,0.234,238.39,15.11,0,0,2.33,57.27
03/01/2026,20:50:00,2.455,0.466,237.27,10.21,0,0.56,0.91,39.45
03/01/2026,20:51:00,2.446,0.546,242.98,9.76,0,0,16.91,23.86
03/01/2026,20:52:00,0.581,0.123,239.14,2.38,5.68,4.67,4.34,0
03/01/2026,20:53:00,1.979,0.358,234.4,7.92,6.81,2.56,8.13,15.49
03/01/2026,20:54:00,1.632,0.128,242.54,6.69,1.07,0,7.11,19.01
03/01/2026,20:55:00,0.631,0.043,238.69,2.4,9.08,0,2.01,0
03/01/2026,20:56:00,1.272,0.151,241.73,5.88,0,0,4.92,16.27
03/01/2026,20:57:00,0.191,0.042,243.25,1,0,0,5.53,0
03/01/2026,20:58:00,0.431,0.104,240.57,1.81,0,4.41,2.6,0.17
03/01/2026,20:59:00,1.24,0.122,233.89,5.57,0,0,6.67,13.99
03/01/2026,21:00:00,0.838,0.17,234.11,3.72,1.82,0,9.38,2.77
03/01/2026,21:01:00,1.835,0.302,237.98,7.48,0,0,2.72,27.86
03/01/2026,21:02:00,0.65,0.037,239.83,2.59,0,0,0.09,10.74
03/01/2026,21:03:00,0.968,0.153,243.6,4.18,0,0,2.58,13.55
03/01/2026,21:04:00,1.338,0.282,240.87,5.36,0,0,0.75,21.55
03/01/2026,21:05:00,0.592,0.062,247.85,2.47,0,0,1.01,8.86
03/01/2026,21:06:00,0.951,0.218,235.53,4.17,0,0,2.73,13.12
03/01/2026,21:07:00,1.622,0.158,240.36,6.7,12.39,0,1.4,13.24
03/01/2026,21:08:00,4.369,0.285,238.66,18.34,0,0,16.39,56.43
03/01/2026,21:09:00,0.596,0.049,240.7,2.64,0,0,6.35,3.59
03/01/2026,21:10:00,0.842,0.183,245.26,3.59,0,0,4.38,9.66
03/01/2026,21:11:00,2.805,0.374,245.44,11.52,0,0,0.06,46.68
03/01/2026,21:12:00,3.369,0.705,240.16,14.02,0,0,0.66,55.49
03/01/2026,21:13:00,2.139,0.334,242.58,8.94,0,0,9.32,26.34
03/01/2026,21:14:00,3.302,0.482,240.65,13.32,0,0,2.96,52.07
03/01/2026,21:15:00,0.56,0.118,236.77,2.66,0,0,0.28,9.05
03/01/2026,21:16:00,3.061,0.412,240.04,12.73,0,0,10.48,40.54
03/01/2026,21:17:00,2.526,0.531,238.48,10.44,0,0,2.16,39.93
03/01/2026,21:18:00,0.405,0.028,239.81,1.81,7.47,0,2.93,0
03/01/2026,21:19:00,0.982,0.174,237.44,4.25,0,1.73,21.98,0
03/01/2026,21:20:00,0.066,0.013,240.47,0.2,0,0,0.09,1.01
03/01/2026,21:21:00,1.519,0.349,240.92,6.32,8.19,0,7.67,9.46
03/01/2026,21:22:00,3.017,0.286,242.11,12.47,0,2.37,17.84,30.08
03/01/2026,21:23:00,0.799,0.137,240.93,3.31,0,0,0.4,12.92
03/01/2026,21:24:00,0.464,0.063,244.9,2.22,0,4.01,12.06,0
03/01/2026,21:25:00,0.427,0.054,246.58,1.73,1.48,0,3.23,2.41
03/01/2026,21:26:00,1.319,0.094,238.79,5.5,8.88,0,12.62,0.49
03/01/2026,21:27:00,2.124,0.163,242.91,8.61,0,0,2.21,33.18
03/01/2026,21:28:00,4.439,0.965,246.34,17.85,0,0,24.33,49.65
03/01/2026,21:29:00,4.038,0.807,242.99,16.7,0,8.7,6.25,52.36
03/01/2026,21:30:00,1.592,0.201,242.15,6.48,0.21,0,5.92,20.41
03/01/2026,21:31:00,2.906,0.627,234.53,12.35,0,0,9.84,38.6
03/01/2026,21:32:00,2.408,0.159,238.33,10.14,6.56,0,3.44,30.12
03/01/2026,21:33:00,1.395,0.244,238.76,5.85,0,0,1.8,21.45
03/01/2026,21:34:00,1.347,0.301,244.16,5.54,0,0,1.83,20.62
03/01/2026,21:35:00,1.88,0.409,237.81,7.93,0,0,2.41,28.92
03/01/2026,21:36:00,1.057,0.132,239.74,4.53,3.85,0,5.76,8
03/01/2026,21:37:00,1.14,0.227,242.52,5.23,0,0,10.94,8.06
03/01/2026,21:38:00,0.619,0.084,237.67,2.85,0,0,4.15,6.17
03/01/2026,21:39:00,0.817,0.178,240.84,3.32,0,0,3.1,10.52
03/01/2026,21:40:00,5.262,0.822,240.45,22.13,0,0,9.47,78.22
03/01/2026,21:41:00,1.029,0.209,242.63,4.03,1.26,0,2.05,13.83
03/01/2026,21:42:00,0.792,0.052,241.98,3.16,0,0,7.01,6.19
03/01/2026,21:43:00,0.821,0.138,241.88,3.54,0,0,0.67,13.01
03/01/2026,21:44:00,1.154,0.185,240.6,4.93,0,0.69,0.72,17.83
03/01/2026,21:45:00,4.821,0.829,234.97,20.64,0,0,6.2,74.15
03/01/2026,21:46:00,4.689,0.887,240.42,19.39,16.06,19.2,0.52,42.38
03/01/2026,21:47:00,2.926,0.684,240.17,12.07,0,0,1.01,47.75
03/01/2026,21:48:00,0.386,0.08,242.3,1.62,6.34,0,5.87,0
03/01/2026,21:49:00,2.894,0.272,238.73,12.07,0,0,3.46,44.77
03/01/2026,21:50:00,1.162,0.25,240.13,5.02,0,0,4.94,14.42
03/01/2026,21:51:00,2.234,0.166,240.22,9.25,0,0,22.62,14.62
03/01/2026,21:52:00,0.651,0.114,237.86,2.68,1.74,0,6,3.12
03/01/2026,21:53:00,2.525,0.572,236.54,10.35,0,0,5.36,36.71
03/01/2026,21:54:00,2.621,0.184,241.15,11.04,0,0,2.87,40.82
03/01/2026,21:55:00,1.581,0.348,243.02,6.57,8.08,0,5.98,12.28
03/01/2026,21:56:00,2.289,0.48,238.13,9.16,2.84,0.85,0.08,34.39
03/01/2026,21:57:00,2.24,0.338,239.35,9.45,0,0,4.89,32.44
03/01/2026,21:58:00,0.707,0.079,242.49,2.84,0,0,0.43,11.35
03/01/2026,21:59:00,4.012,0.526,242.78,16.68,0,0,1.49,65.37
03/01/2026,22:00:00,0.979,0.239,240.69,4.05,0,0,4.97,11.34
03/01/2026,22:01:00,0.2,0.018,241.24,0.67,0,0,6.61,0
03/01/2026,22:02:00,3.913,0.649,241.6,16.54,0.79,0,2.91,61.52
03/01/2026,22:03:00,1.491,0.099,242.13,6.47,0,0,3.26,21.6
03/01/2026,22:04:00,2.541,0.238,236.79,10.69,0,0,4.14,38.21
03/01/2026,22:05:00,1.414,0.287,245.75,5.83,4.2,0,8.54,10.83
03/01/2026,22:06:00,0.224,0.025,240.82,0.84,0,1.11,0.11,2.51
03/01/2026,22:07:00,0.999,0.247,242.19,3.78,0,0,3.56,13.1
03/01/2026,22:08:00,1.416,0.213,237.71,6.22,1.35,0.82,0.09,21.35
03/01/2026,22:09:00,2.622,0.402,239.44,10.79,7.31,0.57,2.31,33.52
03/01/2026,22:10:00,1.575,0.09,241.13,6.78,0,4,4.4,17.84
03/01/2026,22:11:00,0.997,0.241,234.59,4.39,0,0,0.5,16.12
03/01/2026,22:12:00,1.066,0.09,237.3,4.55,0,0,3.98,13.78
03/01/2026,22:13:00,2.481,0.391,237.82,10.42,0,0,15.51,25.85
03/01/2026,22:14:00,2.767,0.357,236.16,11.86,0,0.27,6.94,38.9
03/01/2026,22:15:00,0.462,0.061,240.32,1.74,0,0,9.15,0
03/01/2026,22:16:00,1.516,0.271,239.78,6.59,2.66,0,5.21,17.39
03/01/2026,22:17:00,2.708,0.494,244.27,11.11,3.22,5.39,13.6,22.92
03/01/2026,22:18:00,4.763,0.385,236.64,20.43,1.14,7.44,0.95,69.86
03/01/2026,22:19:00,3.852,0.577,240.7,15.98,0,0,3.58,60.62
03/01/2026,22:20:00,0.256,0.053,237.36,1.11,0,0,5.45,0
03/01/2026,22:21:00,1.364,0.189,234.85,5.86,8.19,0,12.4,2.14
03/01/2026,22:22:00,0.248,0.021,241.76,1.14,1.52,0,2.21,0.4
03/01/2026,22:23:00,4.492,0.506,242.01,18.92,2.72,1.97,0.01,70.18
03/01/2026,22:24:00,1.687,0.156,241.66,6.89,4.05,4.86,21.99,0
03/01/2026,22:25:00,2.756,0.207,236.05,11.65,11.92,0,0.16,33.86
03/01/2026,22:26:00,0.52,0.065,240.25,2.16,0,0,0.99,7.67
03/01/2026,22:27:00,0.726,0.115,241.79,2.54,0,0,3.29,8.81
03/01/2026,22:28:00,1.901,0.123,242.86,7.72,0,0,4.12,27.57
03/01/2026,22:29:00,3.623,0.619,241.88,14.88,0,0,10.79,49.59
03/01/2026,22:30:00,0.135,0.034,242.9,1.08,0,0,3.56,0
03/01/2026,22:31:00,3.302,0.802,243.2,13.63,5.1,7.88,4.76,37.3
03/01/2026,22:32:00,1.703,0.368,240.31,7.18,0,3.09,1.34,23.95
03/01/2026,22:33:00,0.097,0.01,241.5,0.2,3.16,0,5.05,0
03/01/2026,22:34:00,2.495,0.136,243,10.26,0,0,2.57,39.02
03/01/2026,22:35:00,2.62,0.568,241.17,11.05,0,0,0.62,43.04
03/01/2026,22:36:00,1.449,0.089,243.6,6.45,1.32,0,17.56,5.27
03/01/2026,22:37:00,0.802,0.073,242.62,3.17,0,0,0.51,12.85
03/01/2026,22:38:00,0.572,0.091,238.1,2.04,0,0,6.8,2.74
03/01/2026,22:39:00,2.072,0.177,236.08,8.62,0,0,14.33,20.2
03/01/2026,22:40:00,0.29,0.063,240.06,1.05,12.68,0,1.18,0
03/01/2026,22:41:00,4.166,0.856,236.46,17.47,12.45,7.06,1.62,48.29
03/01/2026,22:42:00,0.582,0.117,240.25,2.6,1.31,0.71,3.34,4.34
03/01/2026,22:43:00,3.058,0.652,239.98,12.81,1.8,0,2.09,47.08
03/01/2026,22:44:00,2.558,0.24,243.9,10.26,0.88,0,8.54,33.21
03/01/2026,22:45:00,1.856,0.363,241.52,7.97,0,0,2.48,28.46
03/01/2026,22:46:00,3.246,0.393,242.93,13.74,0,0,25.54,28.56
03/01/2026,22:47:00,0.472,0.086,238.53,1.64,0,0,11.74,0
03/01/2026,22:48:00,3.085,0.23,244.59,12.85,0,0,13.54,37.88
03/01/2026,22:49:00,2.986,0.571,242.68,12.27,3.6,0,0.39,45.78
03/01/2026,22:50:00,2.996,0.732,241.28,12.23,0,0,1.16,48.77
03/01/2026,22:51:00,2.168,0.127,234.58,8.95,0,0,1.11,35.01
03/01/2026,22:52:00,0.453,0.031,243.54,1.77,0,0,6.69,0.86
03/01/2026,22:53:00,0.976,0.073,245.32,3.87,0,0,0.07,16.19
03/01/2026,22:54:00,3.332,0.454,240.03,13.91,0,0,9.85,45.68
03/01/2026,22:55:00,1.002,0.108,240.1,4.6,0,0,4.75,11.95
03/01/2026,22:56:00,0.463,0.098,238.45,1.84,1.81,0,5.01,0.89
03/01/2026,22:57:00,6.602,0.956,235.1,27.8,0,0,4.62,105.41
03/01/2026,22:58:00,0.156,0.023,238.31,0.59,10.61,7.48,4.6,0
03/01/2026,22:59:00,0.847,0.164,244.98,3.67,0,8.19,1.32,4.6
03/01/2026,23:00:00,2.416,0.296,243.24,9.88,0,0,2,38.27
03/01/2026,23:01:00,7.041,0.849,237.68,29.75,0,0,4.01,113.33
03/01/2026,23:02:00,1.134,0.228,238.26,4.79,0,0,6.8,12.11
03/01/2026,23:03:00,1.025,0.211,246.41,4.17,0,0,1.9,15.18
03/01/2026,23:04:00,1.313,0.069,236.94,5.86,0,2.61,9.84,9.43
03/01/2026,23:05:00,0.474,0.037,237.85,1.8,0,0,9.98,0
03/01/2026,23:06:00,0.318,0.029,238.71,1.12,4.98,0,1.92,0
03/01/2026,23:07:00,3.067,0.369,235.93,12.82,0,2.7,4.93,43.49
03/01/2026,23:08:00,1.516,0.164,238.39,6.43,0,0,2.57,22.7
03/01/2026,23:09:00,0.134,0.025,238.43,0.57,0,0,1.27,0.97
03/01/2026,23:10:00,0.445,0.096,237.29,2.02,0,0,9.84,0
03/01/2026,23:11:00,4.595,0.406,243.98,18.82,0,0,28.59,47.99
03/01/2026,23:12:00,3.785,0.615,236.5,15.96,3.51,0,5,54.56
03/01/2026,23:13:00,0.603,0.075,239.57,2.58,0,0,14.72,0
03/01/2026,23:14:00,2.116,0.32,237.37,9.26,1.73,0,6.17,27.38
03/01/2026,23:15:00,0.238,0.041,239.37,0.76,0,0,5,0
03/01/2026,23:16:00,0.856,0.196,237.23,3.42,0,0,3.93,10.33
03/01/2026,23:17:00,1.822,0.161,240.23,7.59,1.22,0.03,1.61,27.5
03/01/2026,23:18:00,0.88,0.059,240.96,4.06,0,0.34,0.53,13.8
03/01/2026,23:19:00,1.288,0.226,244.21,5.06,3.78,0,3.5,14.18
03/01/2026,23:20:00,0.684,0.088,238.23,2.87,0,0,4.94,6.45
03/01/2026,23:21:00,0.25,0.021,244.85,0.85,0,2.04,4.27,0
03/01/2026,23:22:00,3.854,0.283,237.58,16.3,0,17.01,7.14,40.08
03/01/2026,23:23:00,0.1,0.016,239.29,0.2,4.38,6.34,1.28,0
03/01/2026,23:24:00,2.385,0.263,245.29,9.52,0,0,2.62,37.13
03/01/2026,23:25:00,1.148,0.286,248.71,4.87,0,0,3.22,15.91
03/01/2026,23:26:00,3.906,0.512,245.06,15.94,0.93,0,1.24,62.93
03/01/2026,23:27:00,1.17,0.108,239.33,4.74,0,0,14.22,5.29
03/01/2026,23:28:00,1.617,0.284,241.54,6.69,0,0,6.87,20.09
03/01/2026,23:29:00,1.236,0.122,242.05,5.09,5.87,2.29,0.58,11.86
03/01/2026,23:30:00,2.286,0.34,241.04,9.59,0,0,7.49,30.61
03/01/2026,23:31:00,0.463,0.068,236.98,1.54,0,17.83,4.76,0
03/01/2026,23:32:00,0.832,0.117,240.7,3.25,5.13,0,4.45,4.29
03/01/2026,23:33:00,3.738,0.782,238.48,15.48,0,0,27.5,34.8
03/01/2026,23:34:00,2.492,0.233,237.09,10.64,0,0,5.78,35.76
03/01/2026,23:35:00,1.834,0.423,239.07,7.67,0,0,13.62,16.94
03/01/2026,23:36:00,1.622,0.338,240.95,7.02,1.08,0,14.69,11.27
03/01/2026,23:37:00,0.974,0.114,243,4.17,0,6.56,0.64,9.03
03/01/2026,23:38:00,1.111,0.096,239.24,4.57,0,2.19,0.05,16.27
03/01/2026,23:39:00,1.827,0.194,239.76,7.61,0,0,3.43,27.02
03/01/2026,23:40:00,2.649,0.309,242.41,11.19,0,0,8.8,35.35
03/01/2026,23:41:00,1.825,0.294,240.21,7.88,0,0,10.43,19.98
03/01/2026,23:42:00,2.6,0.154,241.14,10.76,0,0,9.29,34.03
03/01/2026,23:43:00,2.197,0.512,240.23,8.95,0,0.76,3.56,32.3
03/01/2026,23:44:00,0.959,0.067,240.61,3.56,0,0,8.32,7.66
03/01/2026,23:45:00,0.845,0.089,236.76,3.15,0,0,7.61,6.47
03/01/2026,23:46:00,0.285,0.02,240.37,1.28,0,0,2.26,2.49
03/01/2026,23:47:00,2.321,0.235,244.28,9.59,0,0,1.11,37.57
03/01/2026,23:48:00,2.941,0.64,240.51,12.09,0,0,5.83,43.19
03/01/2026,23:49:00,1.287,0.223,237.5,5.68,0,0,6.78,14.67
03/01/2026,23:50:00,0.361,0.034,244.43,1.43,0,0,5.04,0.97
03/01/2026,23:51:00,0.389,0.087,242.16,1.49,0,0,1.44,5.04
03/01/2026,23:52:00,0.559,0.118,242.3,2.54,0,0,1.94,7.38
03/01/2026,23:53:00,0.802,0.161,242.22,3.52,1.3,0,7.4,4.67
03/01/2026,23:54:00,0.922,0.202,236.62,3.88,0,7.57,19.72,0
03/01/2026,23:55:00,1.431,0.249,241.94,6.02,0,0,17.38,6.46
03/01/2026,23:56:00,4.826,0.725,244.15,19.89,4.19,0,4.4,71.84
03/01/2026,23:57:00,2.169,0.271,238.56,9.53,0,0,13.06,23.09
03/01/2026,23:58:00,3.491,0.331,234.21,14.88,2.85,0.03,0.18,55.13
03/01/2026,23:59:00,0.555,0.09,241.1,2.06,11.71,0,11.85,0
04/01/2026,0:00:00,0.712,0.162,240.1,3.09,0,0,3.88,7.99
04/01/2026,0:01:00,1.479,0.25,235.36,6.3,2.25,0,9.13,13.28
04/01/2026,0:02:00,1.864,0.436,241.82,7.73,0,3.82,0.03,27.21
04/01/2026,0:03:00,0.833,0.101,241.59,3.44,0,0,12.18,1.71
04/01/2026,0:04:00,1.396,0.264,235.6,5.61,0,13.99,5.42,3.85
04/01/2026,0:05:00,4.36,0.784,245.67,17.8,0,0,1.65,71.02
04/01/2026,0:06:00,0.863,0.159,242.25,3.49,0,0,2.56,11.82
04/01/2026,0:07:00,0.941,0.168,234.33,3.95,0,0,1.34,14.34
04/01/2026,0:08:00,0.425,0.04,242.46,1.67,6.04,0,3.31,0
04/01/2026,0:09:00,3.951,0.311,242.37,16.29,0,0,2.4,63.45
04/01/2026,0:10:00,0.133,0.033,244.25,0.6,0,0,4.59,0
04/01/2026,0:11:00,1.652,0.098,238.13,6.93,0,0,10.12,17.41
04/01/2026,0:12:00,1.459,0.209,242.5,6.25,0,0,24.2,0.12
04/01/2026,0:13:00,0.652,0.088,239.29,2.88,0,0,1.74,9.13
04/01/2026,0:14:00,0.564,0.069,238.33,2.35,7.64,0,0.68,1.09
04/01/2026,0:15:00,0.826,0.17,237.4,3.27,0,0,3.02,10.74
04/01/2026,0:16:00,0.649,0.129,234.29,2.88,0,0,0.93,9.88
04/01/2026,0:17:00,0.518,0.12,241.62,2.08,0,0,10.78,0
04/01/2026,0:18:00,1.377,0.178,239.18,5.72,0,0,4.17,18.78
04/01/2026,0:19:00,0.599,0.098,231.81,2.32,0,0,5.8,4.18
04/01/2026,0:20:00,1.707,0.39,240.23,7.19,0,0,0.98,27.48
04/01/2026,0:21:00,2.083,0.518,243.47,9.08,0,0,8.31,26.42
04/01/2026,0:22:00,1.052,0.257,236.08,4.35,0,0,21.8,0
04/01/2026,0:23:00,1.363,0.264,237.86,5.85,3.85,0,3.95,14.91
04/01/2026,0:24:00,3.929,0.309,241.32,16.53,4.05,0,19.69,41.74
04/01/2026,0:25:00,2.35,0.128,232.32,10.01,0,0,0.21,38.95
04/01/2026,0:26:00,0.292,0.063,238.4,0.74,3.52,3.24,0.22,0
04/01/2026,0:27:00,2.854,0.623,241.04,11.98,1.48,0,19.32,26.77
04/01/2026,0:28:00,5.68,1.132,238.32,23.85,0,7.69,7.23,79.75
04/01/2026,0:29:00,2.714,0.288,236.11,11.56,0,0,1.25,43.98
04/01/2026,0:30:00,1.326,0.236,236.25,5.63,0,0,2.71,19.39
04/01/2026,0:31:00,2.476,0.28,235.16,10.76,0,8.27,4.25,28.74
04/01/2026,0:32:00,2.457,0.344,238.1,10.3,0,0,7.28,33.67
04/01/2026,0:33:00,2.903,0.367,243.17,12.37,0,0,11.07,37.31
04/01/2026,0:34:00,1.101,0.256,247.09,4.6,0,0,0.52,17.84
04/01/2026,0:35:00,0.24,0.023,240.11,1.2,0,0,6.41,0
04/01/2026,0:36:00,0.902,0.149,242.3,3.73,0,0,3.89,11.15
04/01/2026,0:37:00,1.673,0.204,237.18,7.11,0,0,5.46,22.41
04/01/2026,0:38:00,3.688,0.673,233.73,15.44,0,1.53,4.26,55.67
04/01/2026,0:39:00,2.625,0.428,245.55,10.57,0,0,3.59,40.15
04/01/2026,0:40:00,1.16,0.272,238.21,5.08,0,1.51,1.38,16.44
04/01/2026,0:41:00,1.367,0.096,242.16,5.63,0.91,0,3.84,18.03
04/01/2026,0:42:00,0.052,0.005,240.48,0.2,0,0,1.26,0
04/01/2026,0:43:00,1.455,0.296,242.98,5.85,0,0,0.27,23.97
04/01/2026,0:44:00,0.379,0.047,242.86,1.42,0,0,2.81,3.51
04/01/2026,0:45:00,5.673,0.472,240.83,23.55,0,0,0.15,94.4
04/01/2026,0:46:00,0.402,0.061,241.16,1.5,0,0,4.96,1.73
04/01/2026,0:47:00,0.03,0.005,243.64,0.41,0,0,0.45,0.05
04/01/2026,0:48:00,0.744,0.044,238.77,3.16,0,0,3.45,8.95
04/01/2026,0:49:00,3.598,0.39,244.67,14.43,0,1.51,23.52,34.95
04/01/2026,0:50:00,1.377,0.292,237.88,6.1,0,0,0.06,22.89
04/01/2026,0:51:00,1.893,0.292,240.23,7.87,0,0,2.74,28.8
04/01/2026,0:52:00,0.491,0.028,241.89,2.13,5.84,0,6.71,0
04/01/2026,0:53:00,1.089,0.116,235.11,4.69,0,1.69,1.04,15.42
04/01/2026,0:54:00,1.937,0.345,244.15,8.02,0,0,4.94,27.35
04/01/2026,0:55:00,0.66,0.059,241.43,2.66,4.14,0,1.79,5.07
04/01/2026,0:56:00,2.39,0.515,249.9,9.63,1.74,0,1.51,36.58
04/01/2026,0:57:00,0.818,0.152,246.24,3.29,0,0,13.52,0.11
04/01/2026,0:58:00,0.531,0.077,239.97,2.28,0,0,1.36,7.48
04/01/2026,0:59:00,2.355,0.549,245.36,9.56,0,0,2.83,36.42
04/01/2026,1:00:00,0.735,0.094,242.54,2.97,0,0,1.12,11.13
04/01/2026,1:01:00,1.712,0.166,240.69,6.82,0,3.15,2,23.39
04/01/2026,1:02:00,1.481,0.27,235.02,6.3,0.97,0,2.08,21.63
04/01/2026,1:03:00,2.847,0.469,235.73,12.12,0,0,2.37,45.07
04/01/2026,1:04:00,1.603,0.188,240.01,7.05,1.57,0,6.15,19.01
04/01/2026,1:05:00,2.043,0.243,238.51,8.66,0,0,8.14,25.9
04/01/2026,1:06:00,0.095,0.012,240.68,0.25,9.5,0,4.29,0
04/01/2026,1:07:00,5.301,0.574,244.12,21.51,0,0,5.66,82.7
04/01/2026,1:08:00,1.984,0.381,242.59,8.23,0,2.08,10.07,20.92
04/01/2026,1:09:00,1.521,0.274,237.91,6.24,5.53,0,46.38,0
04/01/2026,1:10:00,0.145,0.02,242.77,0.48,0,0,3.66,0
04/01/2026,1:11:00,4.167,0.54,237.26,17.41,0,0,16.53,52.91
04/01/2026,1:12:00,1.245,0.153,236.57,5.2,0,0,4.04,16.7
04/01/2026,1:13:00,3.08,0.329,241.14,12.92,0,0,9.14,42.2
04/01/2026,1:14:00,0.854,0.057,237.56,3.2,0,0,5.11,9.13
04/01/2026,1:15:00,1.242,0.129,238.07,5.47,0,0,12.93,7.77
04/01/2026,1:16:00,0.223,0.025,242.98,0.88,0.61,2.22,3.57,0
04/01/2026,1:17:00,2.442,0.39,241.97,9.97,0,0,7.14,33.56
04/01/2026,1:18:00,1.218,0.249,238.88,5.27,0,0,3.77,16.52
04/01/2026,1:19:00,3.32,0.429,235.12,14.08,0,0,11.67,43.66
04/01/2026,1:20:00,1.405,0.336,237.79,5.7,0.22,0,31.08,0
04/01/2026,1:21:00,3.481,0.75,245.83,13.86,0,0,1.67,56.34
04/01/2026,1:22:00,3.662,0.904,242.9,15.22,0,0,3.86,57.18
04/01/2026,1:23:00,1.353,0.305,244.27,5.69,0,0,0.51,22.04
04/01/2026,1:24:00,0.771,0.134,240.77,3.12,0,0,0.91,11.94
04/01/2026,1:25:00,0.051,0.009,238.95,0.48,0,0.06,15.88,0
04/01/2026,1:26:00,0.52,0.039,242.72,2.15,0,0,4.71,3.97
04/01/2026,1:27:00,7.086,1.378,243.85,29.33,0,0,3.02,115.09
04/01/2026,1:28:00,0.972,0.165,238.56,3.88,0,0,6.68,9.52
04/01/2026,1:29:00,0.093,0.014,237.86,0.2,12.31,0,4.93,0
04/01/2026,1:30:00,0.224,0.042,235.44,0.85,0,0,2.04,1.69
04/01/2026,1:31:00,1.188,0.165,237.78,4.92,0,0,1.54,18.26
04/01/2026,1:32:00,0.503,0.078,242.01,2.31,0,3.55,5.35,0
04/01/2026,1:33:00,1.496,0.194,238.21,6.34,0,0,1.25,23.69
04/01/2026,1:34:00,0.371,0.072,242.8,1.38,0,0,0.9,5.29
04/01/2026,1:35:00,1.177,0.265,245.9,4.79,0,0,2.3,17.31
04/01/2026,1:36:00,6.006,1.31,240.07,24.93,0,0,11.85,88.25
04/01/2026,1:37:00,0.918,0.19,239.95,3.67,0,0,0.23,15.08
04/01/2026,1:38:00,1.236,0.065,241.65,5.1,0,1.63,10.75,8.22
04/01/2026,1:39:00,1.154,0.268,238.28,4.8,0,0,5.82,13.41
04/01/2026,1:40:00,1.639,0.172,238.06,6.73,0,1.14,0.25,25.92
04/01/2026,1:41:00,2.099,0.478,238.15,8.66,0,0,5.53,29.45
04/01/2026,1:42:00,1.761,0.157,236.56,7.61,2.44,0,3.33,23.57
04/01/2026,1:43:00,1.534,0.212,242.7,6.41,0,0,11.04,14.53
04/01/2026,1:44:00,1.141,0.228,238.51,4.97,0,0,14.26,4.75
04/01/2026,1:45:00,2.572,0.458,243.33,10.51,2.09,0,2.03,38.75
04/01/2026,1:46:00,0.476,0.063,241.59,1.75,0.8,0.27,9.2,0
04/01/2026,1:47:00,0.852,0.158,239.93,3.44,0,0.06,2.22,11.92
04/01/2026,1:48:00,0.224,0.036,242.43,1.13,0,0,2.1,1.63
04/01/2026,1:49:00,1.966,0.207,237.17,7.97,0.4,0,1.28,31.09
04/01/2026,1:50:00,2.483,0.445,237.66,10.74,7.8,0,6.81,26.78
04/01/2026,1:51:00,0.541,0.049,242.14,2.01,4.4,1.96,1.82,0.83
04/01/2026,1:52:00,2.174,0.41,233.41,9.47,0,0,3.75,32.47
04/01/2026,1:53:00,0.46,0.023,240.04,1.71,0,0,10.03,0
04/01/2026,1:54:00,0.399,0.064,241.77,1.53,0,0,9.42,0
04/01/2026,1:55:00,1.68,0.219,243.93,6.48,5.23,0,11.6,11.18
04/01/2026,1:56:00,0.838,0.093,244.55,3.8,10.11,0,1.05,2.82
04/01/2026,1:57:00,8.541,1.308,239.61,35.76,4.75,0,5.3,132.29
04/01/2026,1:58:00,0.919,0.165,242.31,3.92,0,0,14.78,0.53
04/01/2026,1:59:00,1.094,0.266,237.59,4.5,0,0,0.26,17.97
04/01/2026,2:00:00,3.789,0.821,238.67,15.69,0,0,9.49,53.66
04/01/2026,2:01:00,0.592,0.115,244.1,2.58,0.94,0,1.7,7.23
04/01/2026,2:02:00,1.102,0.161,239.88,4.35,0,0,6.65,11.71
04/01/2026,2:03:00,3.509,0.451,240.48,14.56,5.91,0,7.58,44.99
04/01/2026,2:04:00,0.907,0.051,236.9,3.58,0,0,15.59,0
04/01/2026,2:05:00,0.174,0.021,241.27,0.75,0,0,4.27,0
04/01/2026,2:06:00,3.798,0.834,242.26,15.3,7.12,0,11.31,44.87
04/01/2026,2:07:00,1.533,0.194,242.17,6.03,0,0,0.28,25.27
04/01/2026,2:08:00,1.391,0.198,236.37,5.71,0,0,3.27,19.91
04/01/2026,2:09:00,4.01,0.419,243,16.63,3.36,1.35,3.47,58.65
04/01/2026,2:10:00,1.475,0.155,237.01,6.12,0,0,4.64,19.94
04/01/2026,2:11:00,0.455,0.028,239.92,2.09,2.08,0,3.94,1.56
04/01/2026,2:12:00,2.831,0.489,235.15,12.34,0,0.74,20.64,25.79
04/01/2026,2:13:00,1.031,0.144,239.46,4.25,2.03,0,0.49,14.67
04/01/2026,2:14:00,1.09,0.187,236.99,4.3,0,0,1.85,16.31
04/01/2026,2:15:00,6.259,0.998,238.65,26.42,0,0,20.77,83.54
04/01/2026,2:16:00,2.326,0.488,240.18,9.37,0,5.61,3.54,29.62
04/01/2026,2:17:00,1.448,0.29,242.48,5.79,0,0,5.08,19.05
04/01/2026,2:18:00,4.92,1.005,242.38,19.96,0,0,0.51,81.49
04/01/2026,2:19:00,0.302,0.045,232.99,1.49,5.1,0,2,0
04/01/2026,2:20:00,1.358,0.164,242.03,5.73,1.05,0,0.24,21.35
04/01/2026,2:21:00,0.872,0.206,240.62,3.95,1.62,0,0.89,12.02
04/01/2026,2:22:00,0.666,0.041,238.32,2.7,0,0,6.02,5.07
04/01/2026,2:23:00,1.989,0.16,237.36,8.22,0,0,8.65,24.5
04/01/2026,2:24:00,0.871,0.117,239.81,3.53,0,0,12.25,2.27
04/01/2026,2:25:00,1.826,0.316,240.69,7.32,0.44,0,1.74,28.26
04/01/2026,2:26:00,1.221,0.063,241.13,5.35,0,0,2.43,17.91
04/01/2026,2:27:00,1.21,0.235,239.41,5.73,0,0,5.06,15.11
04/01/2026,2:28:00,0.607,0.098,232.43,2.47,0,0,0.52,9.6
04/01/2026,2:29:00,6.507,0.956,238.51,27.4,0,0,9.86,98.58
04/01/2026,2:30:00,0.397,0.054,236.45,1.65,1.38,0,3.96,1.28
04/01/2026,2:31:00,0.871,0.134,246.17,3.63,0,0,20.2,0
04/01/2026,2:32:00,2.952,0.243,240.18,12.5,6.66,0,0.75,41.79
04/01/2026,2:33:00,1.095,0.079,242.22,4.29,0,0,0.86,17.38
04/01/2026,2:34:00,1.747,0.189,241.91,7.13,3.76,0,2.57,22.78
04/01/2026,2:35:00,2.91,0.558,240.93,12.32,0,0,1.39,47.11
04/01/2026,2:36:00,1.322,0.222,238.75,5.64,0,4.12,7.16,10.75
04/01/2026,2:37:00,1.468,0.214,238.37,6.23,0,0,17.6,6.87
04/01/2026,2:38:00,2.304,0.379,233.94,9.95,0,8.72,0.57,29.13
04/01/2026,2:39:00,2.036,0.329,240.43,8.59,0,0,1.66,32.26
04/01/2026,2:40:00,0.634,0.071,240.9,2.86,0,0,1.63,8.94
04/01/2026,2:41:00,4.485,0.312,239.86,18.85,0,1.54,4.27,68.95
04/01/2026,2:42:00,0.17,0.039,240.43,0.7,0,0,3.61,0
04/01/2026,2:43:00,1.079,0.183,236.38,4.64,0,1.7,7.79,8.5
04/01/2026,2:44:00,2.549,0.483,239.12,10.65,0,0,7.91,34.57
04/01/2026,2:45:00,0.406,0.058,238.05,1.55,8.86,0,5.1,0
04/01/2026,2:46:00,0.101,0.02,242,0.41,0.6,0,5.36,0
04/01/2026,2:47:00,2.854,0.476,240.12,11.86,0,0,11.08,36.48
04/01/2026,2:48:00,1.992,0.121,238.08,8.03,0,2.1,3.03,28.06
04/01/2026,2:49:00,0.679,0.155,239.52,2.99,0,0,0.07,11.24
04/01/2026,2:50:00,1.376,0.153,236.88,6,0,0,1.44,21.5
04/01/2026,2:51:00,0.717,0.056,239.02,3.11,4.56,2.76,0.22,4.42
04/01/2026,2:52:00,3.217,0.218,241.75,13.49,0,5.72,3,44.9
04/01/2026,2:53:00,2.611,0.507,236,11.03,0,0,2.66,40.86
04/01/2026,2:54:00,1.634,0.312,239.82,6.71,0,0,0.62,26.61
04/01/2026,2:55:00,2.307,0.438,237.75,9.89,1.72,0,8.44,28.29
04/01/2026,2:56:00,1.843,0.43,236.01,7.6,0,0,4.83,25.89
04/01/2026,2:57:00,0.46,0.055,245.6,1.65,4.19,1.14,1.53,0.8
04/01/2026,2:58:00,0.166,0.027,243.76,0.77,14.69,0.44,8.54,0
04/01/2026,2:59:00,2.587,0.45,238.21,10.95,0,0,6.61,36.51
04/01/2026,3:00:00,3.198,0.786,239.13,13.56,0,0,1.28,52.02
04/01/2026,3:01:00,0.731,0.082,233.93,2.78,0,0,24.41,0
04/01/2026,3:02:00,5.402,1.303,235.22,22.95,0,0,1.17,88.86
04/01/2026,3:03:00,1.549,0.124,236.62,6.32,0,0,8.86,16.96
04/01/2026,3:04:00,0.096,0.02,239.9,0.57,0,0,20.71,0
04/01/2026,3:05:00,2.367,0.418,239.66,10.14,0,0,7.76,31.69
04/01/2026,3:06:00,7.319,1.562,241,30.47,0,0,6.58,115.4
04/01/2026,3:07:00,1.254,0.07,242.04,5.07,6.89,0,14.02,0
04/01/2026,3:08:00,1.835,0.12,240.83,7.47,0.95,0,1.88,27.75
04/01/2026,3:09:00,5.408,0.346,236.76,22.76,0,0,1.95,88.19
04/01/2026,3:10:00,0.09,0.015,240.97,0.21,0,0,6.15,0
04/01/2026,3:11:00,0.214,0.037,241.91,0.85,0,0,12.83,0
04/01/2026,3:12:00,1.573,0.364,238.72,6.44,32.86,0,5.76,0
04/01/2026,3:13:00,0.765,0.11,234.46,2.99,3.58,0,22.65,0
04/01/2026,3:14:00,1.577,0.1,243.55,6.55,0,0,1.51,24.77
04/01/2026,3:15:00,0.557,0.051,240.26,2.41,0,0,10.49,0
04/01/2026,3:16:00,4.242,0.219,231.68,18.65,0,0,15.73,54.97
04/01/2026,3:17:00,2.488,0.511,246.21,10.02,0,0,3.34,38.13
04/01/2026,3:18:00,2.243,0.478,238.56,9.02,0,0,19.62,17.76
04/01/2026,3:19:00,1.262,0.315,247.32,5.27,0,0,1.35,19.68
04/01/2026,3:20:00,1.128,0.149,241.13,4.86,1.84,0,18.32,0
04/01/2026,3:21:00,0.355,0.019,239.39,1.71,0,0,13.99,0
04/01/2026,3:22:00,4.434,0.43,240.55,18.73,1.83,0,0.41,71.66
04/01/2026,3:23:00,2.164,0.363,237.87,9.4,0,0,4.42,31.65
04/01/2026,3:24:00,0.914,0.222,240.18,3.61,0,0,4.52,10.73
04/01/2026,3:25:00,2.73,0.193,246.03,11.4,6.84,0,0.35,38.3
04/01/2026,3:26:00,2.69,0.2,237.3,11.27,3.19,0,0.24,41.39
04/01/2026,3:27:00,2.087,0.397,241.6,8.8,14.68,4.63,0.03,15.44
04/01/2026,3:28:00,5.15,0.945,237.84,21.7,1.13,0,4.46,80.24
04/01/2026,3:29:00,3.66,0.366,239.5,15.09,12.23,0,3.74,45.03
04/01/2026,3:30:00,2.563,0.545,245.93,10.65,0,0,16.93,25.79
04/01/2026,3:31:00,1.09,0.083,241.58,4.42,2.3,0,2.51,13.35
04/01/2026,3:32:00,1.006,0.236,242.24,4.52,8.22,0,6.44,2.1
04/01/2026,3:33:00,3.638,0.328,240.21,14.99,0,0,0.05,60.59
04/01/2026,3:34:00,4.114,0.273,248.09,16.38,0,14.96,6.54,47.08
04/01/2026,3:35:00,7.92,0.934,237.15,33.26,13.29,0,14.68,104.02
04/01/2026,3:36:00,1.498,0.131,235.26,6.67,0.5,6.91,2.63,14.93
04/01/2026,3:37:00,1.529,0.238,245.06,5.93,0,0,2.26,23.22
04/01/2026,3:38:00,0.317,0.059,238.86,1.51,2.46,0,5.9,0
04/01/2026,3:39:00,5.126,0.76,241.23,21.61,0.55,0,2.39,82.49
04/01/2026,3:40:00,2.046,0.373,245.15,8.31,0,0,3.09,31.02
04/01/2026,3:41:00,5.373,0.661,241.27,22.19,12.8,0,1.91,74.84
04/01/2026,3:42:00,0.261,0.014,246.69,1.07,0,0,2.54,1.81
04/01/2026,3:43:00,1.252,0.307,240.41,4.98,0,0,6.83,14.04
04/01/2026,3:44:00,1.171,0.25,237.88,5.45,0,0,15.34,4.18
04/01/2026,3:45:00,2.714,0.176,232.94,11.78,1.28,0,5.25,38.7
04/01/2026,3:46:00,1.942,0.272,240.9,7.82,0,0,0.06,32.31
04/01/2026,3:47:00,2.256,0.399,233.29,9.51,0.53,0,1.84,35.23
04/01/2026,3:48:00,0.767,0.068,240.97,3.22,0,0,18.25,0
04/01/2026,3:49:00,2.006,0.332,244.38,7.95,4.73,0,14.47,14.23
04/01/2026,3:50:00,2.676,0.419,239.95,10.85,13.31,0,0.74,30.55
04/01/2026,3:51:00,1.427,0.131,240.57,5.99,6.72,0,14.34,2.72
04/01/2026,3:52:00,0.881,0.069,242.75,3.83,6.42,0,20.03,0
04/01/2026,3:53:00,0.423,0.085,242.01,1.93,1.84,0,2.35,2.86
04/01/2026,3:54:00,3.122,0.357,243.48,12.81,0,3.32,7.24,41.46
04/01/2026,3:55:00,2.07,0.205,239.94,8.57,0,0,4.93,29.57
04/01/2026,3:56:00,8.425,1.665,233.25,36.13,0,7.58,2.47,130.38
04/01/2026,3:57:00,3.577,0.705,243.53,14.89,0.2,0,1,58.42
04/01/2026,3:58:00,0.269,0.028,239.28,0.87,0,0.74,2.74,1
04/01/2026,3:59:00,2.737,0.614,237.36,11.37,0,0,15.77,29.85
04/01/2026,4:00:00,2.765,0.519,241.01,11.4,1.75,0,10,34.33
04/01/2026,4:01:00,1.322,0.158,240.56,5.45,24.41,0,2.41,0
04/01/2026,4:02:00,3.068,0.416,237.75,12.89,1.72,1.76,4.76,42.9
04/01/2026,4:03:00,2.057,0.402,236.14,8.7,0,10.3,3.12,20.85
04/01/2026,4:04:00,1.65,0.152,241.41,6.97,0,0,3.77,23.73
04/01/2026,4:05:00,3.494,0.502,237.45,14.36,0,0,8.59,49.64
04/01/2026,4:06:00,0.034,0.006,240.34,0.2,0,0,4.7,0
04/01/2026,4:07:00,4.845,0.765,241.12,19.96,0,0,1.2,79.55
04/01/2026,4:08:00,6.335,1.087,242.9,26.25,0,0,1.88,103.7
04/01/2026,4:09:00,0.289,0.046,246.36,1.04,0,0,5.03,0
04/01/2026,4:10:00,2.748,0.247,240.71,11.41,0,0,7.08,38.73
04/01/2026,4:11:00,0.452,0.06,238.72,1.92,0,3.95,4.26,0
04/01/2026,4:12:00,0.724,0.113,244.98,3.02,0,0,5.81,6.26
04/01/2026,4:13:00,0.743,0.153,243.14,3.37,3.21,0,9.35,0
04/01/2026,4:14:00,2.065,0.373,240.51,8.72,15.58,0,4.73,14.1
04/01/2026,4:15:00,1.864,0.252,240.71,7.94,4.33,0,22.68,4.06
04/01/2026,4:16:00,1.152,0.282,240.08,4.77,0,0,1.61,17.58
04/01/2026,4:17:00,0.118,0.008,240.49,0.78,12.91,0,15.13,0
04/01/2026,4:18:00,0.909,0.083,239.69,3.81,5.49,1.13,1.71,6.83
04/01/2026,4:19:00,4.843,0.573,237.08,20.04,0,0,4.55,76.17
04/01/2026,4:20:00,2.743,0.263,240.03,11.92,0,0,3.65,42.07
04/01/2026,4:21:00,0.509,0.089,245.27,2.08,0,0,2.8,5.69
04/01/2026,4:22:00,1.697,0.098,237.55,7.25,16.74,0,19.74,0
04/01/2026,4:23:00,1.189,0.102,239.19,4.76,0,0,1.91,17.9
04/01/2026,4:24:00,5.15,0.56,237.32,22.14,2.08,0,6.74,77.01
04/01/2026,4:25:00,1.19,0.222,243.47,4.73,0,0,9.78,10.05
04/01/2026,4:26:00,1.146,0.258,242.49,4.65,6.52,0,1.32,11.26
04/01/2026,4:27:00,5.175,1.085,236.17,21.61,0,0,21.71,64.54
04/01/2026,4:28:00,3.722,0.322,233.94,15.98,10.91,0,4.75,46.37
04/01/2026,4:29:00,1.594,0.26,242.6,6.51,0,0,14.75,11.81
04/01/2026,4:30:00,0.464,0.026,235.98,1.66,0,0,6.54,1.19
04/01/2026,4:31:00,2.671,0.299,242.48,11,0.65,0,6.29,37.58
04/01/2026,4:32:00,0.391,0.083,238.09,1.66,5.57,0,2.54,0
04/01/2026,4:33:00,1.885,0.266,242.08,7.74,0,0,8.83,22.58
04/01/2026,4:34:00,2.471,0.198,241.33,9.88,3.54,0,0.18,37.46
04/01/2026,4:35:00,0.302,0.042,238.39,1.33,0,0,4.87,0.17
04/01/2026,4:36:00,1.182,0.106,237.36,4.73,0,0,0.2,19.51
04/01/2026,4:37:00,2.045,0.263,241.73,8.64,0,3.42,2.2,28.46
04/01/2026,4:38:00,2.329,0.344,237.92,9.68,8.89,0,0.61,29.32
04/01/2026,4:39:00,2.422,0.29,243.33,10.14,0,0,14.55,25.81
04/01/2026,4:40:00,0.689,0.164,237.5,2.9,32.43,0,5.94,0
04/01/2026,4:41:00,0.878,0.143,241.05,3.66,0,5.08,6.62,2.93
04/01/2026,4:42:00,0.918,0.201,238.83,4.1,0.32,0,11.43,3.56
04/01/2026,4:43:00,4.192,0.847,240.02,17.3,2.93,0,7.92,59.01
04/01/2026,4:44:00,1.221,0.223,237.9,4.92,0,0,0.8,19.56
04/01/2026,4:45:00,3.325,0.497,239.46,14,0,0,5.77,49.65
04/01/2026,4:46:00,3.455,0.174,232.31,14.61,0,0,22.95,34.64
04/01/2026,4:47:00,6.244,1.078,237.56,26.12,4.48,1.55,1.45,96.58
04/01/2026,4:48:00,0.411,0.05,238.24,1.41,0,0.91,5.8,0.15
04/01/2026,4:49:00,2.156,0.159,239.78,9.22,0,0,4.98,30.96
04/01/2026,4:50:00,1.274,0.177,243.88,5.02,0,0,2.98,18.25
04/01/2026,4:51:00,1.461,0.288,237.91,6.01,0,0,18.56,5.79
04/01/2026,4:52:00,2.488,0.603,244.24,9.93,0,0,2.64,38.83
04/01/2026,4:53:00,0.729,0.091,237.42,2.99,0.88,2.73,0.59,7.95
04/01/2026,4:54:00,1.086,0.172,236.68,4.56,0,0,19.71,0
04/01/2026,4:55:00,0.047,0.01,234.35,0.37,0,0,7.84,0
04/01/2026,4:56:00,0.764,0.089,241.82,2.9,0.62,0,2.52,9.6
04/01/2026,4:57:00,5.179,0.406,240.26,21.43,0,0,1.98,84.34
04/01/2026,4:58:00,2.672,0.284,241.64,11.34,0,0,15.79,28.75
04/01/2026,4:59:00,2.44,0.561,240.39,10.36,6.41,7.17,1.92,25.18
04/01/2026,5:00:00,2.82,0.231,239.97,11.62,0,2.16,4.62,40.23
04/01/2026,5:01:00,1.406,0.163,240.85,5.83,0,0,1.45,21.99
04/01/2026,5:02:00,3.48,0.497,246.46,14.51,0,0,32.05,25.94
04/01/2026,5:03:00,0.737,0.162,238.58,2.85,0,0,8.81,3.48
04/01/2026,5:04:00,1.206,0.286,246.16,4.52,0,0,5.03,15.07
04/01/2026,5:05:00,1.182,0.16,242.56,4.77,9.33,0.99,8.22,1.17
04/01/2026,5:06:00,3.661,0.865,241.1,15.17,0,0,14.89,46.12
04/01/2026,5:07:00,0.673,0.055,241.66,2.62,2.16,0,19.8,0
04/01/2026,5:08:00,1.093,0.089,230.41,4.94,0,4.69,9.25,4.27
04/01/2026,5:09:00,0.841,0.202,239.22,3.56,15,0,11.35,0
04/01/2026,5:10:00,5.006,0.761,237.99,20.91,0.49,0,3.04,79.89
04/01/2026,5:11:00,3.457,0.301,246.34,13.92,7.31,0,2.98,47.32
04/01/2026,5:12:00,2.187,0.323,238.98,9,0,0.17,9.91,26.37
04/01/2026,5:13:00,2.799,0.578,239.91,11.83,0,0,8.55,38.09
04/01/2026,5:14:00,0.492,0.106,239.86,1.95,0,5.54,13.87,0
04/01/2026,5:15:00,2.406,0.536,236.08,9.95,3.95,7.05,0.86,28.24
04/01/2026,5:16:00,1.969,0.323,238.32,8.46,0.35,0,7.04,25.43
04/01/2026,5:17:00,0.648,0.145,242.45,2.62,0,0,6.26,4.54
04/01/2026,5:18:00,0.197,0.03,233.6,0.57,7.79,0,9.61,0
04/01/2026,5:19:00,1.588,0.272,240.93,6.93,3.76,1.12,0.15,21.44
04/01/2026,5:20:00,1.461,0.295,237.3,6.28,0,0,10.5,13.85
04/01/2026,5:21:00,0.153,0.021,243.9,0.64,0,7.08,2.37,0
04/01/2026,5:22:00,1.834,0.119,241.18,7.56,12.91,0,6.97,10.69
04/01/2026,5:23:00,2.692,0.323,235.44,11.38,0,2.91,5.75,36.2
04/01/2026,5:24:00,3.354,0.586,238.75,13.99,6.54,0,3.48,45.87
04/01/2026,5:25:00,1.293,0.114,241.36,5.3,7.71,0,8.22,5.61
04/01/2026,5:26:00,1.775,0.141,239.09,7.31,0,0,19.5,10.09
04/01/2026,5:27:00,3.33,0.362,240.44,13.83,0,0,2.34,53.16
04/01/2026,5:28:00,1.402,0.079,239.94,5.72,0,0,8.28,15.08
04/01/2026,5:29:00,0.696,0.138,242.6,2.91,0.75,0,2.27,8.58
04/01/2026,5:30:00,0.701,0.071,241.32,2.9,0,0,11.21,0.47
04/01/2026,5:31:00,2.905,0.217,239.86,11.97,0,0,3.45,44.97
04/01/2026,5:32:00,1.75,0.332,240.05,7.27,0.88,0,3.58,24.7
04/01/2026,5:33:00,1.056,0.231,236.75,4.57,0,0,8.87,8.73
04/01/2026,5:34:00,0.632,0.034,244.4,2.13,0,3.96,4.11,2.46
04/01/2026,5:35:00,1.036,0.1,248.89,4.28,0,0,1.86,15.41
04/01/2026,5:36:00,1.62,0.387,239.01,6.53,0,0,32.47,0
04/01/2026,5:37:00,4.767,0.606,240.14,19.76,0,0.63,5.81,73
04/01/2026,5:38:00,3.748,0.891,243.05,14.86,0,0.61,6.22,55.64
04/01/2026,5:39:00,5.285,0.554,243.03,21.86,0.6,0.65,6.24,80.59
04/01/2026,5:40:00,0.872,0.082,240.53,3.48,0,2.65,12.89,0
04/01/2026,5:41:00,0.112,0.01,237.07,0.37,0,0,1.22,0.65
04/01/2026,5:42:00,1.178,0.079,245.45,4.82,0,0,0.37,19.27
04/01/2026,5:43:00,2.373,0.544,242.04,9.41,0,0,2.93,36.62
04/01/2026,5:44:00,1.891,0.465,240.66,7.87,0,0,4.99,26.52
04/01/2026,5:45:00,7.805,1.88,237.83,32.95,0,0,2.02,128.06
04/01/2026,5:46:00,2.81,0.619,240.17,11.73,4.71,0,7.01,35.1
04/01/2026,5:47:00,0.782,0.172,234.56,3.26,0,0,0.46,12.57
04/01/2026,5:48:00,3.782,0.689,242.22,15.62,0,0,9.38,53.66
04/01/2026,5:49:00,0.189,0.041,242.95,0.76,0,0,7.6,0
04/01/2026,5:50:00,0.935,0.086,240.69,4.04,0,0,1.44,14.14
04/01/2026,5:51:00,1.034,0.132,237.12,4.61,0,1.98,2.13,13.12
04/01/2026,5:52:00,3.987,0.71,241.36,16.44,0,0,9.87,56.58
04/01/2026,5:53:00,2.008,0.452,242.36,8.33,0,1.72,8.91,22.85
04/01/2026,5:54:00,0.643,0.117,237.77,2.57,0,0,10.08,0.63
04/01/2026,5:55:00,0.385,0.084,242.8,1.67,0,0,2.33,4.08
04/01/2026,5:56:00,2.288,0.331,241.57,9.56,0,0,20.95,17.17
04/01/2026,5:57:00,7.636,1.477,239.18,31.89,0,0,7.54,119.73
04/01/2026,5:58:00,1.264,0.311,238.33,5.41,0,0,0.4,20.65
04/01/2026,5:59:00,0.154,0.012,239.46,0.65,3.82,6.15,3.9,0
04/01/2026,6:00:00,2.95,0.694,237.09,12.43,4.8,0,6.55,37.81
04/01/2026,6:01:00,2.234,0.345,240.78,9.1,1.55,2.75,1.11,31.82
04/01/2026,6:02:00,0.879,0.157,241.68,3.67,0,0,13.92,0.73
04/01/2026,6:03:00,0.334,0.075,243.51,1.26,0,0,8.42,0
04/01/2026,6:04:00,0.808,0.107,240.89,3.53,0,0,0.51,12.95
04/01/2026,6:05:00,1.465,0.196,241.17,5.9,2.42,0,14.66,7.33
04/01/2026,6:06:00,1.164,0.181,239.2,4.92,0,0,3.11,16.3
04/01/2026,6:07:00,0.383,0.021,237.38,1.56,0,0,3.61,2.77
04/01/2026,6:08:00,0.313,0.047,238.71,1.36,0,9.15,9.17,0
04/01/2026,6:09:00,0.659,0.071,244.28,2.68,0,0,6.2,4.78
04/01/2026,6:10:00,2.531,0.596,241.9,10.3,0,11.17,3.45,27.56
04/01/2026,6:11:00,1.064,0.072,241.22,4.63,0,0,1.8,15.94
04/01/2026,6:12:00,3.256,0.462,234.55,13.7,0,0,4.37,49.9
04/01/2026,6:13:00,0.901,0.216,240.94,3.87,0.27,0,5.19,9.56
04/01/2026,6:14:00,2.804,0.645,236.01,11.54,3.43,0,5.98,37.31
04/01/2026,6:15:00,2.702,0.514,236.22,11.38,0,0,5.57,39.46
04/01/2026,6:16:00,1.05,0.176,236.56,4.74,0,0,5.76,11.74
04/01/2026,6:17:00,5.396,0.573,237.68,22.65,0,0,3.87,86.05
04/01/2026,6:18:00,2.917,0.36,242.5,12.05,0,0,4.95,43.67
04/01/2026,6:19:00,3.593,0.244,240.68,15.25,0,0,2.04,57.84
04/01/2026,6:20:00,2.792,0.579,237.17,11.75,0,0,1.03,45.51
04/01/2026,6:21:00,1.046,0.12,238.26,4.44,8.87,1.09,5.6,1.87
04/01/2026,6:22:00,4.917,0.903,241.49,20.48,0,0,0.29,81.66
04/01/2026,6:23:00,3.071,0.373,242.09,12.41,0,0,0.4,50.78
04/01/2026,6:24:00,1.729,0.247,240.4,7.09,0,0,1.7,27.11
04/01/2026,6:25:00,3.473,0.559,236.56,14.71,0,0,1.3,56.59
04/01/2026,6:26:00,3.785,0.796,238.76,15.53,18.05,0,2.81,42.22
04/01/2026,6:27:00,3.344,0.308,247.14,13.81,0,0,2.78,52.95
04/01/2026,6:28:00,1.326,0.172,236.37,5.76,0,0,0.75,21.35
04/01/2026,6:29:00,0.428,0.033,241.12,1.9,0,3.74,1.7,1.71
04/01/2026,6:30:00,2.846,0.185,246.36,11.82,0,0,0.03,47.41
04/01/2026,6:31:00,1.771,0.303,239.18,7.55,0,0,2.59,26.92
04/01/2026,6:32:00,0.434,0.038,245.5,1.72,0,0,9.55,0
04/01/2026,6:33:00,1.601,0.099,237.94,6.4,0,0,1.86,24.83
04/01/2026,6:34:00,2.103,0.483,234.08,8.85,0,0,6.19,28.87
04/01/2026,6:35:00,1.672,0.262,238.26,6.89,9.09,0.87,0.62,17.28
04/01/2026,6:36:00,2.241,0.172,237.73,9.55,0,0,0.07,37.28
04/01/2026,6:37:00,0.982,0.06,234.99,4.19,0,0,4.14,12.22
04/01/2026,6:38:00,1.203,0.089,238.75,4.72,0.15,0,3.71,16.18
04/01/2026,6:39:00,2.471,0.357,242.97,10.34,0,0,1.28,39.92
04/01/2026,6:40:00,0.379,0.07,238.22,1.86,13.15,0,2.03,0
04/01/2026,6:41:00,3.78,0.674,238.87,16.12,0,0,0.19,62.81
04/01/2026,6:42:00,1.252,0.099,244.11,4.9,1.86,1,9.59,8.41
04/01/2026,6:43:00,2.812,0.497,237.76,11.89,0,0,2.15,44.72
04/01/2026,6:44:00,2.42,0.317,241.86,9.8,2.92,0,1.49,35.92
04/01/2026,6:45:00,1.744,0.249,234.88,7.81,0,0,9.8,19.26
04/01/2026,6:46:00,1.224,0.257,237.1,5.17,0,1.41,0.24,18.74
04/01/2026,6:47:00,2.106,0.245,239.36,8.73,0,0,2.01,33.1
04/01/2026,6:48:00,1.702,0.135,243.63,6.88,1.74,0,1.83,24.8
04/01/2026,6:49:00,0.254,0.057,237.26,1.14,0,0,1.83,2.4
04/01/2026,6:50:00,0.149,0.014,237.23,0.73,0.75,0,0.07,1.66
04/01/2026,6:51:00,1.939,0.211,240.82,7.72,0,0,16.37,15.94
04/01/2026,6:52:00,0.541,0.103,241.3,2.52,0,0,11.98,0
04/01/2026,6:53:00,3.339,0.623,236.89,14.19,0,0,3.21,52.44
04/01/2026,6:54:00,0.155,0.033,238.43,0.93,0,0.81,3.54,0
04/01/2026,6:55:00,3.053,0.265,243.26,12.89,1.32,0,4.46,45.11
04/01/2026,6:56:00,2.756,0.332,236.46,11.64,0,0,3.9,42.04
04/01/2026,6:57:00,1.559,0.117,241.02,6.64,2.9,0,9.06,14.02
04/01/2026,6:58:00,0.061,0.01,238.45,0.2,0,0,4.02,0
04/01/2026,6:59:00,1.119,0.121,244.21,4.49,0,0,1.26,17.4
04/01/2026,7:00:00,2.57,0.483,241.74,10.95,3.82,0,0.75,38.27
04/01/2026,7:01:00,0.022,0.001,242.64,0.2,0,0,15.03,0
04/01/2026,7:02:00,2.759,0.171,238.39,11.61,0,0.54,0.3,45.15
04/01/2026,7:03:00,0.421,0.057,242.47,1.55,0,1.39,13.67,0
04/01/2026,7:04:00,0.202,0.049,242.4,0.7,0,0,7.04,0
04/01/2026,7:05:00,2.738,0.625,241.56,11.23,5.21,0,3.11,37.32
04/01/2026,7:06:00,1.138,0.283,239.15,5.05,1.33,0,1.24,16.39
04/01/2026,7:07:00,2.022,0.27,240.49,8.51,1.54,0,2.23,29.92
04/01/2026,7:08:00,1.585,0.094,234.44,6.93,1.89,0,4.53,20
04/01/2026,7:09:00,0.984,0.109,245.28,3.65,0,0,6.42,9.99
04/01/2026,7:10:00,0.07,0.013,238.19,0.3,0,0,7.06,0
04/01/2026,7:11:00,2.235,0.172,239,9.27,4.14,0,3.56,29.55
04/01/2026,7:12:00,2.656,0.292,236.05,11.35,0,0,2.81,41.45
04/01/2026,7:13:00,1.879,0.115,242.02,8.25,0,0,8.77,22.55
04/01/2026,7:14:00,2.102,0.305,241.59,8.22,1.34,0,15.57,18.11
04/01/2026,7:15:00,1.624,0.149,239.11,6.87,0,4.27,14.75,8.05
04/01/2026,7:16:00,1.128,0.077,233,5.28,0,0,4.81,13.99
04/01/2026,7:17:00,3.729,0.493,237.87,15.57,6.39,0,0.49,55.26
04/01/2026,7:18:00,4.049,0.487,241.38,16.8,0,6.29,0.46,60.73
04/01/2026,7:19:00,5.451,0.859,240.75,22.78,0.05,0,3.09,87.72
04/01/2026,7:20:00,4.75,0.949,239.86,19.37,0,4.33,7.92,66.91
04/01/2026,7:21:00,1.654,0.12,238.73,6.98,0,0,4.13,23.43
04/01/2026,7:22:00,0.819,0.17,235.26,3.32,0,2.64,5.92,5.08
04/01/2026,7:23:00,0.342,0.019,242.89,1.82,1.82,0,11.12,0
04/01/2026,7:24:00,2.666,0.37,235.68,11.27,0,0,0.25,44.18
04/01/2026,7:25:00,2.178,0.365,239.39,8.96,0,8.9,15.45,11.95
04/01/2026,7:26:00,2.01,0.485,236.9,8.65,0,3.5,2.41,27.6
04/01/2026,7:27:00,2.204,0.363,242.98,9.17,0,0,0.29,36.45
04/01/2026,7:28:00,2.434,0.199,241.75,10.25,0,0,10.83,29.74
04/01/2026,7:29:00,5.448,0.836,238.93,23.18,0,1.4,16.32,73.07
04/01/2026,7:30:00,1.824,0.236,242.07,7.42,0,0,8.78,21.62
04/01/2026,7:31:00,2.395,0.349,235.52,10.51,0,0,9.79,30.13
04/01/2026,7:32:00,0.979,0.088,239.76,4.46,0,0,12.3,4.01
04/01/2026,7:33:00,6.007,0.902,236.84,25.21,0,0,4.43,95.68
04/01/2026,7:34:00,0.184,0.015,243.08,0.62,0,0,6.85,0
04/01/2026,7:35:00,3.901,0.776,241.12,16.19,0,2.71,2.03,60.29
04/01/2026,7:36:00,1.905,0.322,241.95,7.83,0,0,1.72,30.03
04/01/2026,7:37:00,1.214,0.08,238.34,5.43,1.06,9.61,5.63,3.93
04/01/2026,7:38:00,0.366,0.084,242.23,1.34,0,0,7.96,0
04/01/2026,7:39:00,2.736,0.474,236.65,11.61,0,0,3.04,42.56
04/01/2026,7:40:00,0.636,0.072,237.08,2.53,0,0,3.07,7.54
04/01/2026,7:41:00,3.476,0.206,239.47,14.54,2.44,0,18.51,36.99
04/01/2026,7:42:00,1.309,0.231,237.2,5.95,6.85,0,4.38,10.59
04/01/2026,7:43:00,0.23,0.029,242.13,1.31,0,0,25.74,0
04/01/2026,7:44:00,1.664,0.385,238.58,7.05,6.19,0,11.92,9.62
04/01/2026,7:45:00,1.526,0.087,236.76,6.57,0,0,6.12,19.31
04/01/2026,7:46:00,3.51,0.203,236.37,14.94,0,0,0.06,58.45
04/01/2026,7:47:00,2.843,0.682,242.09,11.68,0,1.43,2.11,43.85
04/01/2026,7:48:00,0.335,0.081,232.37,1.82,0,0,3.24,2.34
04/01/2026,7:49:00,3.025,0.168,236.97,13.03,0,11.05,6.35,33.02
04/01/2026,7:50:00,0.941,0.182,244.21,3.9,0,4.94,3.02,7.73
04/01/2026,7:51:00,0.871,0.082,238.97,3.6,0,0,10.56,3.96
04/01/2026,7:52:00,2.581,0.491,242.15,10.63,1.97,0,6.52,34.52
04/01/2026,7:53:00,0.834,0.187,241.28,3.53,0,0,2.56,11.35
04/01/2026,7:54:00,4.409,0.309,239.43,18.41,0,0,9.21,64.28
04/01/2026,7:55:00,0.194,0.019,235.02,1.05,0,0.5,2.17,0.56
04/01/2026,7:56:00,1.46,0.08,236.02,6.28,0,0,0.39,23.95
04/01/2026,7:57:00,1.491,0.088,235.97,6.13,0,0,1.14,23.71
04/01/2026,7:58:00,0.455,0.025,241.45,1.66,0,0,0.02,7.57
04/01/2026,7:59:00,1.016,0.214,242.01,4.4,0,0,10.72,6.22
04/01/2026,8:00:00,0.922,0.101,237.36,3.65,0,0,5.92,9.45
04/01/2026,8:01:00,0.195,0.029,239.76,0.74,0.94,0,5.07,0
04/01/2026,8:02:00,0.659,0.137,240.02,2.66,0,0,6.51,4.48
04/01/2026,8:03:00,1.278,0.19,240.23,5.07,0,0,6.36,14.93
04/01/2026,8:04:00,1.196,0.162,237.71,5.09,0,0.9,5,14.03
04/01/2026,8:05:00,2.703,0.141,244.91,11.01,6.33,1.5,11.09,26.13
04/01/2026,8:06:00,4.091,0.669,242.03,16.77,0,0,3.49,64.69
04/01/2026,8:07:00,1.066,0.08,240.22,4.85,0,0,9.8,7.96
04/01/2026,8:08:00,0.372,0.075,238.44,1.07,0,0,9.27,0
04/01/2026,8:09:00,2.105,0.214,237.5,8.69,0,0,1.34,33.75
04/01/2026,8:10:00,1.268,0.234,241.19,5.14,0,0,3.63,17.51
04/01/2026,8:11:00,3.255,0.583,238.58,13.37,0,0,10.81,43.43
04/01/2026,8:12:00,1.302,0.226,240.4,5.87,0,0,10.66,11.04
04/01/2026,8:13:00,1.517,0.157,234.3,6.92,0,0,0.15,25.14
04/01/2026,8:14:00,1.221,0.126,238.41,4.98,0,0,1.51,18.83
04/01/2026,8:15:00,4.501,1.002,239.67,19.03,18.74,0,3.31,52.96
04/01/2026,8:16:00,1.64,0.086,242.9,6.87,0,0,0.29,27.05
04/01/2026,8:17:00,3.484,0.301,237.23,15.02,2.74,0,1.81,53.52
04/01/2026,8:18:00,1.058,0.182,235.54,4.47,0,0,1.79,15.84
04/01/2026,8:19:00,2.472,0.528,241.33,10.33,0,0,1.45,39.75
04/01/2026,8:20:00,2.769,0.337,239.81,11.83,0,0,3.03,43.11
04/01/2026,8:21:00,1.092,0.197,234.83,4.9,0,1.11,10.06,7.03
04/01/2026,8:22:00,2.876,0.464,234.98,12.27,0,0,1.68,46.25
04/01/2026,8:23:00,0.201,0.013,238.06,0.65,5.24,0,5.23,0
04/01/2026,8:24:00,1.841,0.321,239.75,7.53,0,0,4.89,25.79
04/01/2026,8:25:00,2.521,0.536,244.17,9.95,6.04,1.74,10.22,24.01
04/01/2026,8:26:00,0.688,0.171,236.76,3.06,0,0,3.01,8.46
04/01/2026,8:27:00,0.885,0.049,241.62,3.7,0,0,1.52,13.22
04/01/2026,8:28:00,0.422,0.077,234.12,1.86,3.55,0,13.33,0
04/01/2026,8:29:00,0.477,0.063,241.08,1.97,0,0,10.74,0
04/01/2026,8:30:00,0.603,0.031,244.52,2.24,0,0,5.83,4.22
04/01/2026,8:31:00,2.863,0.495,240.43,11.97,0,0,0.59,47.13
04/01/2026,8:32:00,0.645,0.048,238,2.83,0,0,0.1,10.65
04/01/2026,8:33:00,0.088,0.011,243.7,0.2,2.98,0,1.21,0
04/01/2026,8:34:00,2.255,0.231,241.05,9.35,0,0,1.31,36.27
04/01/2026,8:35:00,0.102,0.012,240.46,0.29,0,0,0.88,0.82
04/01/2026,8:36:00,1.37,0.203,236.95,5.74,6.8,0,1.82,14.2
04/01/2026,8:37:00,1.073,0.131,241.09,4.23,3.69,0,2.47,11.72
04/01/2026,8:38:00,1.011,0.162,237.95,4.19,0,0,8.43,8.42
04/01/2026,8:39:00,0.248,0.024,240.93,1.36,0,0,7.42,0
04/01/2026,8:40:00,2.047,0.362,240.15,8.42,0,0,0.66,33.45
04/01/2026,8:41:00,0.635,0.14,243.25,2.47,0,0,22.66,0
04/01/2026,8:42:00,2.701,0.256,238.27,11.21,0,0.63,8.37,36.03
04/01/2026,8:43:00,2.143,0.325,239.55,8.91,0,0,1.07,34.64
04/01/2026,8:44:00,3.988,0.717,242.39,16.81,0,0,0.8,65.66
04/01/2026,8:45:00,1.578,0.257,239.29,6.87,0,0,0.55,25.74
04/01/2026,8:46:00,2.279,0.281,239.94,9.47,0,0,7.9,30.09
04/01/2026,8:47:00,0.782,0.14,238.78,3.15,0,0,1.62,11.42
04/01/2026,8:48:00,0.635,0.035,239.51,2.3,0,0,0.45,10.13
04/01/2026,8:49:00,2.178,0.27,242.01,8.82,0,0,3.29,33.02
04/01/2026,8:50:00,1.8,0.282,245.51,6.94,0,0,7.4,22.61
04/01/2026,8:51:00,1.096,0.059,234.96,4.81,0,0,2.18,16.09
04/01/2026,8:52:00,0.944,0.143,236.2,4.27,0,16.64,3.95,0
04/01/2026,8:53:00,0.39,0.07,239.58,1.55,0,0.57,1.28,4.64
04/01/2026,8:54:00,1.075,0.217,240.15,4.55,0,0,3.36,14.55
04/01/2026,8:55:00,1.046,0.076,239.35,4.15,4.38,0,2.67,10.38
04/01/2026,8:56:00,3.835,0.951,238.34,15.7,4.98,0,3.41,55.51
04/01/2026,8:57:00,2.021,0.346,236.3,8.56,0,0,3.76,29.93
04/01/2026,8:58:00,1.585,0.194,238.17,6.73,0,3.3,0.58,22.52
04/01/2026,8:59:00,1.719,0.172,242.45,7.43,6.68,0,0.59,21.38
04/01/2026,9:00:00,4.446,0.732,240.28,18.91,0.41,0,1.81,71.87
04/01/2026,9:01:00,0.924,0.209,242.03,3.76,16.26,0,0.74,0
04/01/2026,9:02:00,0.79,0.122,236.39,3.52,0,0,1.75,11.42
04/01/2026,9:03:00,4.679,0.853,244.33,19.22,6.22,0,0.15,71.62
04/01/2026,9:04:00,2.588,0.315,238.31,10.86,0,0,2.59,40.54
04/01/2026,9:05:00,0.726,0.093,241.43,3,0,0,1.44,10.65
04/01/2026,9:06:00,4.767,0.511,239.62,19.86,0,0,13.36,66.09
04/01/2026,9:07:00,1.01,0.193,238.38,4.22,0,0,11.72,5.12
04/01/2026,9:08:00,1.011,0.123,241.3,4.52,0,0,2.14,14.71
04/01/2026,9:09:00,0.281,0.025,241.8,1.2,0,0,3.87,0.81
04/01/2026,9:10:00,0.391,0.048,248.06,1.92,1.07,0,18.71,0
04/01/2026,9:11:00,3.077,0.679,241.92,12.54,0,0,4.46,46.83
04/01/2026,9:12:00,1.238,0.245,241.87,4.55,6.42,10.78,11.32,0
04/01/2026,9:13:00,1.368,0.16,243.43,5.53,0,0,10.51,12.3
04/01/2026,9:14:00,3.834,0.887,241.6,15.7,0,0,17.01,46.9
04/01/2026,9:15:00,2.159,0.14,239.88,8.7,0,3.48,2.19,30.32
04/01/2026,9:16:00,0.395,0.024,240.98,1.9,0,0,0.27,6.32
04/01/2026,9:17:00,3.561,0.269,242.56,14.41,0.4,0,0.66,58.29
04/01/2026,9:18:00,3.18,0.233,244.17,13.14,0,0,5.08,47.91
04/01/2026,9:19:00,1.242,0.084,235.47,5.68,0,5.41,4.53,10.76
04/01/2026,9:20:00,0.311,0.057,234.33,1.1,2.32,0,2.13,0.74
04/01/2026,9:21:00,1.943,0.331,244.05,7.92,0,0,1.72,30.67
04/01/2026,9:22:00,0.498,0.089,237.61,2.36,0,0,7.41,0.88
04/01/2026,9:23:00,1.098,0.206,235.03,4.59,0,0,2.5,15.81
04/01/2026,9:24:00,1.176,0.237,234.74,5.08,0,0,5.56,14.05
04/01/2026,9:25:00,0.546,0.05,245.41,2.35,0,0.14,7.47,1.49
04/01/2026,9:26:00,3.968,0.692,242.63,16.39,0,0,3.38,62.76
04/01/2026,9:27:00,0.716,0.119,237.61,2.93,0,0,1.29,10.65
04/01/2026,9:28:00,3.779,0.902,237.74,15.74,0,0,11.83,51.15
04/01/2026,9:29:00,1.555,0.15,240.16,6.26,2.85,0.43,0.59,22.05
04/01/2026,9:30:00,0.262,0.016,242.58,1.2,2.33,0,10.61,0
04/01/2026,9:31:00,1.26,0.228,239.12,5.14,0,0,10.87,10.13
04/01/2026,9:32:00,3.929,0.778,237.64,16.77,0,0.06,5.08,60.34
04/01/2026,9:33:00,1.215,0.13,243.41,5.31,0,2.63,5.96,11.67
04/01/2026,9:34:00,0.682,0.112,239.92,2.61,0,0,2.66,8.71
04/01/2026,9:35:00,3.068,0.19,239.43,12.96,0,0,11.06,40.09
04/01/2026,9:36:00,0.602,0.146,241.78,2.9,1.48,0,1.84,6.72
04/01/2026,9:37:00,1.064,0.077,233.59,4.39,2.18,3.78,4.92,6.86
04/01/2026,9:38:00,1.336,0.085,241.42,5.77,0,3.72,0.01,18.53
04/01/2026,9:39:00,1.079,0.063,241.23,4.58,0,0,16.86,1.12
04/01/2026,9:40:00,1.492,0.202,235.86,6.52,0,0,17.77,7.09
04/01/2026,9:41:00,1.19,0.083,234.18,4.93,9.23,0,7.44,3.17
04/01/2026,9:42:00,0.532,0.106,238.31,2.61,9.8,0,3.3,0
04/01/2026,9:43:00,0.979,0.225,240.55,3.94,0,0,1.18,15.14
04/01/2026,9:44:00,2.175,0.222,240.85,9.16,0,0,4.07,32.17
04/01/2026,9:45:00,3.727,0.655,245.11,15.19,0,0,9.4,52.72
04/01/2026,9:46:00,0.355,0.021,240.55,1.58,0,0,5.58,0.34
04/01/2026,9:47:00,0.443,0.056,235.8,1.68,0,0,4.5,2.89
04/01/2026,9:48:00,2.457,0.267,239.25,10.03,0,0,11.36,29.59
04/01/2026,9:49:00,5.117,0.49,236.1,21.73,0,0,2.25,83.03
04/01/2026,9:50:00,0.777,0.139,239.46,3.17,0,0,11.8,1.16
04/01/2026,9:51:00,0.508,0.039,244.23,2,0,0,3.47,5
04/01/2026,9:52:00,3.44,0.764,241.38,14.36,0,0,0.01,57.32
04/01/2026,9:53:00,3.333,0.61,237.84,13.71,0,0,7.9,47.65
04/01/2026,9:54:00,0.063,0.012,241.78,0.5,0,0,12.61,0
04/01/2026,9:55:00,0.151,0.036,237.67,0.66,4.59,0,3.97,0
04/01/2026,9:56:00,0.43,0.103,231.71,2.01,0,0,3.64,3.53
04/01/2026,9:57:00,2.537,0.407,236.3,10.84,0,0,9.82,32.46
04/01/2026,9:58:00,1.364,0.203,241.38,5.77,0,0,12.97,9.76
04/01/2026,9:59:00,1.725,0.202,242.32,6.88,0,0,22,6.75
04/01/2026,10:00:00,4.258,0.822,245.15,17.6,0,0,2.54,68.43
04/01/2026,10:01:00,0.697,0.11,241.02,2.95,0,0,5.42,6.2
04/01/2026,10:02:00,1.89,0.447,244.04,7.65,3.12,0,10.39,17.99
04/01/2026,10:03:00,2.602,0.254,241.89,10.73,0,0,4.55,38.82
04/01/2026,10:04:00,0.887,0.099,242.81,3.73,4.07,0,3.72,7
04/01/2026,10:05:00,0.483,0.055,243.31,2.02,0,0,5.09,2.96
04/01/2026,10:06:00,3.287,0.694,241.46,13.73,0,0,2.65,52.13
04/01/2026,10:07:00,1.819,0.127,243.22,7.81,0,0,1.28,29.03
04/01/2026,10:08:00,0.249,0.035,237.9,0.84,1.73,0,0.41,2.02
04/01/2026,10:09:00,4.26,0.577,232.72,18.46,1.22,0.7,5.65,63.44
04/01/2026,10:10:00,2.048,0.132,241.95,8.44,6.31,0,2.86,24.96
04/01/2026,10:11:00,2.786,0.368,241.12,11.78,0,0,12.87,33.56
04/01/2026,10:12:00,1.56,0.238,237.37,6.9,0,4.95,1.51,19.54
04/01/2026,10:13:00,0.652,0.041,236.21,2.8,0,0,2.23,8.63
04/01/2026,10:14:00,1.674,0.254,240.39,7.09,0,0,21.14,6.76
04/01/2026,10:15:00,3.632,0.878,242.15,15.24,0,0,4.88,55.66
04/01/2026,10:16:00,1.072,0.263,241.56,4.64,0,0,2.55,15.31
04/01/2026,10:17:00,0.486,0.076,236.94,2.3,0,0,11.84,0
04/01/2026,10:18:00,8.101,1.24,237.61,34.03,0,0,8.16,126.86
04/01/2026,10:19:00,1.639,0.175,242.01,6.67,0,0,5.11,22.2
04/01/2026,10:20:00,1.656,0.413,240.22,6.67,0.7,0,13.19,13.71
04/01/2026,10:21:00,1.125,0.118,243.18,4.59,0,0,0.59,18.16
04/01/2026,10:22:00,1.871,0.263,239.03,7.81,0,1.16,3.01,27.02
04/01/2026,10:23:00,2.782,0.141,242.22,11.46,0,0,9.98,36.38
04/01/2026,10:24:00,2.327,0.279,239.88,9.8,0,0,2.93,35.86
04/01/2026,10:25:00,3.356,0.216,237.83,14.21,0,2.96,15.68,37.29
04/01/2026,10:26:00,1.671,0.332,242.78,6.87,1.75,3.39,0.99,21.72
04/01/2026,10:27:00,1.072,0.174,237.02,4.59,0,0,2.46,15.41
04/01/2026,10:28:00,3.406,0.56,240.22,14.34,0,0,3.33,53.43
04/01/2026,10:29:00,3.913,0.42,240.53,16.11,0,0.15,6.97,58.09
04/01/2026,10:30:00,1.055,0.225,239.64,4.59,0,0,1.3,16.27
04/01/2026,10:31:00,0.497,0.025,242.97,1.92,0,0,0.06,8.23
04/01/2026,10:32:00,1.386,0.162,241.72,6.02,0,0.17,22.51,0.43
04/01/2026,10:33:00,0.565,0.103,241.36,2.38,0,0,13.74,0
04/01/2026,10:34:00,1.256,0.291,240.21,5.24,0.11,0,2.14,18.67
04/01/2026,10:35:00,2.003,0.194,245.57,7.8,0,0,3.96,29.43
04/01/2026,10:36:00,0.479,0.076,244.39,2.09,0,0,4.03,3.96
04/01/2026,10:37:00,1.346,0.212,242.76,5.56,0,0,12.21,10.23
04/01/2026,10:38:00,1.444,0.325,242.27,5.99,0,0,5.45,18.61
04/01/2026,10:39:00,2.898,0.174,238.19,12.15,0,0,10.51,37.8
04/01/2026,10:40:00,4.035,0.544,239.85,16.95,6.83,0,14.58,45.84
04/01/2026,10:41:00,1.042,0.09,241.91,4.47,0.67,0,5.01,11.7
04/01/2026,10:42:00,5.902,0.321,243.15,24.37,0,0,2.02,96.36
04/01/2026,10:43:00,2.521,0.2,242.68,10.65,0,0,4.14,37.88
04/01/2026,10:44:00,0.956,0.234,241.74,3.81,0.07,0,11.42,4.44
04/01/2026,10:45:00,1.023,0.095,246,4.04,2.87,0,5.26,8.92
04/01/2026,10:46:00,0.926,0.219,239.59,3.94,0,3.97,13.56,0
04/01/2026,10:47:00,0.865,0.079,243.04,3.69,0,0,13.55,0.86
04/01/2026,10:48:00,3.602,0.851,242.67,14.95,0.02,0,2.8,57.22
04/01/2026,10:49:00,2.727,0.493,241.33,11.04,0,0,3.57,41.89
04/01/2026,10:50:00,1.124,0.082,241.44,4.42,0,0,6.8,11.94
04/01/2026,10:51:00,0.702,0.117,241.38,2.87,0,0,0.71,11
04/01/2026,10:52:00,3.284,0.373,237.88,13.45,5.48,3.33,3.76,42.16
04/01/2026,10:53:00,1.618,0.205,241.2,6.76,0,0,0.97,26
04/01/2026,10:54:00,0.395,0.055,242.24,1.62,0,0,11.3,0
04/01/2026,10:55:00,0.055,0.007,240.97,0.2,0,0,17.17,0
04/01/2026,10:56:00,1.16,0.212,234.47,4.84,2.98,0,0.92,15.45
04/01/2026,10:57:00,1.756,0.358,235.24,7.49,0,0,6.6,22.67
04/01/2026,10:58:00,2.127,0.246,237.55,8.65,8.66,0,6.07,20.71
04/01/2026,10:59:00,4.266,1.002,239.66,17.68,10.02,0,8.56,52.52
04/01/2026,11:00:00,0.208,0.049,237.71,0.82,0,0,7.14,0
04/01/2026,11:01:00,1.633,0.095,241.94,6.69,0,3.32,1.47,22.42
04/01/2026,11:02:00,1.355,0.072,243.58,5.51,0,0,2.07,20.52
04/01/2026,11:03:00,0.502,0.068,244,2.33,0.44,0,1.08,6.84
04/01/2026,11:04:00,2.976,0.5,241.01,12.54,0,0,15.24,34.36
04/01/2026,11:05:00,1.121,0.118,243.25,4.48,0,0,4.43,14.26
04/01/2026,11:06:00,1.341,0.137,238.31,5.42,0,0,22.42,0
04/01/2026,11:07:00,0.642,0.119,239.55,2.6,0,2.35,3.58,4.77
04/01/2026,11:08:00,1.59,0.271,236.5,6.97,0,24.73,4.83,0
04/01/2026,11:09:00,2.219,0.185,243.62,8.68,0,0,9.34,27.63
04/01/2026,11:10:00,1.575,0.357,245.9,6.42,0,0,9.57,16.68
04/01/2026,11:11:00,0.91,0.169,238.95,3.75,3.39,0,1.58,10.2
04/01/2026,11:12:00,2.372,0.291,233.49,10.4,0,0,2.04,37.49
04/01/2026,11:13:00,2.427,0.453,237.13,10.43,0,0,0.62,39.83
04/01/2026,11:14:00,2.169,0.157,238.05,8.82,1.4,0,9.82,24.92
04/01/2026,11:15:00,2.923,0.42,236.02,12.62,0,0,9.48,39.25
04/01/2026,11:16:00,0.932,0.078,236.91,3.47,0,0,0.51,15.02
04/01/2026,11:17:00,0.803,0.047,240.61,3.46,2.73,0,1.79,8.88
04/01/2026,11:18:00,0.673,0.079,241.98,2.92,20.79,1.47,3.59,0
04/01/2026,11:19:00,0.443,0.036,233.81,2.23,0,2.87,4.68,0
